material_id,composition,target
0,"{'Al': -1.4775684095589756, 'Cr': 1.4110321676018098, 'Mo': 0.06702918379108858}",5.680863421595176
1,"{'Al': -0.800609381614815, 'Cr': 0.4811985220973054, 'Mo': -1.1183236940700843}",0.7130266751062535
2,"{'Al': -0.3420504053347033, 'Cr': -0.37492246881420255, 'Mo': 1.1824353281811018}",0.45224257206331575
3,"{'Al': -1.0946022668184416, 'Cr': 0.6355074312438185, 'Mo': 0.35844816875883834}",1.280493132665081
4,"{'Al': -1.2086466578716322, 'Cr': 1.3266182227487304, 'Mo': 0.8383336187756054}",4.000856101921881
5,"{'Al': -0.9054013093196233, 'Cr': 0.31043221536454246, 'Mo': 1.3238992522941242}",-1.7574358216317223
6,"{'Al': 0.5204092916535332, 'Cr': -0.383888091778132, 'Mo': 1.091941751341388}",1.5777385428910118
7,"{'Al': 0.005964553788281313, 'Cr': -0.8732688566540591, 'Mo': -0.29933293136941375}",4.119802518363489
8,"{'Al': -0.38508696755608396, 'Cr': -0.3493719100825279, 'Mo': 0.8447604143961356}",0.4852675378890688
9,"{'Al': 0.4914702668018034, 'Cr': -0.7800916259180329, 'Mo': 0.7473371886496771}",3.670732099560214
10,"{'Al': 0.466454995455595, 'Cr': -0.1115062801765645, 'Mo': -1.1670381089191963}",1.024470833985586
11,"{'Al': -1.037094621937357, 'Cr': 1.123810880826996, 'Mo': -0.27103841514288307}",5.18563724506476
12,"{'Al': -1.2688724334883466, 'Cr': -1.186412146866132, 'Mo': 1.5681156235778069}",4.514193194938089
13,"{'Al': 0.2878100841825455, 'Cr': 0.7308282797363486, 'Mo': 1.1359055269480947}",3.9145563017484495
14,"{'Al': -1.3619714136828178, 'Cr': 0.9875154584358561, 'Mo': 0.5973775730553954}",2.9580251227479892
15,"{'Al': 1.5703337390174963, 'Cr': 0.35195537407993993, 'Mo': 0.12541597442879904}",1.9095739558288112
16,"{'Al': -0.059807773550444976, 'Cr': 1.0243983173773183, 'Mo': 1.250671309956446}",4.891345333133151
17,"{'Al': -0.36104465959612764, 'Cr': -0.6190850597242672, 'Mo': 0.5598957767454893}",2.1376684323315662
18,"{'Al': -0.45137076320991265, 'Cr': -0.09902091454580342, 'Mo': 1.5112396979456157}",-1.4294413629427134
19,"{'Al': 1.5531881603351496, 'Cr': 1.3043890987441236, 'Mo': -0.998093522071013}",5.975022402664352
20,"{'Al': -1.094572359191406, 'Cr': -1.503167781030129, 'Mo': -1.1574106076608899}",3.3385502016273527
21,"{'Al': 0.6386496377843698, 'Cr': -0.3423440833146987, 'Mo': 0.3159870678127168}",1.3037929779906337
22,"{'Al': -1.3328610272297057, 'Cr': -1.300384520272067, 'Mo': -0.4928348472432651}",4.587186800503395
23,"{'Al': 0.345540919164937, 'Cr': -0.8852969699019382, 'Mo': 0.2388146626886103}",4.446187091676056
24,"{'Al': 1.213544870523163, 'Cr': -0.5806868187359677, 'Mo': 1.4399361846091665}",3.9810314174005255
25,"{'Al': 0.29293076645480554, 'Cr': 0.9773059930985788, 'Mo': 0.011378113316718563}",5.103271276026373
26,"{'Al': 0.3819569027253815, 'Cr': -0.3479445895158073, 'Mo': -0.3361494953917885}",1.2438874514329454
27,"{'Al': 1.3244093931181036, 'Cr': 1.438834851897497, 'Mo': 0.0038880713645539355}",7.856485499466944
28,"{'Al': -0.7023717535314762, 'Cr': 0.36398586415012835, 'Mo': 1.1300093056705962}",-0.6189201282433054
29,"{'Al': 0.9212788698105019, 'Cr': 0.607177450498964, 'Mo': 0.8125313712604467}",3.7737893714546518
30,"{'Al': -1.2556348154811834, 'Cr': 0.28244906040330786, 'Mo': -1.3034109486494259}",-1.2775447720712005
31,"{'Al': 1.0330610500220323, 'Cr': 1.06762821472241, 'Mo': 0.18118885171198928}",6.459035607888547
32,"{'Al': -0.6627315743238545, 'Cr': 0.800666223130881, 'Mo': 0.4315816312684855}",2.709429070217641
33,"{'Al': -0.5019941693725749, 'Cr': 0.6023587941527913, 'Mo': 0.15487453846811294}",1.7088409601992467
34,"{'Al': -0.7198248281586781, 'Cr': -1.5497966705370858, 'Mo': 0.42223787150032943}",6.843543481819314
35,"{'Al': 0.3204541899266866, 'Cr': -0.44925463330675175, 'Mo': -0.508824808834555}",1.7352736483594609
36,"{'Al': 1.0273891590829027, 'Cr': 1.264281260823679, 'Mo': -0.8894737734428587}",6.237356248028004
37,"{'Al': -1.300441323012031, 'Cr': -1.011588592320236, 'Mo': 0.8307086115735993}",5.020252657369215
38,"{'Al': -1.4999691673599382, 'Cr': -0.5776117416077902, 'Mo': -1.1261369112824005}",-0.7488704383165212
39,"{'Al': 0.8304780240540794, 'Cr': -1.2935069725634993, 'Mo': 0.4458361227115262}",6.69084368559169
40,"{'Al': -0.5250293678214046, 'Cr': 0.833144800257763, 'Mo': 1.3604766412829985}",1.8134452708278967
41,"{'Al': -0.056899884949211055, 'Cr': -0.678569235704653, 'Mo': 0.4621962583337562}",2.7213915509836593
42,"{'Al': -0.47932206614311657, 'Cr': 1.2504891802643963, 'Mo': -1.1285598175424085}",6.21384407923812
43,"{'Al': 1.4339214081836604, 'Cr': 1.319467499116242, 'Mo': -0.8419208333412632}",6.160846054124238
44,"{'Al': -0.07835509931392837, 'Cr': -1.3301791098694853, 'Mo': 1.2819076660711484}",6.563058838537482
45,"{'Al': -1.030593058302255, 'Cr': -0.44194435981738267, 'Mo': -0.6830019553108129}",-0.0321654139265829
46,"{'Al': 0.16255195893827046, 'Cr': 0.9385947185977455, 'Mo': 0.2871911744027531}",4.770607011356383
47,"{'Al': 0.6712111901933069, 'Cr': -1.1304640887321071, 'Mo': -0.40828106337022474}",6.716417513881241
48,"{'Al': 0.9875360597748335, 'Cr': 0.7971478364338322, 'Mo': -1.0571188717880062}",4.010487512777416
49,"{'Al': 0.037586098129520185, 'Cr': -0.9416901175822388, 'Mo': -0.04875556498082889}",4.6159695519318324
50,"{'Al': -0.015383779847175427, 'Cr': -0.8530360511277777, 'Mo': -1.379291688059043}",3.9085544374180805
51,"{'Al': 1.5469390231707467, 'Cr': -0.6356923705590498, 'Mo': 1.0622463117972205}",2.9979199771627285
52,"{'Al': -1.4096105079313304, 'Cr': -0.9613519279567826, 'Mo': 1.4912523887860911}",3.3110760901021536
53,"{'Al': -0.6197768307157884, 'Cr': 1.507824257475629, 'Mo': -1.151199757369445}",7.01758766703214
54,"{'Al': 1.1130861683055833, 'Cr': 0.29294687556318366, 'Mo': 0.19660501932278773}",1.5571411572497038
55,"{'Al': 0.12393239122019217, 'Cr': 0.5989298890078869, 'Mo': 0.360882185710101}",2.382218792972699
56,"{'Al': 1.287834634602858, 'Cr': 1.121953901659479, 'Mo': 1.5350003235841134}",11.52533455618105
57,"{'Al': 0.46925926773913673, 'Cr': 0.5295460450543326, 'Mo': -0.26670011148785266}",2.1586581710329598
58,"{'Al': 0.41244174821390667, 'Cr': -1.3617394206058415, 'Mo': -1.5650674446382278}",9.210621340072214
59,"{'Al': -1.096405131992144, 'Cr': 0.5910914901382798, 'Mo': -0.05104401872154796}",1.32299292078116
60,"{'Al': 1.3334052032345678, 'Cr': -1.4517682504811167, 'Mo': -0.5412552258682766}",9.012347563631643
61,"{'Al': -1.1134286486803453, 'Cr': 0.14554061559412146, 'Mo': -1.3568815769353866}",-2.0295574412975252
62,"{'Al': 1.367110646935847, 'Cr': -0.2572287220378031, 'Mo': 0.054627282859030624}",1.4102505281276108
63,"{'Al': -1.0207572697980885, 'Cr': 0.43720342708715876, 'Mo': 1.1295107190092581}",-0.8583772419104094
64,"{'Al': -0.1688237506934891, 'Cr': 0.8255423292287554, 'Mo': 0.1446680001307612}",3.5882044506487905
65,"{'Al': -1.5034713109160884, 'Cr': 0.16708700917026964, 'Mo': -0.7908654944752725}",-0.7797670480401601
66,"{'Al': -1.5306858237413654, 'Cr': 0.6612640951252677, 'Mo': -0.9855248092764765}",2.233416260836795
67,"{'Al': -0.7353201312018383, 'Cr': -1.5190054225880187, 'Mo': 0.3140434912671053}",6.694174055351717
68,"{'Al': 0.10855065210399983, 'Cr': 0.559701122816282, 'Mo': 1.4207612090713182}",2.3999969646859234
69,"{'Al': 0.06016755996548406, 'Cr': -1.3439317357465987, 'Mo': -0.9081563149669518}",6.808582579281738
70,"{'Al': 0.524620248515415, 'Cr': -0.42844511626018633, 'Mo': -1.0721840807566763}",2.3216589168919324
71,"{'Al': 1.0561802988384708, 'Cr': -1.4418861113003474, 'Mo': 0.07495788300821249}",7.630183688875139
72,"{'Al': -0.2050038748981038, 'Cr': 1.4692934212176154, 'Mo': 1.3263193180756039}",5.987337090685246
73,"{'Al': -1.4113849330945334, 'Cr': -0.9859996840573343, 'Mo': -0.8066911607340983}",2.465715550404844
74,"{'Al': 1.3438001231606411, 'Cr': -1.228848902298617, 'Mo': 1.1149510494856174}",6.041630593902153
75,"{'Al': -0.300592351729446, 'Cr': 0.6823444689279321, 'Mo': -0.9883067734908356}",2.5840072626307364
76,"{'Al': 0.19902635739185026, 'Cr': 1.2180441115121448, 'Mo': -0.9409765335248779}",6.182073629149217
77,"{'Al': 0.4810766605198893, 'Cr': -0.9060990120770035, 'Mo': -1.5192448694271607}",6.750107374675176
78,"{'Al': -0.7289989302652962, 'Cr': -0.3110216991490322, 'Mo': -1.1940297956789458}",-0.9979289656827715
79,"{'Al': 0.3574306670818119, 'Cr': 0.4810503996331117, 'Mo': -0.40405445193518896}",1.7682692331003416
80,"{'Al': 0.3077188294910178, 'Cr': 0.6159008432460644, 'Mo': -0.9451927858817991}",2.5484225934395517
81,"{'Al': 0.9739938607542133, 'Cr': -0.301733477640856, 'Mo': 0.3568494256202235}",1.3272086864205384
82,"{'Al': -0.38265438216051795, 'Cr': 1.1852607741638232, 'Mo': 0.8787873825969506}",5.073524762635966
83,"{'Al': 1.3413231391662381, 'Cr': -0.2407289779129438, 'Mo': 1.3530329975615176}",2.5362426272500738
84,"{'Al': 1.3887024096802727, 'Cr': 0.9967065963073933, 'Mo': -0.26240921005644213}",5.521175008133108
85,"{'Al': -0.8009047141061401, 'Cr': 0.21248261364635557, 'Mo': 0.7765761100689477}",-0.6937456596946295
86,"{'Al': 0.7759903988920693, 'Cr': -0.8830102081472126, 'Mo': -0.49727259713088845}",5.298612231947897
87,"{'Al': 0.85678727579768, 'Cr': -1.436632964483322, 'Mo': 0.7986181956301461}",6.721320987389189
88,"{'Al': -1.5145358706323362, 'Cr': 0.08884541677578062, 'Mo': 0.5162038840998937}",-1.0566188494564999
89,"{'Al': 1.5338532567491394, 'Cr': -0.07674332311041643, 'Mo': -1.3657043726034344}",2.9466439156181172
90,"{'Al': 0.9811543783358796, 'Cr': -0.7221621033171312, 'Mo': 0.286437507690549}",3.6548971518822047
91,"{'Al': 0.9432203864427202, 'Cr': -1.0231150566982072, 'Mo': -0.7330289294762019}",6.825366883822867
92,"{'Al': -0.5072942931657924, 'Cr': -1.0369858309049553, 'Mo': 0.3284548886787231}",4.902404119487844
93,"{'Al': 1.3269833364997652, 'Cr': -0.7515254870635986, 'Mo': 1.1344539493167565}",3.8228079849550447
94,"{'Al': -1.2549216204956517, 'Cr': -0.4336133592101483, 'Mo': 1.406019453087859}",-0.7557112674084814
95,"{'Al': 0.8210619041182352, 'Cr': 1.1345195545772304, 'Mo': -0.5758175087860159}",5.913246104966127
96,"{'Al': 0.3046189470225831, 'Cr': -1.3564779733772976, 'Mo': 0.5758301365531091}",6.7294787849512145
97,"{'Al': 1.3734751679473889, 'Cr': -0.5578055407038207, 'Mo': -0.9823194169690979}",4.221668941641721
98,"{'Al': -1.4141983847717459, 'Cr': 0.6463910378105289, 'Mo': -1.0661799724056902}",1.9620109783585093
99,"{'Al': -0.6514666350002243, 'Cr': 1.2004840307178348, 'Mo': -0.34597155719688644}",5.783585813596547
100,"{'Al': -0.8401258987727178, 'Cr': -0.4336574574113039, 'Mo': -1.235519870994164}",-0.8846605749626464
101,"{'Al': 1.0963491593707726, 'Cr': -1.5382237187862058, 'Mo': -0.5103013828540277}",8.82706063636968
102,"{'Al': -0.06547556753712835, 'Cr': -0.1356583397714195, 'Mo': -1.2009826185238013}",-0.017989311502372186
103,"{'Al': 0.05835645639555054, 'Cr': 1.4242349228957316, 'Mo': 1.170450356635441}",7.069069113793003
104,"{'Al': 0.9233550254225058, 'Cr': 0.06868963944826878, 'Mo': 0.21600485972827577}",0.8479617066663778
105,"{'Al': 0.2938050265195402, 'Cr': 0.2640357100439259, 'Mo': 1.5260442290855476}",1.6848201510664318
106,"{'Al': -0.1426553069406027, 'Cr': 0.22581737614775554, 'Mo': -0.37098181106867867}",0.22221856651206517
107,"{'Al': 0.04218334296868176, 'Cr': -1.3838810357756726, 'Mo': 0.6165755779237614}",6.762662057132942
108,"{'Al': 1.2383243084013125, 'Cr': -1.287880585144551, 'Mo': -0.4633225017450744}",8.221462712836178
109,"{'Al': 0.9203372147240274, 'Cr': -0.9263457298207878, 'Mo': 0.8368506725455158}",4.658355072053965
110,"{'Al': 0.05939520801527021, 'Cr': 1.1296993216435665, 'Mo': -0.7704755130201085}",5.734196556679998
111,"{'Al': 1.2477279298678252, 'Cr': 0.8205940727830283, 'Mo': 1.1305383389262205}",6.717108482113836
112,"{'Al': 1.180717921220856, 'Cr': 0.8504833238038181, 'Mo': 1.5562993711627215}",9.204071832274249
113,"{'Al': 1.505095022782363, 'Cr': 0.16391867425477935, 'Mo': 0.4803832965626147}",1.3439330917916765
114,"{'Al': -0.1105789492506235, 'Cr': 1.0282042783507408, 'Mo': -0.40515179523877576}",5.076458302706703
115,"{'Al': -1.3502344002118052, 'Cr': -0.24080849362216883, 'Mo': -0.26357420337666193}",-0.6786400440383282
116,"{'Al': -1.0120222337366998, 'Cr': -1.4040348132907503, 'Mo': -1.3623688634875935}",2.5277752001586244
117,"{'Al': -1.4145239032213035, 'Cr': -1.4077343126501083, 'Mo': 0.9923950480624169}",7.350600550424872
118,"{'Al': 0.7392587028127751, 'Cr': 0.7572341539967735, 'Mo': -0.39628559203979585}",3.722135942781867
119,"{'Al': -0.6038361889406109, 'Cr': 1.28169630014379, 'Mo': -0.5926270846666526}",6.347354087868819
120,"{'Al': -1.2075739304561344, 'Cr': 0.5347965678620064, 'Mo': -0.9440558486995752}",1.1944297833480921
121,"{'Al': 1.2646152771261803, 'Cr': 0.9505406715145854, 'Mo': -0.004171450782602282}",5.582945431847236
122,"{'Al': 0.7804564765017039, 'Cr': 0.6220292563103698, 'Mo': 1.2475146820393794}",4.612289645722957
123,"{'Al': 0.7101562595250477, 'Cr': -0.7589282874871581, 'Mo': -0.31084044078279205}",4.169142166223888
124,"{'Al': -1.0017353453008875, 'Cr': 0.5747340318774619, 'Mo': 0.22770775367107698}",1.0704362130646032
125,"{'Al': -0.8828347943463765, 'Cr': 0.2289563822877574, 'Mo': -1.3773809462734288}",-1.492119596825026
126,"{'Al': -0.2605006262718661, 'Cr': -0.6976342212818714, 'Mo': -1.1668631947456611}",2.147940584938419
127,"{'Al': 1.0957857155488195, 'Cr': -0.799581669662283, 'Mo': -1.035544381666928}",6.003343238448386
128,"{'Al': 0.24626344547863943, 'Cr': 1.2608091831041337, 'Mo': -1.4612309835974928}",6.664975502934381
129,"{'Al': 0.5484094440789584, 'Cr': -0.7040888466222917, 'Mo': 0.17519048438789397}",3.373232865631712
130,"{'Al': 0.19296666937908524, 'Cr': 1.2849085909452906, 'Mo': -0.9597521938447424}",6.449949580113499
131,"{'Al': 0.1689242129257993, 'Cr': 0.7883085059203792, 'Mo': -1.3696244228692858}",3.779374493203062
132,"{'Al': -0.5807759131302102, 'Cr': 0.4927390842603385, 'Mo': -0.16480963017495442}",1.074976896985951
133,"{'Al': 1.37183921288849, 'Cr': -0.8087869721716362, 'Mo': 1.287331243323686}",4.494436063184033
134,"{'Al': -1.4827136678886619, 'Cr': 0.43794223662803233, 'Mo': -1.2334156926673163}",-0.041562242870817445
135,"{'Al': 0.09070956521155948, 'Cr': -0.24942323475855344, 'Mo': 1.1015149754571274}",0.5542773510525538
136,"{'Al': 1.1870798679307057, 'Cr': 1.4795578652126986, 'Mo': 1.1233726255701413}",10.615697362322287
137,"{'Al': 0.7507792812222185, 'Cr': -0.7755458188316967, 'Mo': 1.3770833786023422}",4.459016031736957
138,"{'Al': 0.7833828336027548, 'Cr': -0.7729469311917481, 'Mo': 0.7481694885467101}",3.7032753929374103
139,"{'Al': -0.45760310427430184, 'Cr': 0.1186367888417017, 'Mo': -1.0138386638157373}",-0.5118419842352386
140,"{'Al': 1.4931454804300777, 'Cr': -0.9647038385153484, 'Mo': -0.008829664631614387}",5.7393042801099625
141,"{'Al': 1.5593507979996448, 'Cr': -0.826651800506885, 'Mo': -0.3566165456759174}",5.297320024385755
142,"{'Al': -0.6832631309786021, 'Cr': -0.09983717044962637, 'Mo': 1.0615449094553857}",-0.8780110531595027
143,"{'Al': -0.7979684392238168, 'Cr': -0.4948246359410118, 'Mo': 1.2583645466111588}",0.5249128928529596
144,"{'Al': 0.8993937129574121, 'Cr': 1.3745384878359732, 'Mo': 1.1407190536950154}",9.668668878738105
145,"{'Al': 0.4021727179365069, 'Cr': 1.2411753557067353, 'Mo': 0.3732658844238512}",6.877330591708303
146,"{'Al': 0.058830170422946804, 'Cr': 0.8793970878500468, 'Mo': 0.2437420771974903}",4.228242952403169
147,"{'Al': -0.3016928871104283, 'Cr': -1.0472470904520093, 'Mo': 0.361603534944158}",5.0857399187936565
148,"{'Al': -0.4613531342491326, 'Cr': -0.0980503630791203, 'Mo': 0.401442300972614}",-0.36152015228171963
149,"{'Al': 0.4904661705995532, 'Cr': 0.12347767226659534, 'Mo': 0.7014960995096962}",0.6857259060584902
150,"{'Al': 0.30369453473793495, 'Cr': 0.6709043207478045, 'Mo': 1.3238027116272617}",3.769831331241625
151,"{'Al': -0.07088153278511977, 'Cr': -0.4156066490214725, 'Mo': -0.6698838759769759}",1.0390872867300658
152,"{'Al': 0.22127280001585525, 'Cr': 1.410568976118022, 'Mo': 1.4695965554231978}",8.033000380733998
153,"{'Al': -1.2304206656596672, 'Cr': -1.0925801274582492, 'Mo': 1.5556533106239376}",3.9185827064079453
154,"{'Al': -1.5070151147733146, 'Cr': -1.3409749281983747, 'Mo': -0.9039462671227971}",3.4488441102782055
155,"{'Al': -0.6517952959157083, 'Cr': 0.08335955845581822, 'Mo': -0.9317463310194867}",-0.7267590656528913
156,"{'Al': -0.48222152561567366, 'Cr': -1.408368609445005, 'Mo': -0.45562162170214826}",5.994063608614927
157,"{'Al': 1.3302275092834681, 'Cr': 0.5644465000348413, 'Mo': -0.2391897149730713}",2.770920596066744
158,"{'Al': -0.7191732320908154, 'Cr': 0.637433010919747, 'Mo': 1.3474171644935145}",0.046919358150477763
159,"{'Al': 0.0735140034865347, 'Cr': -0.012987269463564433, 'Mo': -1.5534353646481}",0.29015716061298336
160,"{'Al': -1.4973569217023526, 'Cr': 0.6251686178062426, 'Mo': -1.2047905621518717}",1.5356108220500435
161,"{'Al': 0.46171257280106204, 'Cr': 0.157997985097317, 'Mo': -1.3274681362093779}",1.1991998427761703
162,"{'Al': 1.3721451350301335, 'Cr': -0.18079622802307238, 'Mo': -1.1834832223448815}",2.4872651052406
163,"{'Al': -1.0171916498561782, 'Cr': 1.434893608915012, 'Mo': -1.0110467513423134}",7.1268352830134205
164,"{'Al': -1.3295068131680305, 'Cr': -0.7146495725263968, 'Mo': 0.33549483927628243}",2.3894666557217996
165,"{'Al': -0.2825569877253511, 'Cr': 0.45441434582808915, 'Mo': -0.7229466225627883}",1.1439342064063382
166,"{'Al': 0.35746831670618184, 'Cr': 0.40490750726910907, 'Mo': -1.009100227095282}",1.4447888912297244
167,"{'Al': -1.5316202678083322, 'Cr': 0.4036317115328114, 'Mo': 0.09561442376740237}",0.01415706551896316
168,"{'Al': 0.29546499016769934, 'Cr': 0.8054840038037518, 'Mo': -0.7611112059752878}",3.7663152933766413
169,"{'Al': 0.5276008927140468, 'Cr': -1.0615055262193778, 'Mo': -0.8845677494903439}",6.558505998019129
170,"{'Al': -0.6535795170550527, 'Cr': -0.15156517258108448, 'Mo': -0.19539953496317475}",-0.47260533630422685
171,"{'Al': 0.13076265220535288, 'Cr': -1.2995806747602558, 'Mo': -1.4776512469108924}",7.204997526582997
172,"{'Al': 1.4295851500599674, 'Cr': 0.7076478507134176, 'Mo': -1.2699923554775836}",3.8885780569152546
173,"{'Al': -1.0569462879529947, 'Cr': 1.5705301179330395, 'Mo': 0.3002724194233468}",5.592394054336676
174,"{'Al': -1.404726058161867, 'Cr': 0.7833702658212593, 'Mo': -0.273992996685412}",2.833584561028016
175,"{'Al': -1.1513996100161281, 'Cr': -0.19955426645924668, 'Mo': -1.5308213472572043}",-3.5218204572143925
176,"{'Al': -1.0503091687499173, 'Cr': 0.46320803821494927, 'Mo': -1.3515550118385444}",-0.19769742606453466
177,"{'Al': 0.6995942539352678, 'Cr': -1.2354544148883395, 'Mo': 0.10147659909958029}",6.785162873389423
178,"{'Al': -0.6892836803827865, 'Cr': -1.4518593535091893, 'Mo': 0.13843780300571806}",6.420464035151478
179,"{'Al': -0.49634151250517333, 'Cr': 0.5193259957975673, 'Mo': 0.17394385240487353}",1.1929507159775292
180,"{'Al': 1.02590680662728, 'Cr': -1.3564665066677357, 'Mo': -1.272956234083204}",10.491367565542133
181,"{'Al': -1.2009943737093653, 'Cr': -0.34403599829707043, 'Mo': 0.9028137083035395}",-0.023840758126289552
182,"{'Al': 0.00683611907270687, 'Cr': 0.4113248972385599, 'Mo': -1.270341036183915}",1.1306109949858913
183,"{'Al': 0.9052579931610669, 'Cr': 0.9767552767268817, 'Mo': -1.3448478516287041}",5.602002742179073
184,"{'Al': -1.243028739290152, 'Cr': -1.2119350303792156, 'Mo': -0.5469069469538956}",4.251848188624879
185,"{'Al': -0.21421826423563828, 'Cr': 0.5420817698916438, 'Mo': -0.5853166062978267}",1.7207320049516281
186,"{'Al': 0.9390757988829539, 'Cr': 0.15511438493673846, 'Mo': -1.0046373300888378}",1.2163455268889531
187,"{'Al': -0.5258260140168924, 'Cr': -1.2094637216314075, 'Mo': 1.067310372345852}",6.049200324645883
188,"{'Al': -0.8231370058117777, 'Cr': 1.1308877996866697, 'Mo': -0.028119959415002116}",5.027375287277367
189,"{'Al': -0.7994768136861041, 'Cr': 0.26666782874856954, 'Mo': 0.670638545524533}",-0.473665209360848
190,"{'Al': -0.5802692561923032, 'Cr': -1.1966066835664397, 'Mo': -1.3899372289111847}",3.4615680902153123
191,"{'Al': -0.9160081866527408, 'Cr': 0.9703438740606982, 'Mo': -1.3114696699095458}",4.056240343536446
192,"{'Al': -1.3800316231431793, 'Cr': -0.9325201076976145, 'Mo': 0.24323249476688003}",3.8786389952276097
193,"{'Al': -1.3457737754408954, 'Cr': 0.06773427861506076, 'Mo': -0.01970108051629338}",-0.9406439277745995
194,"{'Al': -1.0416893299510672, 'Cr': -1.4664892767647681, 'Mo': -0.8155338425651202}",4.5492040597048815
195,"{'Al': 0.6606114921085777, 'Cr': 0.9741251507539346, 'Mo': -1.5352041835810428}",6.0536363942015505
196,"{'Al': -0.21743053078843722, 'Cr': 0.9720768120177903, 'Mo': 1.148693826490613}",4.097728967334216
197,"{'Al': 0.37472440675270735, 'Cr': 0.8611847080839823, 'Mo': 0.4013159019484862}",4.554206434642313
198,"{'Al': -1.0274061148263778, 'Cr': 0.6145523240092241, 'Mo': -0.8046660885262108}",1.8738214360082694
199,"{'Al': -1.167288143346679, 'Cr': 1.3279629675677724, 'Mo': 0.012834799509218398}",5.653791202512168
200,"{'Al': -0.5495178733907968, 'Cr': 0.589954446468036, 'Mo': 0.7539656053445705}",1.2694486245394228
201,"{'Al': 0.9676324168606687, 'Cr': -0.8315680999225411, 'Mo': 0.9948127622600818}",4.153096338511283
202,"{'Al': -0.7366881978251253, 'Cr': 1.170164103734657, 'Mo': -0.5509955518989422}",5.773435464296149
203,"{'Al': 0.348016937747754, 'Cr': 0.35328253431659173, 'Mo': -1.0884838780901829}",1.2607861884383647
204,"{'Al': 1.370583564700996, 'Cr': 1.311907711188406, 'Mo': 0.03561482504175428}",7.58998589051796
205,"{'Al': 0.7598667498865059, 'Cr': -0.6273288001722394, 'Mo': -0.33556527285159765}",3.2961347186741854
206,"{'Al': -1.3395311322491978, 'Cr': -1.1762807935129476, 'Mo': 1.2929875216273485}",5.707027193999888
207,"{'Al': 0.14643479314546926, 'Cr': 0.42866574204464536, 'Mo': 1.5440411851097648}",1.8785130752834676
208,"{'Al': -1.152695114349732, 'Cr': 1.2763483200712842, 'Mo': 1.3624883542692103}",1.877408882494417
209,"{'Al': -0.5811399733164995, 'Cr': -1.3792588300610213, 'Mo': -0.03371291184880354}",6.166616031086875
210,"{'Al': 1.2533683552720247, 'Cr': -0.9371892321943837, 'Mo': 1.1720179822158454}",4.927811517658997
211,"{'Al': 0.056627959796579974, 'Cr': 0.0014707571092344995, 'Mo': 1.0218721360652943}",0.08757173693791163
212,"{'Al': -0.762605834309426, 'Cr': 1.4163636019374417, 'Mo': 1.239751302758688}",3.921444162757231
213,"{'Al': -1.0533989112703264, 'Cr': 1.1779654144884169, 'Mo': 1.2896765998392836}",2.2244623224093747
214,"{'Al': 0.6420927510700918, 'Cr': -0.3219559545957942, 'Mo': -0.5063806114912486}",1.4461215172195832
215,"{'Al': 0.15678905399490017, 'Cr': -0.869199079458766, 'Mo': -0.8515968447915814}",4.417271937239622
216,"{'Al': -1.4958510458395742, 'Cr': 0.7378206315541824, 'Mo': 1.4899306146788902}",-1.9494469096957578
217,"{'Al': 0.9214514440711832, 'Cr': 0.4279157837596703, 'Mo': 0.6836884805548764}",2.4053806249767558
218,"{'Al': 0.6544823349057669, 'Cr': -1.178854290894182, 'Mo': 1.5428594425169369}",7.066385331246368
219,"{'Al': -1.2260260413139084, 'Cr': 1.0170023925430232, 'Mo': -0.586456388019802}",4.876703880529055
220,"{'Al': -0.6628763843143674, 'Cr': -0.8650399333354083, 'Mo': 1.539377272793518}",2.6611280257515064
221,"{'Al': 1.3940699572319075, 'Cr': 0.7037217796982675, 'Mo': -1.4290352295247621}",4.518214488835113
222,"{'Al': 1.5640863348976195, 'Cr': 1.2962187658601856, 'Mo': 1.2531564552180723}",11.213042031213353
223,"{'Al': 0.9405426103581607, 'Cr': -0.2992769779174882, 'Mo': 0.7531373856493677}",1.297896958319016
224,"{'Al': -0.9538177759166451, 'Cr': 1.5645126335882886, 'Mo': 0.4855775424206259}",5.383535376741714
225,"{'Al': -1.087777855084061, 'Cr': 1.1924054764930636, 'Mo': 0.8818613661623034}",3.6512204992313717
226,"{'Al': -0.6957332750932044, 'Cr': 0.47154030148535364, 'Mo': -0.2916404651026079}",0.9168973885517586
227,"{'Al': 0.9984941312280164, 'Cr': 0.21265745450426654, 'Mo': 0.13975590186199383}",1.1881122963308364
228,"{'Al': 0.3808744389881846, 'Cr': 1.226482668623444, 'Mo': 0.6999433019351824}",6.9922828500313505
229,"{'Al': 0.9068685777235554, 'Cr': 0.6676927709930514, 'Mo': 0.8653331169507279}",4.293888920874581
230,"{'Al': 1.3419198933893695, 'Cr': 0.1655961451943433, 'Mo': 1.3117929338031815}",2.919689870134791
231,"{'Al': -0.6479154848722716, 'Cr': -0.8250685109010155, 'Mo': 1.4785717743568303}",2.5915302518069216
232,"{'Al': 0.024941202923253636, 'Cr': 1.5160976080418758, 'Mo': -1.0909279897565156}",6.97719729965839
233,"{'Al': 0.4400381975885841, 'Cr': -1.5463684862613467, 'Mo': 1.1338984747201213}",6.9552507541350925
234,"{'Al': 0.41205633802579844, 'Cr': 0.5371931899669424, 'Mo': 0.5619204558909914}",2.4040406101083183
235,"{'Al': -0.5240265982667451, 'Cr': -0.7855425663740033, 'Mo': 0.24117279952680315}",3.11905633562124
236,"{'Al': 0.14764447394193958, 'Cr': 0.9592522851070333, 'Mo': 1.203425702064934}",5.186636499499818
237,"{'Al': -0.36019909782042925, 'Cr': -0.17515838889304147, 'Mo': 1.2716424684065828}",-0.5076731864200134
238,"{'Al': -1.3355012989845032, 'Cr': 0.2186845296013611, 'Mo': 1.335713981494111}",-2.6091743565341003
239,"{'Al': 0.3384505737049115, 'Cr': -0.06074548656508627, 'Mo': -0.23048124088146937}",0.3641737853110506
240,"{'Al': -0.40525357655798433, 'Cr': 0.7644054664847997, 'Mo': 1.2462310888110002}",2.0453495307230902
241,"{'Al': -0.9714291708451684, 'Cr': -0.5622162727779665, 'Mo': 0.641938244599678}",1.5018804230159255
242,"{'Al': -0.17668123132040203, 'Cr': -0.5857057117709383, 'Mo': 0.23243703168100804}",1.9925326021109042
243,"{'Al': -0.9854063269222638, 'Cr': -1.0821712483550392, 'Mo': -0.13022191774157066}",4.4654294384030475
244,"{'Al': -0.8472890278625481, 'Cr': -0.6320248936862268, 'Mo': -1.370475932688708}",-0.4368283711797116
245,"{'Al': -0.24708517562366117, 'Cr': 0.7947419216664335, 'Mo': -0.13397427697673758}",3.3527059422559855
246,"{'Al': -1.0594443374496392, 'Cr': 0.826719539799659, 'Mo': -1.476730417270637}",2.2093521282718083
247,"{'Al': -0.5874882750120822, 'Cr': 0.08955659944331384, 'Mo': 1.272357815889793}",-1.3016058169335318
248,"{'Al': 1.1374656723746583, 'Cr': 1.0328700034744074, 'Mo': 0.3832254063572962}",6.586248385655986
249,"{'Al': 1.261914616124871, 'Cr': -0.20933505772136196, 'Mo': 0.5672593825254428}",1.131815794132672
250,"{'Al': -0.11766476326834296, 'Cr': 0.32051929530331047, 'Mo': -0.2993903241475324}",0.5909652787860787
251,"{'Al': 0.6414721829910364, 'Cr': 0.25615057814738607, 'Mo': 0.3794286280995183}",1.129846337651028
252,"{'Al': 1.4619046577195136, 'Cr': 0.5426848257471284, 'Mo': 0.6566837941673871}",3.5304530754586043
253,"{'Al': -0.7863616983497547, 'Cr': -0.4263374539477849, 'Mo': 1.4728682806097861}",-0.6317271116113086
254,"{'Al': 0.6052147945855824, 'Cr': -0.8668736912551988, 'Mo': -0.932846000267766}",5.415007650533439
255,"{'Al': -1.412070750940959, 'Cr': 1.096183846873115, 'Mo': 1.0943991897740029}",2.0834328748776287
256,"{'Al': 0.11943869512900163, 'Cr': 0.24362345613602243, 'Mo': -0.9551340851235707}",0.5427178386950793
257,"{'Al': -1.5548971590633949, 'Cr': 1.0692188013777697, 'Mo': -1.443759847008243}",4.571388865910918
258,"{'Al': 1.0437473144821956, 'Cr': -1.363728595904464, 'Mo': 0.403323365577561}",6.95056380471516
259,"{'Al': 1.258644951743181, 'Cr': -0.013021484347880863, 'Mo': 0.9398062578429491}",1.306713291789728
260,"{'Al': 0.3087522443881112, 'Cr': 0.4727640646373299, 'Mo': 0.2904360531935124}",1.808458155502976
261,"{'Al': 1.092360865476874, 'Cr': 0.29952051871047436, 'Mo': 0.5527996731324647}",1.7500872555906433
262,"{'Al': -0.9944969635613884, 'Cr': 0.9298892213390682, 'Mo': -1.5152791919681023}",2.918500227681282
263,"{'Al': 1.1249190516179377, 'Cr': 0.20643651925166018, 'Mo': 0.02221602685589885}",1.202434642086935
264,"{'Al': 1.4735106343968503, 'Cr': -1.2333560833299917, 'Mo': 0.0996779771219205}",7.034476116668451
265,"{'Al': -1.241956827789852, 'Cr': 0.786349365596327, 'Mo': 0.37870791792009206}",2.1309307732009484
266,"{'Al': -0.5587218075377969, 'Cr': -1.2279242355657725, 'Mo': -0.012875971556530974}",5.66848806037248
267,"{'Al': -0.6740339107543564, 'Cr': 1.2875363323185365, 'Mo': 0.3828470598835272}",5.4447500434193365
268,"{'Al': -0.6755588705821012, 'Cr': 0.8175755637240849, 'Mo': 0.4484752060854018}",2.7941905037094386
269,"{'Al': -0.8279509532738859, 'Cr': -0.12718360369042414, 'Mo': -1.3828077942393162}",-2.133454472443699
270,"{'Al': 0.30207111316524715, 'Cr': -1.4977119041382212, 'Mo': 0.10255740054044171}",7.207687663483753
271,"{'Al': -0.06741943356856894, 'Cr': -0.8269237578504175, 'Mo': -0.04300798793625016}",3.7200649155124546
272,"{'Al': -0.4314445117160197, 'Cr': -1.2430841566972721, 'Mo': 1.118593591883716}",6.1905511237949575
273,"{'Al': -0.4809734234372134, 'Cr': -0.08186360851047092, 'Mo': -1.5433608930181477}",-1.7962578213377889
274,"{'Al': 1.1202311106264173, 'Cr': -0.6418147068530677, 'Mo': -0.7989275994869013}",4.244014985861725
275,"{'Al': 0.213389054167898, 'Cr': 0.8889340239368155, 'Mo': 0.701777095706511}",4.614430759174628
276,"{'Al': 1.3727349104071895, 'Cr': -1.5648739916842545, 'Mo': -0.06483112126818469}",8.125016122421272
277,"{'Al': 0.751197450521373, 'Cr': 0.4886467395928831, 'Mo': 1.0949020588763574}",3.177394229921563
278,"{'Al': -1.2896649216409237, 'Cr': -1.0209268629154433, 'Mo': 1.3578230560753006}",4.338880518610304
279,"{'Al': -1.131138541531944, 'Cr': -0.795571999872581, 'Mo': 1.2665557671853303}",2.730534590680681
280,"{'Al': -0.22644010048322127, 'Cr': 0.3622010272506022, 'Mo': -1.204314429079168}",0.5334769969432905
281,"{'Al': -0.6012154784589492, 'Cr': 0.3711796902743967, 'Mo': -0.8599631923276719}",0.42837263125206143
282,"{'Al': 0.9259541471126762, 'Cr': 0.24386469840428315, 'Mo': 1.000256559001163}",1.8677988918884476
283,"{'Al': 0.7186330675908312, 'Cr': 0.21708065467193727, 'Mo': -1.282862753811658}",1.6467193834807643
284,"{'Al': 1.0410051137476177, 'Cr': -0.5946314300978413, 'Mo': 0.8187815447166762}",2.6736977893927465
285,"{'Al': 0.3817312040819463, 'Cr': -0.9528413453805016, 'Mo': -0.9414504228239268}",5.563745854049764
286,"{'Al': 0.6184534795376719, 'Cr': -1.1642504241201959, 'Mo': 0.9741225287403315}",5.9631048427776046
287,"{'Al': -0.7105507405208253, 'Cr': 1.179290641054536, 'Mo': 1.4469820228653623}",2.618350894629911
288,"{'Al': 0.38402422956840754, 'Cr': 1.518386422982747, 'Mo': -0.22619402778474296}",7.20768921200348
289,"{'Al': 1.234317489632819, 'Cr': 1.1065023696132683, 'Mo': 1.4713098915502183}",10.792666805897737
290,"{'Al': 0.7708788437861127, 'Cr': -1.4114418361680365, 'Mo': -0.7082597469081187}",8.453766588262958
291,"{'Al': -0.050149870500004745, 'Cr': -1.3673013330840227, 'Mo': -0.05355420376312625}",6.659738629867136
292,"{'Al': 1.043412312956681, 'Cr': 0.9509665711777253, 'Mo': -1.082241027729832}",4.919644543162066
293,"{'Al': -0.912459338358772, 'Cr': -1.5007463778538421, 'Mo': 1.0339290063333588}",7.207564252405854
294,"{'Al': 0.35256773437906164, 'Cr': -0.4000149584753807, 'Mo': 0.3654053609842891}",1.346684039743227
295,"{'Al': 0.3582137548391091, 'Cr': 0.7414119460123705, 'Mo': -1.4865119615628233}",3.9623338582096976
296,"{'Al': -1.3267777555245774, 'Cr': 1.334982218029964, 'Mo': -1.1348970334980666}",6.8914432742967735
297,"{'Al': -0.164380940578986, 'Cr': 1.3640628220425244, 'Mo': 1.202371541344518}",6.077694977986105
298,"{'Al': 1.3766449239616376, 'Cr': -0.34956223833353084, 'Mo': 1.1899335461156944}",2.1667726666094187
299,"{'Al': 0.9234512812688389, 'Cr': 1.1371733555597276, 'Mo': 0.536047907126258}",7.230117025974127
300,"{'Al': -0.7979887778096546, 'Cr': 0.170094599575368, 'Mo': 0.2070353877339055}",-0.5501317991032867
301,"{'Al': 0.8878737880717562, 'Cr': 0.7740912681194789, 'Mo': 0.6407558558541253}",4.772515105035649
302,"{'Al': 0.7452799164206647, 'Cr': 0.059797955306350126, 'Mo': -1.2985149533601152}",1.6014287057889933
303,"{'Al': -1.0230669601267608, 'Cr': -0.8754974613590916, 'Mo': -0.7652545103353705}",2.352447837441755
304,"{'Al': -1.5423511263564977, 'Cr': -0.21634436873442686, 'Mo': 0.3277253025849107}",-0.5600562715321892
305,"{'Al': 0.15224814471590875, 'Cr': 1.548849612067138, 'Mo': 1.2879900614013904}",7.6762808136051035
306,"{'Al': -1.0280286810819577, 'Cr': -1.33154249531655, 'Mo': 0.2324729677189541}",6.101564305841139
307,"{'Al': 1.399569421064168, 'Cr': -1.0260287142863134, 'Mo': 0.5025172607586659}",5.3510247378337095
308,"{'Al': -1.498354478498749, 'Cr': 0.6070129353749882, 'Mo': -0.5233782323440948}",1.7694131528473491
309,"{'Al': -1.3043628479547742, 'Cr': -1.1819884865392885, 'Mo': -1.4855009106826969}",0.39337018289041703
310,"{'Al': 0.03180908852362707, 'Cr': 0.7669811614728417, 'Mo': 1.4393167705652763}",3.5103812769835026
311,"{'Al': 0.9247429553599629, 'Cr': 0.035019705885202645, 'Mo': -0.8712961234107317}",1.0041737502443913
312,"{'Al': 1.252908300282149, 'Cr': 0.07484749797291945, 'Mo': 0.6236087754829778}",1.1281608644774612
313,"{'Al': -1.5186802364974892, 'Cr': -1.1222262934562879, 'Mo': 0.7043701233915631}",5.825605541783887
314,"{'Al': 0.2511974000806827, 'Cr': 1.2628888007429913, 'Mo': -1.1358058957493564}",6.4147212430875005
315,"{'Al': 0.8994380650072586, 'Cr': 0.6171465958091562, 'Mo': -1.0663620279574175}",2.962501131121978
316,"{'Al': -0.5143698427177794, 'Cr': -1.3362924295334098, 'Mo': 0.059257790458085324}",6.176754291658799
317,"{'Al': 0.475599037383466, 'Cr': 0.12149838518690559, 'Mo': -0.7399089501932022}",0.5776021921650043
318,"{'Al': 1.1071925167441163, 'Cr': -1.5697393607387338, 'Mo': -0.07056496065829876}",8.025520085399215
319,"{'Al': 0.6340007643225931, 'Cr': 1.3624038551147657, 'Mo': 0.2271815433421822}",7.5160411706727155
320,"{'Al': 0.9761174178317611, 'Cr': 1.0358354728375878, 'Mo': -0.9987552567411571}",5.30941391600473
321,"{'Al': -0.6075762173905381, 'Cr': -0.6655741330264364, 'Mo': 1.273018994607479}",1.9295660845972487
322,"{'Al': 0.9751378107969231, 'Cr': -1.1846841141519984, 'Mo': -1.2551328627147078}",9.398001081362624
323,"{'Al': -1.0304211434222283, 'Cr': -0.6762193752812139, 'Mo': -1.0306826626228447}",0.5949717252513703
324,"{'Al': -1.35122833113537, 'Cr': 0.6100188720328199, 'Mo': -0.8810758238012311}",1.828126389594304
325,"{'Al': 0.7126227540688426, 'Cr': 0.09486465530385879, 'Mo': -1.359970385269238}",1.7309011215209862
326,"{'Al': -1.0021132155866006, 'Cr': -0.0696902559734125, 'Mo': 0.9431410039548975}",-1.0659984052151805
327,"{'Al': 0.21501588564734408, 'Cr': -1.3715961602752786, 'Mo': -0.4077881668643988}",7.079796203759097
328,"{'Al': 0.06122688886888272, 'Cr': 0.04751138906594732, 'Mo': 0.47153751541191236}",0.08018896442113818
329,"{'Al': 0.2679299854322341, 'Cr': -0.8529456490541055, 'Mo': -1.3341473211280113}",4.997331791302907
330,"{'Al': 0.02343510964459905, 'Cr': 1.0421364311595314, 'Mo': -1.4385994760281093}",5.254414618625279
331,"{'Al': -0.3425532717174953, 'Cr': -0.14653977955551678, 'Mo': 0.7349408384389164}",-0.19082261865691913
332,"{'Al': -0.9991342087420826, 'Cr': 1.3118596329365975, 'Mo': -0.5193007182128655}",6.41959561118805
333,"{'Al': 0.45434880003393285, 'Cr': -0.3218010854476223, 'Mo': -0.10654324689205685}",1.1583305599974143
334,"{'Al': 1.488506311653155, 'Cr': -0.25454043065683507, 'Mo': -1.5424092786248575}",4.8600505876762865
335,"{'Al': 0.8302729822556598, 'Cr': -0.6244732067775662, 'Mo': 1.1072088263802975}",3.0342522627651296
336,"{'Al': -0.9473348888976693, 'Cr': 1.3101508065047547, 'Mo': 1.4074321958263392}",2.3323046403867975
337,"{'Al': 0.004655006969943809, 'Cr': 0.9821589810624056, 'Mo': -1.3323046263697726}",4.847256919218143
338,"{'Al': 0.7358045430667604, 'Cr': -0.4761587217314087, 'Mo': -1.030593855265602}",2.9384703439560584
339,"{'Al': 0.7199282313625157, 'Cr': 1.0726804149070772, 'Mo': 0.6446536084203949}",6.688578872709912
340,"{'Al': -0.2806468782557412, 'Cr': 0.049025381451808236, 'Mo': -0.4098011538392874}",-0.2570969895692965
341,"{'Al': 0.555613303362072, 'Cr': -0.7761469951896763, 'Mo': -1.0932836551140186}",4.878949280774486
342,"{'Al': -0.8022781036551481, 'Cr': 0.4506215181597568, 'Mo': -1.1219372625642616}",0.5033662444594875
343,"{'Al': 0.5177218553183156, 'Cr': 1.4037107232971264, 'Mo': 0.8687415650571992}",8.137755927681527
344,"{'Al': 0.8257853990467074, 'Cr': -0.4192387743095063, 'Mo': 1.097289207413442}",1.9923613612389572
345,"{'Al': -0.06868178699830807, 'Cr': -0.7450346603488035, 'Mo': -0.6634523399916122}",3.1017887926201873
346,"{'Al': -0.37921963446965834, 'Cr': -0.19388856166749457, 'Mo': -0.44465596484391123}",-0.1577893073653392
347,"{'Al': 0.9076347927173707, 'Cr': -1.0632786589707024, 'Mo': -0.6926435214659308}",6.979695877246716
348,"{'Al': -0.21763501791382112, 'Cr': 0.7875696248373085, 'Mo': 1.2450738642347665}",2.7968604085767823
349,"{'Al': -0.26802984112855244, 'Cr': 0.25226235610507275, 'Mo': 1.362568969161484}",-0.39103472183760485
350,"{'Al': -0.20293981634572744, 'Cr': 0.522497664669562, 'Mo': -0.747501911282946}",1.6058416392158275
351,"{'Al': -0.8795896459425242, 'Cr': 1.3948861115327036, 'Mo': 0.5809488476862401}",5.1880914193661365
352,"{'Al': -0.7209485649430499, 'Cr': -0.2879833504145155, 'Mo': 0.6269574190468612}",0.009651111994822936
353,"{'Al': -1.0299377538686532, 'Cr': -0.7615223698468029, 'Mo': -0.8609285050757104}",1.4764177812187924
354,"{'Al': -1.020037966725177, 'Cr': 0.46147534383825795, 'Mo': 0.149067217281452}",0.45237876965782675
355,"{'Al': -0.7111155225134331, 'Cr': 0.7907673661377719, 'Mo': 1.1620554238350982}",1.5538784303151303
356,"{'Al': 0.5862803914391042, 'Cr': -0.9068722169232362, 'Mo': 0.9318978443547938}",4.535184001125033
357,"{'Al': -0.46319397611340785, 'Cr': -0.560741112122928, 'Mo': 0.24789316972400832}",1.610653534305571
358,"{'Al': 0.7192961062183345, 'Cr': 0.07013848806388778, 'Mo': -0.04081572138214895}",0.6907175164457935
359,"{'Al': 0.6981006893490922, 'Cr': -0.8517811145045946, 'Mo': -0.5511804658341661}",5.020222859327181
360,"{'Al': -0.04888332772851922, 'Cr': -0.5211346290398235, 'Mo': 1.0677250234146607}",1.6865047998241427
361,"{'Al': 1.427874069051355, 'Cr': 1.4725125798506014, 'Mo': -1.2041821151958227}",6.47258384051156
362,"{'Al': 1.007971794362244, 'Cr': -1.4602939952816696, 'Mo': -1.3248487044999777}",11.044419968401327
363,"{'Al': 1.0959488004559943, 'Cr': 0.24146194977176005, 'Mo': 0.7048334252873274}",1.6159356468543682
364,"{'Al': 0.5106059366484974, 'Cr': -1.4870004199066738, 'Mo': 0.7197736738688278}",6.903272787141147
365,"{'Al': 0.7604889883042039, 'Cr': 0.31869043738897873, 'Mo': -0.7134496866232608}",1.2601183536768938
366,"{'Al': 1.070028534687356, 'Cr': -0.719947913194794, 'Mo': -0.3269346919454632}",4.217655354388706
367,"{'Al': 0.7239785051455221, 'Cr': 1.2832035367378607, 'Mo': -0.18041196959194417}",6.908615332935616
368,"{'Al': -1.044877391289381, 'Cr': 0.3799277098531113, 'Mo': -0.035108530221068524}",0.11440084093936144
369,"{'Al': 0.797551714589305, 'Cr': 1.3282746320828953, 'Mo': 1.1522281032126171}",9.246461851332153
370,"{'Al': -1.0169108877312245, 'Cr': 1.2107712119471157, 'Mo': 0.2888115735657235}",4.879079564556666
371,"{'Al': -0.3408617243793519, 'Cr': 1.5437513277907233, 'Mo': -0.9473309340531862}",7.065576854808559
372,"{'Al': 1.06435134491067, 'Cr': 1.5645685874699744, 'Mo': -0.7895572781755177}",6.6684992866187915
373,"{'Al': 0.18287495130145337, 'Cr': 1.301282112633138, 'Mo': -0.7665663396361232}",6.510155187706628
374,"{'Al': -1.3766185466615806, 'Cr': 1.0449067326691663, 'Mo': -0.5727238376137295}",5.097473935467797
375,"{'Al': -0.6794474563470336, 'Cr': -0.6077132324844521, 'Mo': 1.5213400868230993}",0.6582031250139404
376,"{'Al': -1.3462176013407123, 'Cr': -0.18211099099017747, 'Mo': 1.1506257657528178}",-1.291257391469144
377,"{'Al': -0.021250670795249338, 'Cr': 1.1473276224384974, 'Mo': 0.8251110798813257}",5.768689170474865
378,"{'Al': 0.8180033103857345, 'Cr': -0.530812527601721, 'Mo': 0.9678840250818279}",2.3585686911461647
379,"{'Al': 0.3231275631356949, 'Cr': 0.045028611150616626, 'Mo': 1.3048871717377226}",0.8140152716992142
380,"{'Al': 1.2816634668424531, 'Cr': -0.29735594350262406, 'Mo': -0.11810070607451117}",1.6117655616330506
381,"{'Al': -0.47380330983909014, 'Cr': -1.5126043238249576, 'Mo': 1.4456728361625277}",6.588948846635272
382,"{'Al': 0.7116854336270824, 'Cr': -1.0689040373550907, 'Mo': -0.45349205676263304}",6.445752458603188
383,"{'Al': 0.0785909563753644, 'Cr': 0.17264372093690472, 'Mo': -0.13725923639721116}",0.28277766076229827
384,"{'Al': 0.44835551482758884, 'Cr': 1.234260397740412, 'Mo': 0.14853950226502555}",6.765734139430227
385,"{'Al': -0.3679844064566147, 'Cr': -0.9121040051739215, 'Mo': -1.3338186641720169}",2.950038536196842
386,"{'Al': 1.2531148858926509, 'Cr': -0.018970383255126677, 'Mo': 1.2091990023825718}",1.9363376331590998
387,"{'Al': 1.282530740771766, 'Cr': 0.737072516759774, 'Mo': 0.6162044500714168}",4.843621431679932
388,"{'Al': 0.8814697488640801, 'Cr': -1.0474007434266752, 'Mo': 0.9922658133422719}",5.381387574904615
389,"{'Al': 1.3953565960088166, 'Cr': -0.6144019055840837, 'Mo': 1.1197507294266482}",3.0531430034330302
390,"{'Al': -1.3278801264444957, 'Cr': -0.90435560419122, 'Mo': 1.236073727834584}",3.781389491458719
391,"{'Al': 1.0469680365420362, 'Cr': -0.9998636901101595, 'Mo': 1.480058502494951}",6.283257827993906
392,"{'Al': 1.4020097051203497, 'Cr': 0.1686033186297089, 'Mo': 1.211093523722695}",2.552421735543188
393,"{'Al': 0.2700031988062468, 'Cr': 0.7402535748352923, 'Mo': -0.8259790235879345}",3.317825229513051
394,"{'Al': -0.2501320137082981, 'Cr': 1.155917420978053, 'Mo': -0.9899811476536792}",5.819995263011036
395,"{'Al': -0.4088523658970731, 'Cr': -0.8986819671908558, 'Mo': 0.06643485718441022}",3.9179449057024143
396,"{'Al': 0.9362058111045295, 'Cr': 0.4195353110815596, 'Mo': 0.09566865044284079}",2.011731992649486
397,"{'Al': 0.0734022258685616, 'Cr': -0.6156721147480071, 'Mo': 0.3326146936945569}",2.389983703953713
398,"{'Al': -1.3817013065395112, 'Cr': 0.3114936071777621, 'Mo': 0.7544177010618638}",-0.8477929216497494
399,"{'Al': 1.5556351310092835, 'Cr': -1.0764726020178952, 'Mo': 0.7621214905810496}",5.255097208315627
400,"{'Al': -0.2359390564971986, 'Cr': -0.5649007531389054, 'Mo': 0.16792519321205068}",1.7997232569809476
401,"{'Al': -1.2251256571930709, 'Cr': -1.3844106535741059, 'Mo': -0.8045983343130402}",4.184828916550703
402,"{'Al': -0.7093951422706366, 'Cr': -1.5196942007889345, 'Mo': 1.0407344905889855}",7.137716921522214
403,"{'Al': 0.32435754477295387, 'Cr': -1.136104279791988, 'Mo': -0.7025274342305751}",6.414957588137292
404,"{'Al': 0.9079610174201336, 'Cr': -0.9539199893525837, 'Mo': -0.17218422506633324}",5.619155531049014
405,"{'Al': -1.2187079731436965, 'Cr': 0.765462953358186, 'Mo': -1.3104534290315402}",2.3401712954718215
406,"{'Al': -0.30593042558331884, 'Cr': -0.6451430509702913, 'Mo': -0.6669006591301219}",2.0419753121764246
407,"{'Al': -1.5432304110359827, 'Cr': 0.11717525753110691, 'Mo': 0.6419664843979795}",-1.1176551828387782
408,"{'Al': -1.4378176074103701, 'Cr': -1.0443844470221542, 'Mo': 0.49207155236154065}",5.01273968226907
409,"{'Al': 1.4417232730577578, 'Cr': -1.4251028420824632, 'Mo': 0.13780305879285004}",7.547242932446003
410,"{'Al': -0.1771093409583251, 'Cr': 1.2257191713857094, 'Mo': -1.48465681704838}",5.938723238272566
411,"{'Al': 0.27514019390222044, 'Cr': 1.4547231555250053, 'Mo': 1.227717773498588}",8.011648053349594
412,"{'Al': -1.4185794353466128, 'Cr': -0.7546550664032264, 'Mo': -0.942062281824818}",0.8182808685558145
413,"{'Al': 0.6652855838916722, 'Cr': 0.9832391778770933, 'Mo': -0.7744713328433289}",4.995254344969526
414,"{'Al': -0.15460805245019094, 'Cr': 1.1996818236705407, 'Mo': 0.48505500281157676}",5.81642032645208
415,"{'Al': -0.8257549107646276, 'Cr': -0.4160198446536849, 'Mo': 0.5251162133031624}",0.595273956312861
416,"{'Al': -0.6177294983234225, 'Cr': -0.18533628541234992, 'Mo': -0.16844117358314992}",-0.3653747734051537
417,"{'Al': -0.6749437801879927, 'Cr': -1.3547366205869342, 'Mo': -1.0323017653847684}",4.674464189313973
418,"{'Al': -1.2585028482816418, 'Cr': 1.0465534061653723, 'Mo': -0.899384573962178}",5.261575948787357
419,"{'Al': 1.2598358842604394, 'Cr': 1.42381537745639, 'Mo': -0.15859707201665274}",7.497356342815616
420,"{'Al': -0.5421711996305858, 'Cr': 0.8762307890120868, 'Mo': -1.0906427396040512}",3.8405304262720517
421,"{'Al': -1.238004469324337, 'Cr': 0.562572301205928, 'Mo': -0.9577803357998631}",1.3907092241689123
422,"{'Al': 1.5247476910480477, 'Cr': -0.19669504046546504, 'Mo': -0.7942105292153475}",1.7272809077390434
423,"{'Al': -0.9898799174593145, 'Cr': -0.31907940044795136, 'Mo': 0.00039027941172009584}",-0.1469916750395875
424,"{'Al': 0.35090036390528945, 'Cr': -1.3908010031059481, 'Mo': 1.0913347247639047}",6.782790205328503
425,"{'Al': 1.1041462732504632, 'Cr': 0.5641508363868768, 'Mo': 0.27378373453410476}",3.0961194193730437
426,"{'Al': -0.21677645640211352, 'Cr': 0.4761751576844877, 'Mo': 1.4019170485686434}",0.6757805255433559
427,"{'Al': 0.3767293352384602, 'Cr': -0.7235701376512218, 'Mo': -0.1268092142802677}",3.4782291968936514
428,"{'Al': 0.6121632633888341, 'Cr': 0.36770142294679653, 'Mo': -0.39115278793025365}",1.3788511753219694
429,"{'Al': 0.8001958820495867, 'Cr': 0.775735431913005, 'Mo': -1.0760347386349092}",3.8758906430576197
430,"{'Al': 0.7219014255144591, 'Cr': -0.45593457226845757, 'Mo': 0.10035915699911668}",1.9778714024006205
431,"{'Al': 1.2092872429903103, 'Cr': 0.752229299419692, 'Mo': -0.5707991326474592}",3.66512962290449
432,"{'Al': -0.8115887805438508, 'Cr': 1.106743243625946, 'Mo': -0.3515366517928622}",5.22958868523171
433,"{'Al': -1.0748970823208164, 'Cr': 0.8359416951742293, 'Mo': 0.5758642461304739}",2.3352025443341917
434,"{'Al': -1.3081082907197852, 'Cr': -0.481937993261653, 'Mo': -0.4305733068211286}",0.21134488924860134
435,"{'Al': -0.6754398796148486, 'Cr': -0.7555799203637611, 'Mo': -1.5027402215632468}",0.2376002784840625
436,"{'Al': -0.7596129749071667, 'Cr': -1.4577686354615667, 'Mo': 0.4464829032038722}",6.755306408923847
437,"{'Al': -0.30016824579220724, 'Cr': -1.4557751102273602, 'Mo': 1.105371092871985}",6.913627728069653
438,"{'Al': -0.9376872753511184, 'Cr': 0.956505761849888, 'Mo': -0.03658845133684774}",3.906360603432499
439,"{'Al': -0.266604050624591, 'Cr': 0.31948487559160443, 'Mo': -0.021149420231189486}",0.4292914509464861
440,"{'Al': 0.5484992980794519, 'Cr': 1.0247855422384906, 'Mo': -0.296846957482906}",5.439506272409902
441,"{'Al': -1.283443427336704, 'Cr': -0.6574993252940348, 'Mo': -0.26274537100908124}",1.4000010979189272
442,"{'Al': -0.0744388507340501, 'Cr': -0.8451663194420767, 'Mo': 0.07842936948444712}",3.848992862908342
443,"{'Al': 1.5410286888526814, 'Cr': -1.4498660988835994, 'Mo': 0.9698151304669227}",6.187031651647482
444,"{'Al': -0.8277182523581863, 'Cr': 0.2156822441400641, 'Mo': 0.9977734182453477}",-0.9877930189112651
445,"{'Al': -1.302613196918986, 'Cr': -0.6020799344801094, 'Mo': 1.1185014950323486}",1.4801791483649418
446,"{'Al': -0.6487971972008532, 'Cr': -0.5899423882758266, 'Mo': 0.6314313640397669}",1.8018462740743615
447,"{'Al': 0.11856408489070103, 'Cr': 0.36431021604108493, 'Mo': 0.2815872629863021}",1.0223914110365175
448,"{'Al': 1.018373416895893, 'Cr': 1.5668714273989086, 'Mo': -0.08734357260203884}",7.7009830865054525
449,"{'Al': 0.9594513341534392, 'Cr': -0.043850669882551374, 'Mo': 1.1545116292185038}",1.5045231441138616
450,"{'Al': -0.8708378996615156, 'Cr': 0.9456438237398364, 'Mo': -1.1604988043592699}",4.197167555016092
451,"{'Al': -0.20816480682153893, 'Cr': -0.4346801605116306, 'Mo': -0.9018265641776748}",0.8687532555888341
452,"{'Al': -1.3211047561227771, 'Cr': 0.593106441254251, 'Mo': -0.4391128173939034}",1.5903930382214104
453,"{'Al': 1.2028408039883511, 'Cr': -1.5209654461698645, 'Mo': 0.2876731827849679}",7.359862675008648
454,"{'Al': -0.31871143216536213, 'Cr': 0.9286613407804549, 'Mo': -0.4413276346498469}",4.325428197772366
455,"{'Al': 0.6054806923099614, 'Cr': 0.005703098750294178, 'Mo': 0.6095820405902561}",0.611230740982077
456,"{'Al': 0.2298459688671639, 'Cr': 1.112526324864509, 'Mo': -0.21740298866046448}",5.792387817233111
457,"{'Al': 0.5836717849125002, 'Cr': 0.9870771416372319, 'Mo': -0.06452268859354837}",5.380912780436536
458,"{'Al': 0.953837071037337, 'Cr': -0.7430281872800781, 'Mo': -0.39330261386874077}",4.35476651339781
459,"{'Al': 0.41017518607831893, 'Cr': -0.8186624346811262, 'Mo': 0.5793704471438734}",3.922385318417622
460,"{'Al': -1.3562125640537517, 'Cr': 1.4280450133861726, 'Mo': -1.5373694790478682}",6.008206193753318
461,"{'Al': -1.1252667673016319, 'Cr': 1.2464172065131103, 'Mo': -0.012250594776285872}",5.40560822003692
462,"{'Al': -0.6749616100948013, 'Cr': -0.5722978797997289, 'Mo': -1.2822811026582772}",0.02451586423708285
463,"{'Al': -0.8161447789595869, 'Cr': 0.9371119547061562, 'Mo': 0.9354847975317728}",2.730278043367974
464,"{'Al': 1.258624384350461, 'Cr': -1.0032586812742204, 'Mo': 0.2730129455391326}",5.546387199098817
465,"{'Al': 0.18914750347263487, 'Cr': 1.3954761182516089, 'Mo': 1.449465612310818}",7.7922347834935275
466,"{'Al': -1.438771955843458, 'Cr': 0.48587758456878616, 'Mo': -0.8448720015164327}",0.9325367956758295
467,"{'Al': -0.8516060359525042, 'Cr': 0.6013797809013774, 'Mo': 0.9707036700446299}",0.5836993059473427
468,"{'Al': 0.9507987349136693, 'Cr': -1.2940353571763032, 'Mo': -0.14948342129091774}",7.4974792937594605
469,"{'Al': 0.9246327083748631, 'Cr': 0.15906578866812815, 'Mo': 0.8841256962014459}",1.369541095166758
470,"{'Al': -0.292874098874788, 'Cr': -0.18760523773802484, 'Mo': -0.39615013109306685}",-0.0756615091371802
471,"{'Al': 1.2564757640919866, 'Cr': -0.20567958612218273, 'Mo': -1.2645993411091114}",2.8156498604905704
472,"{'Al': 1.357377848577996, 'Cr': 1.1696626675521364, 'Mo': 0.21133694062116692}",7.276593467476694
473,"{'Al': 0.5884180089880817, 'Cr': 1.341691442425315, 'Mo': -0.5339543881171618}",6.740988778256173
474,"{'Al': 1.380622313849639, 'Cr': -0.05774312384644076, 'Mo': -0.689516208495188}",1.1783919522276989
475,"{'Al': 1.4751527038268946, 'Cr': 0.0108799098432939, 'Mo': 1.1057904499767948}",1.7596396264651313
476,"{'Al': 0.3218671506463302, 'Cr': -1.434351239708565, 'Mo': -0.9492292264644744}",7.796539719213904
477,"{'Al': -0.7343096203515497, 'Cr': -0.16060856788662536, 'Mo': 0.6942593375204975}",-0.4709311009147832
478,"{'Al': -0.3515742478226942, 'Cr': -0.8212184661679084, 'Mo': 0.10185928927597576}",3.4416704493441026
479,"{'Al': 1.4104663414028509, 'Cr': -0.009127619339191595, 'Mo': -1.5227409025625365}",3.661966769590061
480,"{'Al': -0.49627709452904356, 'Cr': -0.40589185395056737, 'Mo': -0.713593295991333}",0.38049434287501543
481,"{'Al': -0.7461942937433333, 'Cr': -1.236172154046161, 'Mo': 0.44792818261295464}",6.021607353581237
482,"{'Al': 1.446678848184444, 'Cr': -0.5479014443280463, 'Mo': 0.36801256729465326}",2.573106983191624
483,"{'Al': -0.9574996416751503, 'Cr': -0.1196150625727479, 'Mo': 1.0758479992220016}",-1.1247683884106132
484,"{'Al': -0.5026523753750127, 'Cr': -1.0127072247847089, 'Mo': 0.0662228369424811}",4.59509026448719
485,"{'Al': 0.2236556255856499, 'Cr': -1.0233808472488606, 'Mo': 0.5563552932675457}",5.186058522670968
486,"{'Al': 0.6757953363997689, 'Cr': -0.23091512025189642, 'Mo': 1.3313629178166608}",1.7389683962585125
487,"{'Al': -1.3200006033083844, 'Cr': 0.34291994579149687, 'Mo': 1.2602699418111563}",-2.015600938489168
488,"{'Al': 0.6473107603373314, 'Cr': -1.2454208694331665, 'Mo': 0.8045945220770401}",6.287855397685982
489,"{'Al': -1.5334647233792955, 'Cr': -0.7451320712811517, 'Mo': 0.7216863220665264}",2.9752355673339306
490,"{'Al': 1.3751556165617096, 'Cr': 0.1239276540245906, 'Mo': 1.4179804767035105}",3.3265909345410387
491,"{'Al': 0.3377677334819351, 'Cr': -0.012895356694141435, 'Mo': 0.12602328541537688}",0.33190511739220174
492,"{'Al': 0.39055016529700093, 'Cr': 1.3790383883165154, 'Mo': -1.2563324331675232}",6.875239436641053
493,"{'Al': 1.0324815346714598, 'Cr': 1.5277966604969575, 'Mo': -0.6796012258909424}",6.7991493465557475
494,"{'Al': 0.135906588114876, 'Cr': -1.3093715765380138, 'Mo': -0.7083510573833934}",6.8283371494304115
495,"{'Al': 0.4223100408710432, 'Cr': -0.9546208717868369, 'Mo': 0.623943779538926}",4.807472941195641
496,"{'Al': -0.45900012924516864, 'Cr': 0.920799812940845, 'Mo': 0.43424012128305023}",3.7676055563939106
497,"{'Al': 0.16677896042938278, 'Cr': 0.14711668120940735, 'Mo': -1.4809524436994022}",0.6743874426636742
498,"{'Al': 0.019710626603219872, 'Cr': 0.718180261752642, 'Mo': 0.34462185291381764}",3.0566772547094025
499,"{'Al': -0.12273023642738035, 'Cr': 0.1426724363897638, 'Mo': -0.5274735769738346}",0.025758023080594064
500,"{'Al': -1.1592165488602963, 'Cr': -0.8868349803396696, 'Mo': 0.5525192798152352}",3.886923642340596
501,"{'Al': -0.7350183336649249, 'Cr': 1.2566627053226433, 'Mo': 1.0985619978286492}",4.070143090160286
502,"{'Al': 1.0081818420779198, 'Cr': 1.5041173385301407, 'Mo': -0.5843706891628796}",6.913653450775872
503,"{'Al': -0.39231659858773305, 'Cr': 1.1505064304831185, 'Mo': 0.2962715269950331}",5.294301658039177
504,"{'Al': -0.811156190355122, 'Cr': -1.29666612901615, 'Mo': 0.9017055612923852}",6.560402861354254
505,"{'Al': 0.44671984855603775, 'Cr': -0.15426583469231958, 'Mo': 1.4970320453466819}",1.566012621146077
506,"{'Al': 0.8890899748186372, 'Cr': -0.8659590634005845, 'Mo': 0.6979405920668915}",4.313142406194843
507,"{'Al': 0.5416799390795801, 'Cr': 0.4240176564884812, 'Mo': 0.15759711398282894}",1.7449479122350333
508,"{'Al': -0.2947964720048215, 'Cr': 0.3439093834929563, 'Mo': 1.3540086647600984}",-0.14046851719380213
509,"{'Al': 0.06026052265682358, 'Cr': -0.31318356519674695, 'Mo': -1.1195716082931564}",0.7969124323491041
510,"{'Al': -1.4681032907561662, 'Cr': 0.7952063215897525, 'Mo': 1.1275679240826437}",0.38381347687772105
511,"{'Al': -0.6041705491030136, 'Cr': 0.9965282552641987, 'Mo': 1.1218176592930593}",3.160108979602075
512,"{'Al': -0.20275444627595163, 'Cr': 0.9974898658005582, 'Mo': 0.3421435899593359}",4.655361290271379
513,"{'Al': 0.14051445251300265, 'Cr': -0.4895953874783652, 'Mo': -1.5166222716470927}",2.175608527863452
514,"{'Al': -1.10765344396743, 'Cr': -0.28708616970860645, 'Mo': 1.170617068125904}",-0.7577581102489555
515,"{'Al': -0.8106906388617379, 'Cr': 0.41229596012686365, 'Mo': 1.424751747649485}",-1.6215723209848987
516,"{'Al': -0.3112156094117151, 'Cr': -1.0642411968499839, 'Mo': 1.4161403878887473}",4.941685530098917
517,"{'Al': 1.0535679140659826, 'Cr': 1.3014082858615552, 'Mo': -0.8850819847335244}",6.335906758514151
518,"{'Al': -0.08632094791116929, 'Cr': 1.475403228418545, 'Mo': 1.0821387384147592}",6.6416983078837495
519,"{'Al': -0.9775946666689898, 'Cr': -0.2631997059459188, 'Mo': -1.247084831650713}",-1.7178615430589261
520,"{'Al': 0.0950971498076818, 'Cr': 0.721473432169311, 'Mo': 0.630595416616023}",3.2082302685236423
521,"{'Al': -0.08847596488167397, 'Cr': -1.5348705612747648, 'Mo': -0.8500950203614145}",6.7529235231500975
522,"{'Al': 0.9534223186723652, 'Cr': -0.5662173453711767, 'Mo': -0.39372616716209285}",3.090310774301475
523,"{'Al': -0.6260941960290733, 'Cr': 0.208327745220253, 'Mo': 0.17143229588872888}",-0.3142168132968667
524,"{'Al': 1.4469329486712361, 'Cr': -0.43104164364304354, 'Mo': -0.1102754681996323}",2.2924306823527325
525,"{'Al': -0.23400259563914894, 'Cr': -1.3683407855079852, 'Mo': -1.2886009315739315}",5.72229385063352
526,"{'Al': -0.6198000894780857, 'Cr': 0.8332754267654563, 'Mo': 0.9629890760718909}",2.432448296859021
527,"{'Al': -1.2866742241033555, 'Cr': 0.2760837114843273, 'Mo': 1.3577624826973338}",-2.589239701981716
528,"{'Al': 0.8579087452652701, 'Cr': -0.30813391171367477, 'Mo': -0.6137965027351885}",1.6468396395868488
529,"{'Al': -0.7628933766100721, 'Cr': 0.8880523013937847, 'Mo': 0.8443146335425746}",2.6917207902769844
530,"{'Al': 1.537410925113869, 'Cr': -0.5383640728101133, 'Mo': 0.7985726672494566}",2.3241710186362035
531,"{'Al': 0.8970222724682269, 'Cr': 1.5068984446209712, 'Mo': -0.6853484790663757}",6.842310424235228
532,"{'Al': 0.9360809150237919, 'Cr': 1.5570595112286694, 'Mo': 0.7882964813354008}",9.175990641844407
533,"{'Al': -0.5660777991184349, 'Cr': -1.3607601227649777, 'Mo': -1.1467201639779048}",4.7426544990010315
534,"{'Al': 0.12004967605558203, 'Cr': -1.1400208247861205, 'Mo': -1.2395834383952602}",6.22859691863
535,"{'Al': -1.5659849892481261, 'Cr': -1.2352975531728558, 'Mo': -0.10752267085136191}",5.021634645977402
536,"{'Al': -0.1442148192903645, 'Cr': -0.6926214364584946, 'Mo': -1.2095838687747003}",2.417701740641043
537,"{'Al': 1.0104768351660485, 'Cr': -0.04769893568990358, 'Mo': -0.23973631971483056}",0.8782012419335464
538,"{'Al': -0.8475738543578104, 'Cr': 0.5831075234121594, 'Mo': -0.4498453729158012}",1.6208775767026307
539,"{'Al': 0.13405819118543416, 'Cr': 1.0677252513105535, 'Mo': 0.6869357092187731}",5.636246922316493
540,"{'Al': -1.154360982561326, 'Cr': -0.4167891254829148, 'Mo': -0.2894102730448813}",0.06665609839948869
541,"{'Al': 1.350769625641008, 'Cr': 1.0097675757901987, 'Mo': 1.103506146600484}",8.303033166715029
542,"{'Al': 0.4377118663066728, 'Cr': 0.004499992734296354, 'Mo': -1.1357558299494381}",0.7740299310718106
543,"{'Al': -0.32422249482586873, 'Cr': -0.3471523296940522, 'Mo': -0.9434882463229358}",0.23878793281797422
544,"{'Al': -1.0411859994773385, 'Cr': -0.25096587220988353, 'Mo': 0.7247026346011975}",-0.3296533236729329
545,"{'Al': 0.2609688273609687, 'Cr': 1.1656892966618013, 'Mo': -0.025884591541987412}",6.161450184984498
546,"{'Al': 1.5557177734380754, 'Cr': -0.04946890834199369, 'Mo': 0.9450383319296192}",1.336777272040687
547,"{'Al': 0.4934533831009045, 'Cr': -0.27402566020487584, 'Mo': 0.31794024040612023}",0.9358886075189344
548,"{'Al': -0.6361637592990343, 'Cr': -0.7360512608002074, 'Mo': -1.0882247485366545}",1.56196572635058
549,"{'Al': 1.2857714021212847, 'Cr': -1.1307821415775747, 'Mo': 1.3705232320896918}",6.349810305874673
550,"{'Al': -1.5379254609598856, 'Cr': -0.7035316758937008, 'Mo': 0.2574604068846964}",2.2354236902238998
551,"{'Al': -0.8329871907187567, 'Cr': 1.5373982274564848, 'Mo': 0.38563936460392445}",5.70512114981413
552,"{'Al': -1.041884707095436, 'Cr': 0.5979160602559062, 'Mo': 0.09268068966029075}",1.2868707718409655
553,"{'Al': -1.5592412078248845, 'Cr': 0.7456339771892266, 'Mo': -1.273702088881231}",2.428872639653309
554,"{'Al': 0.2298468476224782, 'Cr': -0.11165715770928775, 'Mo': 0.7772538716438482}",0.3320669516792515
555,"{'Al': 1.471223552283015, 'Cr': -1.0703894377109173, 'Mo': -0.1103913639834635}",6.572585266124418
556,"{'Al': -0.5574735678993903, 'Cr': -1.0027546713748816, 'Mo': -0.9988648510018755}",3.548314140045677
557,"{'Al': -0.17857575952796934, 'Cr': 0.22419567964250864, 'Mo': -1.4345667981277053}",-0.14222314857960594
558,"{'Al': -0.1976526680894053, 'Cr': -0.3486628650492274, 'Mo': -0.08414754508364952}",0.6134607388122301
559,"{'Al': -0.9261662207661951, 'Cr': -0.1398402983241558, 'Mo': -0.8660270130596275}",-1.0190892510566514
560,"{'Al': 0.8282277872896149, 'Cr': 1.5126320910518225, 'Mo': -0.14293604415489725}",7.516055610712022
561,"{'Al': 0.2328008742493417, 'Cr': -0.313019795407274, 'Mo': 1.0478955882153844}",0.9429858511256171
562,"{'Al': -0.5343887650818837, 'Cr': -0.1791290451545693, 'Mo': -0.5415577212198124}",-0.37216935341622603
563,"{'Al': -1.1995109046978099, 'Cr': -0.8203366941282559, 'Mo': -0.8932720736200126}",1.5436603477373165
564,"{'Al': -1.4302348729444256, 'Cr': 1.075827890745967, 'Mo': 1.0127061643172173}",2.280428704343414
565,"{'Al': -0.5339217308486683, 'Cr': 0.19544311540321968, 'Mo': -0.7660884298681847}",-0.2363648509798773
566,"{'Al': -0.04949471560525942, 'Cr': 0.36985284144765074, 'Mo': 1.2570160575631908}",0.7766791562520621
567,"{'Al': -0.03473707458790409, 'Cr': -0.7818307848304422, 'Mo': -0.8149539489107952}",3.4064133328737047
568,"{'Al': 0.30819370131227286, 'Cr': -0.8405095866045608, 'Mo': 1.0534456594309005}",4.060321303832063
569,"{'Al': -0.8324388540478932, 'Cr': 1.03667803983822, 'Mo': -1.2681224776765332}",4.676634353949723
570,"{'Al': 0.6779200558961889, 'Cr': -0.8094740616126057, 'Mo': 0.8898429755369897}",3.9287329039682253
571,"{'Al': -1.5185801748345376, 'Cr': -0.7449983364172371, 'Mo': -1.139024642715679}",0.027450498311710092
572,"{'Al': 0.36327480920133093, 'Cr': -1.2927679032509871, 'Mo': -0.8000243538083249}",7.3245205067630454
573,"{'Al': -0.4298260123321749, 'Cr': -0.8291445330481518, 'Mo': -1.5568659421436772}",1.5618645968516849
574,"{'Al': -0.152904306428024, 'Cr': -1.2387794889188903, 'Mo': -0.7460607993051799}",5.918798743357359
575,"{'Al': -1.354529942565123, 'Cr': 1.2057289130228117, 'Mo': 0.775493686968419}",3.6109857544730044
576,"{'Al': -0.9649073819922682, 'Cr': -0.4762388618707283, 'Mo': 1.0127037374222652}",0.7476400299236754
577,"{'Al': -1.2838325562650033, 'Cr': -0.5643409491915721, 'Mo': -1.4262630722436627}",-2.031653248512642
578,"{'Al': -0.8527369818207846, 'Cr': 1.03215785657261, 'Mo': 1.3372282906108715}",1.935821864955368
579,"{'Al': -0.6260218279673052, 'Cr': 1.0866594016882556, 'Mo': 0.6007075624773792}",4.3884684747299465
580,"{'Al': 0.13891225645633742, 'Cr': -1.1917415690315174, 'Mo': 1.274392530493735}",6.130828497338348
581,"{'Al': -0.7794985368873286, 'Cr': 0.4239370516594523, 'Mo': -1.490359173483177}",-0.7103617885480071
582,"{'Al': -1.5463249609944603, 'Cr': -1.5445546844857314, 'Mo': 0.6284069036187674}",7.423647771675789
583,"{'Al': -1.2580317501578182, 'Cr': 1.2414544037973925, 'Mo': 1.019969801499148}",3.130913157814322
584,"{'Al': 1.5582249438195, 'Cr': 0.615535114244294, 'Mo': -1.4605908517943953}",4.189048663688726
585,"{'Al': 0.4153910224469939, 'Cr': -0.49620504060959947, 'Mo': -1.1836055779876544}",2.6686706586677276
586,"{'Al': -1.1283210158971504, 'Cr': -0.060116850372930575, 'Mo': 0.727909242574396}",-0.9480748726287525
587,"{'Al': 0.4523870195562618, 'Cr': 0.005234976976731254, 'Mo': 1.3407607349377844}",1.1472205924698833
588,"{'Al': 0.9736799558492786, 'Cr': -1.1220759565783445, 'Mo': 1.0351060087153208}",5.752737855731008
589,"{'Al': -1.360273329427819, 'Cr': -0.6709700618643948, 'Mo': 0.23366517317740731}",1.967950460411967
590,"{'Al': 0.6789019229573889, 'Cr': 1.2904956111484736, 'Mo': -0.866536784323335}",6.428523998474144
591,"{'Al': -1.478117472537446, 'Cr': 0.22234434758157517, 'Mo': -1.5612298526080437}",-3.0872282780490257
592,"{'Al': -1.0884830074093126, 'Cr': 1.0613254595951482, 'Mo': -0.05696967809800202}",4.523640170296408
593,"{'Al': 0.46068592597998625, 'Cr': -1.0321743006556807, 'Mo': 0.46395626212036944}",5.3539866029401075
594,"{'Al': -0.9889743016557467, 'Cr': 1.4215022853109938, 'Mo': 1.0073246476943982}",4.085239047296931
595,"{'Al': 0.5958778254337176, 'Cr': -0.16964566562627015, 'Mo': -0.434490910838516}",0.8243735511259935
596,"{'Al': 1.2066641105578593, 'Cr': 1.1136868728319045, 'Mo': -1.0449673351051842}",5.631505455575246
597,"{'Al': -1.239700231114677, 'Cr': -0.7508489403172603, 'Mo': -0.773108545683152}",1.340726361947992
598,"{'Al': -0.6253423226006499, 'Cr': 0.6219314264311082, 'Mo': 0.05220914079267969}",1.7660647641859724
599,"{'Al': 0.4977153348980914, 'Cr': 0.4744688004685669, 'Mo': -0.8053501620448078}",1.8120877739411767
600,"{'Al': -1.135699382505506, 'Cr': 1.097400440173236, 'Mo': 0.7182478871148499}",3.531632410749295
601,"{'Al': -0.3793816931723346, 'Cr': -1.3446864553487805, 'Mo': 1.2606416902663895}",6.50232974556149
602,"{'Al': -1.170947194797164, 'Cr': 0.10166827510126386, 'Mo': 0.3637988312532281}",-0.9078745099993163
603,"{'Al': -0.414289036775247, 'Cr': -1.1203947727465642, 'Mo': 0.06259721314739508}",5.305088047315344
604,"{'Al': 1.1515787094946548, 'Cr': 1.1629138035334172, 'Mo': -0.5260909875249562}",6.069357522343097
605,"{'Al': 0.8828047658039369, 'Cr': 0.6322263640917751, 'Mo': 0.5928062230620239}",3.6526223879842212
606,"{'Al': 0.4770135340442474, 'Cr': 0.5456732848192569, 'Mo': -0.4461423491657246}",2.212868882450587
607,"{'Al': 0.6910874900883215, 'Cr': 0.6865658641906043, 'Mo': -0.7012401771011637}",3.1355301383221375
608,"{'Al': -1.4827984928929556, 'Cr': -0.12142769434770129, 'Mo': 1.1303746622839692}",-1.4871266530500955
609,"{'Al': 1.3797309348733182, 'Cr': -0.0965998827759258, 'Mo': 1.0385583898287813}",1.4655398989891535
610,"{'Al': 0.7310343164823205, 'Cr': -1.3097046825518994, 'Mo': -1.0283998216344847}",8.645280615051535
611,"{'Al': 0.2948818277209524, 'Cr': -0.4849496756410161, 'Mo': -1.3070981387863405}",2.4504207837976093
612,"{'Al': -1.5096443205021326, 'Cr': -0.5238121270103073, 'Mo': -0.4016870161463897}",0.3862582839419922
613,"{'Al': -0.5563672547083272, 'Cr': -1.2459861037842557, 'Mo': -1.1554892961617296}",4.41322962870802
614,"{'Al': 0.7652673611257996, 'Cr': 0.9144237365430823, 'Mo': 0.5282158060647757}",5.54314496354676
615,"{'Al': -0.7798449030925366, 'Cr': 0.8108318440855982, 'Mo': 1.2591252686755188}",1.2083818795546453
616,"{'Al': 1.133317478342248, 'Cr': -0.5931820605433793, 'Mo': -1.1293139197184896}",4.66943945715759
617,"{'Al': -1.3669340189235826, 'Cr': -0.9527487684711352, 'Mo': 0.2497276321938824}",4.0291423875269565
618,"{'Al': -0.880446932850745, 'Cr': 0.7317761104863085, 'Mo': 1.1484280188156042}",0.8556092336203508
619,"{'Al': 0.2771125373124552, 'Cr': 1.0571954297729138, 'Mo': -0.7825805478284187}",5.369494253584772
620,"{'Al': -0.08305325487514725, 'Cr': -0.46545061574110735, 'Mo': 0.026970081592552653}",1.3284437328359104
621,"{'Al': -1.4816646650320122, 'Cr': 0.6283096400364467, 'Mo': 0.29706122736166596}",1.109844782307462
622,"{'Al': -0.615314782557399, 'Cr': 1.0495827054294034, 'Mo': -1.266927070936888}",4.841793350912285
623,"{'Al': -0.7156322443610621, 'Cr': 1.2957263588308514, 'Mo': 0.14804126373964266}",5.671021926115114
624,"{'Al': -1.466008404042523, 'Cr': -1.199684400063805, 'Mo': 0.4548666941076238}",5.9152534791237015
625,"{'Al': -0.6970389059400603, 'Cr': 0.561947965721957, 'Mo': 0.6962208191949144}",0.9469990012661641
626,"{'Al': 1.1465834321798334, 'Cr': 1.1595227363751026, 'Mo': -1.0620773466860498}",5.867617030230188
627,"{'Al': -0.12630639415542988, 'Cr': 1.024798305110202, 'Mo': 0.4372118424786744}",4.9171265962472965
628,"{'Al': -0.09106231337572468, 'Cr': 1.5330870980358924, 'Mo': 1.5309163726329555}",6.430608865053545
629,"{'Al': 0.848854717043932, 'Cr': -0.1499328519519294, 'Mo': -1.041747233220871}",1.5021510488217993
630,"{'Al': -0.2765543779247286, 'Cr': 0.5567165225707633, 'Mo': -1.5064155197072817}",1.2374293399120329
631,"{'Al': 1.3784433407505934, 'Cr': 0.9571108642511277, 'Mo': -0.5070393577688339}",4.957997687989717
632,"{'Al': -0.14906962610325736, 'Cr': 0.7459934011794309, 'Mo': -0.8178801302636782}",3.1506081224560294
633,"{'Al': -0.47242012669071554, 'Cr': 0.060893438319615356, 'Mo': 0.7123624543136393}",-0.5125503454223274
634,"{'Al': 0.5730001069132107, 'Cr': 0.9002063993708922, 'Mo': 0.40999210658019236}",5.096702184239326
635,"{'Al': -0.1756794991422903, 'Cr': 0.7830862734101633, 'Mo': -1.06714295864728}",3.3659819794871844
636,"{'Al': 1.521170697595383, 'Cr': 0.4004335610494085, 'Mo': -0.26640656647949434}",1.8829090459631053
637,"{'Al': -1.1246961244851799, 'Cr': 1.3010807181627073, 'Mo': 1.5302596956043883}",0.890920781152341
638,"{'Al': -0.6931480978747919, 'Cr': -0.3570560056611507, 'Mo': 0.5709993247928207}",0.35209787974428064
639,"{'Al': 1.569237154962262, 'Cr': -0.3584437780406926, 'Mo': 1.201782213450135}",2.1923680058750934
640,"{'Al': -0.3072862154317624, 'Cr': -0.5212987919917258, 'Mo': -0.9475346849831199}",1.1317537688090615
641,"{'Al': -1.0114947003609907, 'Cr': 0.6696239383700808, 'Mo': 0.3941470683311803}",1.5272540619153736
642,"{'Al': 1.1975857202019573, 'Cr': 1.211268267346214, 'Mo': 0.611794792530842}",8.096194077416273
643,"{'Al': -0.6855077471170301, 'Cr': 1.151051262955511, 'Mo': 1.4622406455627766}",2.535922625598557
644,"{'Al': -0.14835909396028302, 'Cr': 1.376435639183569, 'Mo': -1.1529889026766882}",6.717039209310262
645,"{'Al': 0.054247802410644974, 'Cr': 0.9703230071662743, 'Mo': -1.3856186566596704}",4.8385377576365585
646,"{'Al': 1.2333000286419038, 'Cr': 0.02089579884963455, 'Mo': -1.172170574925703}",1.8038906818100948
647,"{'Al': -0.3616536312761862, 'Cr': 1.055463950894564, 'Mo': 1.2758603777281836}",3.9379300500434318
648,"{'Al': 1.0550750378601945, 'Cr': -1.2122087109700335, 'Mo': -0.817657743296172}",8.342222251656766
649,"{'Al': -1.1806371272122502, 'Cr': -0.590138675990557, 'Mo': -1.3830063745861279}",-1.4811817619005225
650,"{'Al': 0.1225166355241396, 'Cr': -1.4347688687771092, 'Mo': -0.1170514777710343}",7.017035882163668
651,"{'Al': 1.0599927781776373, 'Cr': 1.2560739420189369, 'Mo': -0.7643051921672563}",6.242762901666342
652,"{'Al': -1.2759025297096314, 'Cr': -0.0761182433293568, 'Mo': -0.22030974769699196}",-0.9423918047808106
653,"{'Al': -1.347103929298918, 'Cr': -0.6600336110566267, 'Mo': 0.4441187879531947}",2.082745704031995
654,"{'Al': 1.5613844863070372, 'Cr': -1.4669556410610698, 'Mo': 1.3196607109696439}",6.55306130336008
655,"{'Al': -0.9619784260397191, 'Cr': 1.4285988189323438, 'Mo': -0.2308306024043818}",6.386946882957153
656,"{'Al': 1.5674070369553177, 'Cr': -1.5619856393705336, 'Mo': -0.6595179244416024}",9.703239832917196
657,"{'Al': -0.6552349048870648, 'Cr': -0.6432995403462731, 'Mo': 0.5884611082442568}",2.1677789682846385
658,"{'Al': -0.011596921057429377, 'Cr': -0.002815458893290046, 'Mo': -0.4211777672499408}",-0.011740695152308562
659,"{'Al': 0.6766897067567501, 'Cr': -0.4197336540762331, 'Mo': 0.4630640953690248}",1.644426285819074
660,"{'Al': -0.8503630083745554, 'Cr': 0.3431445547275269, 'Mo': -1.2277778862332491}",-0.40731513533206976
661,"{'Al': 0.6067944322100467, 'Cr': 1.1962435390379822, 'Mo': -0.8347191524063622}",6.089774406434781
662,"{'Al': -1.2493844548552238, 'Cr': -0.5546736297760666, 'Mo': 1.5606192848746194}",-0.694674741863091
663,"{'Al': -0.3055713118286032, 'Cr': -0.6504186514739052, 'Mo': 0.042339672358640446}",2.276033001416492
664,"{'Al': -0.314177733711718, 'Cr': -0.184278588433475, 'Mo': 0.9019384364512102}",-0.11352254019724618
665,"{'Al': -1.4161078916563452, 'Cr': -0.9679970601468105, 'Mo': 0.24114722712449854}",4.124241849838201
666,"{'Al': -0.15683471829537843, 'Cr': 1.1105748397349102, 'Mo': -0.8355621033045554}",5.592438542220788
667,"{'Al': 1.4795924193125898, 'Cr': -0.26571651452632983, 'Mo': -0.5672526413921997}",1.780012554434557
668,"{'Al': 0.9708521526432699, 'Cr': -0.3522311756946883, 'Mo': 0.4249326619321525}",1.499578209194098
669,"{'Al': -1.0453800263762418, 'Cr': 1.4097963571463787, 'Mo': 1.529854099893373}",1.345603770385714
670,"{'Al': 0.4927914859217566, 'Cr': 0.6941302956652113, 'Mo': -1.4731484509472987}",3.894474103567746
671,"{'Al': -0.009296246381564455, 'Cr': 0.721437349228589, 'Mo': -0.18969940589527545}",3.0457459730272785
672,"{'Al': -0.677945345585649, 'Cr': -0.583195910517228, 'Mo': -1.4494026225780907}",-0.5220184984254634
673,"{'Al': -1.2738457977869322, 'Cr': -0.5901470424008965, 'Mo': -0.9876726588717569}",-0.06329661528450048
674,"{'Al': -0.6285298948860698, 'Cr': 0.3425393103995824, 'Mo': -0.2260408890641432}",0.26040073361877725
675,"{'Al': -1.5396083397256202, 'Cr': 1.5481514764786155, 'Mo': -0.656160377955863}",7.47201305767944
676,"{'Al': 0.9363769423416839, 'Cr': -1.5584767856676702, 'Mo': -0.9423713395695723}",9.561518183860926
677,"{'Al': 0.9732580125996231, 'Cr': -0.9942692675478936, 'Mo': 0.3011802584659}",5.415479674407801
678,"{'Al': 0.09166319820322899, 'Cr': -1.394930685971872, 'Mo': 1.1398214564114286}",6.795736143142777
679,"{'Al': -0.1843150489022074, 'Cr': 1.1839873787669979, 'Mo': 1.1555584409076416}",5.376718302344175
680,"{'Al': -1.1772893730722185, 'Cr': 0.9863363113902324, 'Mo': -1.5575047250731988}",3.0743130037919864
681,"{'Al': -0.22089013939655255, 'Cr': 0.3827723413900246, 'Mo': 0.05272792708246077}",0.7518564279497146
682,"{'Al': -1.555378095929797, 'Cr': 1.2591603340782829, 'Mo': -0.7367342986028341}",6.682375390095163
683,"{'Al': -1.1448892479833295, 'Cr': 0.46148528405455247, 'Mo': -0.7890985031455455}",0.7769043327258169
684,"{'Al': 1.2745442575687025, 'Cr': 0.27434079087877916, 'Mo': 0.10930805776591868}",1.5147056270950137
685,"{'Al': -1.0581586305462518, 'Cr': -1.1373560442144617, 'Mo': 0.25114406809505185}",5.2324622075186396
686,"{'Al': 0.5317679334721221, 'Cr': -1.0768446893044463, 'Mo': 0.680566876774674}",5.5382924888903675
687,"{'Al': -0.47052784273067516, 'Cr': 1.3758739185541708, 'Mo': 1.1575549754372263}",5.067457093990341
688,"{'Al': 0.5036213209893949, 'Cr': 0.18886441802984422, 'Mo': -0.40444245556040603}",0.6886045310182408
689,"{'Al': 0.317143471196323, 'Cr': 1.407611501357429, 'Mo': -1.1243657771883613}",6.831612715646262
690,"{'Al': 0.6588221788274904, 'Cr': 1.3651667613599, 'Mo': -0.3469315896203091}",6.972591243328733
691,"{'Al': 0.7732730495507889, 'Cr': 0.5550620074173849, 'Mo': -1.2022863063832954}",2.7879580137949476
692,"{'Al': 1.2430833098272691, 'Cr': -0.25196827654993625, 'Mo': -0.628506581498287}",1.681898308429969
693,"{'Al': -1.2842502377455969, 'Cr': 0.4573973266181506, 'Mo': -0.4587091030650232}",0.6933896556147584
694,"{'Al': -0.7621166118137765, 'Cr': 0.26910300817660193, 'Mo': -0.18799705359748642}",-0.14926296339154357
695,"{'Al': 0.6143044672720825, 'Cr': -0.3733731742260027, 'Mo': -0.11916036762296511}",1.5412031282371157
696,"{'Al': 0.956691858647607, 'Cr': 1.2889060168446007, 'Mo': -0.5822842174253784}",6.5288194985385
697,"{'Al': 1.045421123814343, 'Cr': -1.5057159714425743, 'Mo': 1.4881224072528867}",7.645047441410797
698,"{'Al': 0.5705147171503917, 'Cr': -0.4074859280433687, 'Mo': 0.6925817927306239}",1.5083290810975107
699,"{'Al': 0.6995763845770395, 'Cr': 0.22381569943821522, 'Mo': -1.200644507916973}",1.441561635684122
700,"{'Al': -0.5578519439648917, 'Cr': 0.31024225150056006, 'Mo': -1.1294015294741881}",-0.07995394551359963
701,"{'Al': -1.478371871935595, 'Cr': -0.11339594032021316, 'Mo': 1.135807174106625}",-1.5293429732674444
702,"{'Al': 0.3570807438630146, 'Cr': 0.23647504395404484, 'Mo': -0.9320063873440311}",0.7714812595734679
703,"{'Al': -0.5906542329203832, 'Cr': -1.086165444838461, 'Mo': 1.5351296215457264}",4.421763647582937
704,"{'Al': 0.392431416292198, 'Cr': -1.3707932546083474, 'Mo': 1.5556946131213691}",7.360169746490104
705,"{'Al': -0.4355764101363331, 'Cr': -1.1903449738954075, 'Mo': 0.8651730349805251}",6.002458189873705
706,"{'Al': 0.7813977048212912, 'Cr': 0.2332053392234097, 'Mo': 0.23317116765539825}",1.1306921670161403
707,"{'Al': 0.010910333590738786, 'Cr': -0.9826230488383598, 'Mo': 1.3200109030661684}",4.856743405953212
708,"{'Al': 0.21590353172987187, 'Cr': -0.09360022709513949, 'Mo': 1.3483567526307798}",0.5979667005998065
709,"{'Al': 0.2488174819777127, 'Cr': -0.5609046279019021, 'Mo': 1.129121218652978}",2.24343813748556
710,"{'Al': 0.7691520464623296, 'Cr': -0.3804572794739889, 'Mo': -0.1680902903213901}",1.7206336150522488
711,"{'Al': 1.0157820649220097, 'Cr': 0.3200835364593493, 'Mo': 0.5452444534913421}",1.789145327042316
712,"{'Al': 0.7463649981200029, 'Cr': -1.2376177538946826, 'Mo': 0.3634266008318059}",6.553994965061086
713,"{'Al': 1.3802241737288576, 'Cr': -1.0764937472323954, 'Mo': -0.8629696001885102}",8.043546058732458
714,"{'Al': -0.22969939853058063, 'Cr': -1.2125772565696096, 'Mo': -1.2735531620276124}",5.2240770010950985
715,"{'Al': -1.1297841659963013, 'Cr': 0.6249412505031229, 'Mo': 0.6976293342787248}",0.8221058424797584
716,"{'Al': 1.3475200101689468, 'Cr': -1.4458398458023578, 'Mo': 0.4841447988940497}",6.90374616291195
717,"{'Al': -1.512633375493344, 'Cr': 0.6527487459592058, 'Mo': 1.2031387196531855}",-0.7070840844294795
718,"{'Al': 0.9572181150866887, 'Cr': 0.6097070225013415, 'Mo': -1.118318380039588}",3.019005953210119
719,"{'Al': 0.5037284040476804, 'Cr': -1.282941943740576, 'Mo': -1.3082180316454204}",8.532754110185063
720,"{'Al': 0.3394169092740611, 'Cr': -0.5767912794485966, 'Mo': -0.2539092341356324}",2.4761979115496184
721,"{'Al': 0.943355803766619, 'Cr': 1.2562423078318536, 'Mo': 1.5552317362116694}",11.38075360564999
722,"{'Al': -0.9904698367532419, 'Cr': 0.42619590258171147, 'Mo': 0.7291674410009321}",-0.1165032767310758
723,"{'Al': -1.345118217949519, 'Cr': -0.6228643591272602, 'Mo': -0.530767611614106}",0.8681907161193286
724,"{'Al': 1.293091711356161, 'Cr': 0.6726369811131105, 'Mo': -0.26483573712078035}",3.418905224655321
725,"{'Al': -1.5318016804057915, 'Cr': 0.6877841047305551, 'Mo': -0.579581365195371}",2.4332492193913127
726,"{'Al': -0.0770845676753753, 'Cr': -0.9207921295253111, 'Mo': -1.2487876301536458}",4.165483583200087
727,"{'Al': 0.84708885409401, 'Cr': 0.596519355377171, 'Mo': -1.0521268145049694}",2.811106504441729
728,"{'Al': 0.3986332794359704, 'Cr': 0.6330734720056763, 'Mo': -1.5416021482692757}",3.5050496644569646
729,"{'Al': 1.2696329382298188, 'Cr': 0.09965813916393618, 'Mo': 1.432241262273922}",3.2274421243173466
730,"{'Al': 0.26188744249254037, 'Cr': -1.0453985110998365, 'Mo': 0.31061524449332967}",5.398363761460691
731,"{'Al': -1.2380162609017034, 'Cr': -0.8192196550690432, 'Mo': -1.426356458977143}",-0.6764031214579511
732,"{'Al': 0.37125162658828303, 'Cr': -1.2497935555611421, 'Mo': -0.6493126512094338}",7.042571730586172
733,"{'Al': -1.1164453448323035, 'Cr': -0.05492549603054786, 'Mo': -0.8813311272594221}",-1.210549330781267
734,"{'Al': -1.4468948230627892, 'Cr': -1.259459433712447, 'Mo': 1.034903049587045}",6.710117264416866
735,"{'Al': 0.08184466839818305, 'Cr': -1.3634933645862246, 'Mo': -0.013161735799608998}",6.7869128423189
736,"{'Al': 1.1737824757152553, 'Cr': 0.9745384710092933, 'Mo': 0.4112324612096401}",6.257422845319628
737,"{'Al': 0.06386296992810792, 'Cr': -1.4464445726693196, 'Mo': 1.4329845047152894}",6.95192282003809
738,"{'Al': 0.4990787830996415, 'Cr': 1.2444270817396745, 'Mo': 0.661168597847658}",7.272038735292553
739,"{'Al': -0.9486743669829965, 'Cr': -1.5295297129393153, 'Mo': 1.0084797876566096}",7.283041294946839
740,"{'Al': 0.49808048464145926, 'Cr': -1.231239704319377, 'Mo': -0.14643704667085466}",6.805423786874453
741,"{'Al': 1.3976455696441943, 'Cr': -1.493817520466481, 'Mo': -0.30268088765347234}",8.606697728512248
742,"{'Al': -1.3278845758108044, 'Cr': -0.6972234704760941, 'Mo': -0.9303955092979244}",0.6073693894820309
743,"{'Al': 0.0009686128488821666, 'Cr': -0.9461477932405411, 'Mo': 1.030721194952858}",4.606390451771492
744,"{'Al': -0.8009206662697722, 'Cr': -0.5660817525361206, 'Mo': 0.6423153913126107}",1.5781162237601971
745,"{'Al': -1.1765289567457182, 'Cr': -1.3566339279046495, 'Mo': 0.9142480380238447}",6.974876181421631
746,"{'Al': 0.41541331150627725, 'Cr': 1.5586123016858404, 'Mo': 0.7261701662293758}",7.973358007898309
747,"{'Al': -0.10395233781541902, 'Cr': 1.0987150678348927, 'Mo': 0.3531188273757804}",5.400257074365636
748,"{'Al': 1.5284658307256915, 'Cr': -0.9950167277508025, 'Mo': -1.0487322167710054}",8.181504834266548
749,"{'Al': 0.2028125459886605, 'Cr': 0.0554252532237649, 'Mo': 0.12501047415735256}",0.22468348904668012
750,"{'Al': 0.17286176640232798, 'Cr': -0.6590064411193556, 'Mo': 1.3206218897002362}",2.8869167605406445
751,"{'Al': -0.8323155275823374, 'Cr': -0.3721127046974244, 'Mo': 1.161303887061437}",-0.07640926273023058
752,"{'Al': 0.5281660485710016, 'Cr': -0.7513969231844433, 'Mo': 0.9599537389811319}",3.5378455848954444
753,"{'Al': 0.22138893838727758, 'Cr': 1.329114883462525, 'Mo': 0.7375466094345526}",7.096681854080236
754,"{'Al': -0.8753000193675444, 'Cr': -0.7948580171054634, 'Mo': -0.8646868867444277}",1.8965746452557788
755,"{'Al': -0.010213507727474758, 'Cr': 0.5987682240343695, 'Mo': -1.0479168028996786}",2.214879250229772
756,"{'Al': -0.6047781215925705, 'Cr': 0.8958777188103451, 'Mo': 1.3153414979636677}",2.059101897705667
757,"{'Al': -1.3226451142003346, 'Cr': 0.48018124142689, 'Mo': -0.417512024516155}",0.8122850932239343
758,"{'Al': 1.2827076129682902, 'Cr': -1.219019502679552, 'Mo': -0.867835128316049}",8.839574470881038
759,"{'Al': 0.27846452448294357, 'Cr': 0.2843824320099593, 'Mo': -1.4903543844520528}",1.3705956447329186
760,"{'Al': -0.34254564430233514, 'Cr': 0.8458603773607694, 'Mo': -0.3421869242286588}",3.703118288709046
761,"{'Al': -1.193956300662184, 'Cr': 0.7536735873681657, 'Mo': -0.5484529782083256}",2.866357991722386
762,"{'Al': 1.143975806743502, 'Cr': -1.074729840353809, 'Mo': 1.2108146922875687}",5.725872788088756
763,"{'Al': 1.5041269796819305, 'Cr': 0.5912705162881999, 'Mo': -0.09994679007473484}",3.0733964081994753
764,"{'Al': 0.9880730879296387, 'Cr': -0.2623087966688773, 'Mo': -0.9309988304900388}",1.897663754610351
765,"{'Al': -1.1738652223236021, 'Cr': -1.060267456081219, 'Mo': -1.187506636905444}",1.922667734265908
766,"{'Al': -0.6848922013067821, 'Cr': 0.71438438961711, 'Mo': 0.2639345262210524}",2.2159578326757994
767,"{'Al': -0.37402660360768913, 'Cr': 0.17600707766572166, 'Mo': 0.6956438403340677}",-0.24922603948150995
768,"{'Al': 0.10105509504815702, 'Cr': -0.02730922926217394, 'Mo': 0.4357546673087307}",0.10643046349619857
769,"{'Al': -0.1603796145715588, 'Cr': -1.1190642346650646, 'Mo': -0.06117764344564258}",5.493426387493139
770,"{'Al': 1.2274234280088172, 'Cr': 0.599697866641892, 'Mo': -0.056517601641173476}",3.123341903692015
771,"{'Al': 0.6432580767839045, 'Cr': 0.052299087512455156, 'Mo': -0.5887334596379206}",0.6309834250839481
772,"{'Al': -0.8966089189793416, 'Cr': -1.2282000039731318, 'Mo': 0.9871046237858669}",6.241222472829617
773,"{'Al': -0.5848962563730324, 'Cr': 0.06166711858774865, 'Mo': -0.9524814998058623}",-0.711989557238101
774,"{'Al': -1.2759120081028046, 'Cr': 0.6243677740257887, 'Mo': 1.1381240404913018}",-0.3530216082988259
775,"{'Al': 1.1828188597170328, 'Cr': -0.265312213147481, 'Mo': 0.19814813801598796}",1.3347293148783916
776,"{'Al': 1.021066826071006, 'Cr': -0.2813510774709087, 'Mo': -0.8186857076832438}",1.8565176408275494
777,"{'Al': -0.22382737903412186, 'Cr': -0.6375131855360467, 'Mo': -0.1493838871592661}",2.2316968314178336
778,"{'Al': -0.5823223875252758, 'Cr': -0.552149295818219, 'Mo': 0.41378946888863277}",1.528549131344236
779,"{'Al': -1.434309781842807, 'Cr': 0.8494182003368596, 'Mo': 1.2094509214326377}",0.35660154268696687
780,"{'Al': 1.4471367512217692, 'Cr': -0.44786165728518523, 'Mo': 0.37274342149119044}",2.0421809459124463
781,"{'Al': -0.08098256481480237, 'Cr': 1.3408941497329008, 'Mo': 0.9747805519794053}",6.4012835286957985
782,"{'Al': -1.153169052547353, 'Cr': -0.2300136188544215, 'Mo': -0.21102719822970828}",-0.6169879355200357
783,"{'Al': -0.8063513621749161, 'Cr': 0.47132450156026584, 'Mo': -0.4697006827426}",0.9170708802709154
784,"{'Al': 0.668135601115333, 'Cr': 0.865069766334225, 'Mo': -0.9812433559406705}",4.314442240362792
785,"{'Al': 1.3658861149823114, 'Cr': 0.1696594667245106, 'Mo': -0.5992502516817925}",1.0839482427005966
786,"{'Al': -0.20003711135347824, 'Cr': 0.2075317380945323, 'Mo': 1.4294074296659445}",-0.38407547232888867
787,"{'Al': 0.3482118898771487, 'Cr': -0.8495976168957863, 'Mo': -0.1097574645908459}",4.328564945194802
788,"{'Al': -1.1727328787846498, 'Cr': 1.5529982982182884, 'Mo': -0.2712724561051989}",6.597821270934914
789,"{'Al': 0.5321562952240027, 'Cr': -0.7174229332741023, 'Mo': 0.47011783886362357}",3.330424693602748
790,"{'Al': -1.4757331527864321, 'Cr': 0.7601777965158036, 'Mo': -0.19471929103538987}",2.5699361851503637
791,"{'Al': 1.3693159196201288, 'Cr': -1.1139414524459745, 'Mo': 0.8318856303723456}",5.501472346394291
792,"{'Al': 1.5682190008892594, 'Cr': -0.5702241232378018, 'Mo': -0.9715143559780491}",4.412607446156958
793,"{'Al': -0.5660667059751143, 'Cr': 0.65275820353579, 'Mo': 1.2327859671532102}",0.909081423291338
794,"{'Al': 1.4494107942768388, 'Cr': 0.11251156651845817, 'Mo': -1.4708430658593517}",3.15370128314554
795,"{'Al': 1.4349970989981262, 'Cr': 0.7495011494542299, 'Mo': 0.3072036391842732}",4.612367496040322
796,"{'Al': 0.6688815755005502, 'Cr': 0.9449916834136416, 'Mo': 1.1447515849568108}",6.559965060574669
797,"{'Al': 0.24973130853754832, 'Cr': 1.4686831693550975, 'Mo': -1.3665187774706578}",7.078440782169782
798,"{'Al': -1.3719668663616875, 'Cr': 0.3781301953295233, 'Mo': 0.10092510054404502}",-0.08632384548234528
799,"{'Al': 0.7518722890198681, 'Cr': -0.13628057416491757, 'Mo': 1.3000030583135316}",1.636305211571461
800,"{'Al': 0.45265939945484535, 'Cr': -1.5530404328537604, 'Mo': 0.19464651505607256}",7.282655390408033
801,"{'Al': 1.0137101456866295, 'Cr': 1.1395967478526385, 'Mo': 1.332162281899833}",9.580694043741142
802,"{'Al': 0.7666542451993386, 'Cr': -1.4458167033095148, 'Mo': 0.773380226036477}",6.7759189778336735
803,"{'Al': -0.37855241210823887, 'Cr': 0.2916734488307253, 'Mo': 1.1763997041315202}",-0.29637879079801577
804,"{'Al': 0.7486534279429153, 'Cr': -0.19825359278390398, 'Mo': 0.5664827994200139}",0.8861160870386646
805,"{'Al': 0.01988480323869024, 'Cr': -1.2179449951479744, 'Mo': 1.4389791882173668}",6.189077395003398
806,"{'Al': 0.1400863942668551, 'Cr': -0.5579268212871156, 'Mo': 0.38255874633750087}",2.0665484865203267
807,"{'Al': -0.5967552622747055, 'Cr': -1.105272772053854, 'Mo': 1.149875673606672}",5.37542928996052
808,"{'Al': 0.41870080354066364, 'Cr': 0.8243559935954776, 'Mo': -0.9135524170044904}",3.953390989694262
809,"{'Al': 1.2426210983557637, 'Cr': 0.9747337809826173, 'Mo': 0.4103941362863679}",6.309407117282992
810,"{'Al': -0.038097306160549405, 'Cr': -0.7185077254048587, 'Mo': -0.5797318492604551}",2.9737825540722294
811,"{'Al': -1.296723919007711, 'Cr': 1.4237010803874903, 'Mo': -0.7892578864256745}",7.2168047494422725
812,"{'Al': 0.752033862809816, 'Cr': 0.7780549456068773, 'Mo': -0.8103377440955579}",3.729988867929654
813,"{'Al': 1.091394499200419, 'Cr': 1.4302955331840823, 'Mo': 1.471462401106428}",12.113873736429076
814,"{'Al': 1.4152799768544462, 'Cr': -0.3404110070322097, 'Mo': -0.3195432535906695}",1.9485600254950075
815,"{'Al': -0.6941581460713414, 'Cr': -1.034459021785402, 'Mo': 1.0590944134535554}",4.9796616630542925
816,"{'Al': 0.3336431702541476, 'Cr': 0.11804722193326489, 'Mo': 0.2904281232446837}",0.43992015580369564
817,"{'Al': 0.08333800584053619, 'Cr': -0.7853896918850075, 'Mo': -0.4025213279508397}",3.6161422126099625
818,"{'Al': -0.9525367013556264, 'Cr': 0.22692999890228482, 'Mo': -0.8629965781989842}",-0.4694541529341984
819,"{'Al': -0.06943608014628722, 'Cr': -0.44424896273373493, 'Mo': 0.47969865061173556}",1.2399237146920172
820,"{'Al': 0.42774637095823076, 'Cr': -1.4247847799326487, 'Mo': 1.2360971746305296}",6.9469730258422775
821,"{'Al': 0.43175098233199316, 'Cr': -0.3696621400742919, 'Mo': 1.3295796164088536}",1.7432371928358534
822,"{'Al': 0.7319466252813895, 'Cr': 0.5093258395539575, 'Mo': -1.5578841682157132}",3.6674950353163
823,"{'Al': -1.3510977352998004, 'Cr': 0.8144870025759126, 'Mo': -1.1128310605672838}",3.2872725572778454
824,"{'Al': -0.4018429946777067, 'Cr': -0.5599603026050095, 'Mo': -1.3427372722516286}",0.6050058949752427
825,"{'Al': -0.34544247377829795, 'Cr': -0.701391087125817, 'Mo': 0.08065026943783904}",2.599896115796012
826,"{'Al': 0.34153511231687905, 'Cr': 0.14632087532232196, 'Mo': 1.2472456418288345}",0.961539462898551
827,"{'Al': 0.42553219532878694, 'Cr': -0.47362181379606283, 'Mo': -1.3402028940237383}",2.842633608718321
828,"{'Al': -0.2803127599722597, 'Cr': 0.2944563017247306, 'Mo': 0.2049968452060631}",0.29172289753590924
829,"{'Al': 1.199028825687603, 'Cr': 1.3681469007761784, 'Mo': 1.47320385247321}",12.23779247834867
830,"{'Al': 1.2447103711704508, 'Cr': 0.13079797973498253, 'Mo': 0.054266620516866926}",1.0767186810552916
831,"{'Al': 1.1129282166124619, 'Cr': 0.6405251615848542, 'Mo': -0.8781153434802795}",2.956840617623489
832,"{'Al': 1.5501603699767457, 'Cr': 1.4601352317857126, 'Mo': 1.2690138931083563}",11.977291530930426
833,"{'Al': 0.3303692800556093, 'Cr': -1.3698291493694637, 'Mo': 0.8741015374644845}",6.69985513669552
834,"{'Al': 1.482235000309557, 'Cr': -1.3681115401683717, 'Mo': -1.2149752170305361}",11.232932116426563
835,"{'Al': 0.13112663995942841, 'Cr': 0.407566149264468, 'Mo': -0.7388212067314021}",1.2021546969324004
836,"{'Al': -0.5888960101007282, 'Cr': 0.3343541346051746, 'Mo': -0.08093861462135066}",0.21790141481335448
837,"{'Al': -1.1530332607061573, 'Cr': 0.8151220403412509, 'Mo': 0.6484668070092261}",2.024791686013012
838,"{'Al': -1.2836674727880113, 'Cr': -0.28524427665089447, 'Mo': 1.2169912736671264}",-0.970246317616059
839,"{'Al': 0.2077117065813332, 'Cr': 0.2216168306957358, 'Mo': -1.49433453977005}",0.9806791155001918
840,"{'Al': -0.9262983565536974, 'Cr': 1.487823061294557, 'Mo': -1.1265375752887157}",7.124178183437424
841,"{'Al': 0.32879504872119525, 'Cr': -0.03305841140751786, 'Mo': -0.8014250809154136}",0.4077046243342517
842,"{'Al': -0.9181221379477146, 'Cr': 0.5940317992430639, 'Mo': -0.5337056977520198}",1.7081796511773915
843,"{'Al': 0.3646791840317609, 'Cr': 0.8570549029174281, 'Mo': -0.5134282264347243}",4.1776099059977785
844,"{'Al': -0.47082522270352767, 'Cr': 0.782331443896922, 'Mo': -0.625605843691253}",3.263824025609099
845,"{'Al': 0.2506227666706522, 'Cr': -0.7328153508381627, 'Mo': 1.4639475665879553}",3.6508987927350574
846,"{'Al': -1.4114550732864937, 'Cr': 0.1642114498076397, 'Mo': 0.023116162332157852}",-0.8064128616726093
847,"{'Al': 1.036149533190636, 'Cr': -0.6794169116477639, 'Mo': 0.5090791025184838}",3.2375247793001347
848,"{'Al': -0.682159101973496, 'Cr': 0.18698800340553445, 'Mo': 1.2415914925798184}",-1.3193266051691936
849,"{'Al': 0.8264710065976155, 'Cr': -0.1934576985809846, 'Mo': -0.5857366220177239}",1.1495316498660102
850,"{'Al': -0.6668862199590969, 'Cr': 0.8974957162997246, 'Mo': -0.7621417702030865}",4.083334070979383
851,"{'Al': 1.0583355666540677, 'Cr': -0.11277172687705739, 'Mo': 1.2284395783564839}",1.7885945906666338
852,"{'Al': 0.8179362642602945, 'Cr': 0.9562256390802806, 'Mo': 0.28722188042279795}",5.6667409903471855
853,"{'Al': -1.5487401373801657, 'Cr': -1.222302661755239, 'Mo': -1.1563990009352225}",2.0971794602633307
854,"{'Al': 1.1269176182623957, 'Cr': 0.5766130737563944, 'Mo': -0.8177005510638699}",2.581831896311615
855,"{'Al': -0.40626292121049135, 'Cr': 0.6583790401076914, 'Mo': 1.340299344547771}",1.1825215393771003
856,"{'Al': -0.620867919085021, 'Cr': -0.08618291049357274, 'Mo': 1.2124096067558998}",-1.083391417881168
857,"{'Al': -1.5472959401799393, 'Cr': -1.3911886104918216, 'Mo': -1.5687693690319005}",-0.413762726645289
858,"{'Al': -0.6274625237875681, 'Cr': -0.967362285073895, 'Mo': -0.19252131697062613}",4.020385495106454
859,"{'Al': 1.5351019374574113, 'Cr': 1.3428884244843786, 'Mo': 0.8660615931370907}",9.73584075703398
860,"{'Al': 1.1942410304917823, 'Cr': 0.833311985153482, 'Mo': -0.890866860074921}",4.077289973585613
861,"{'Al': -1.431787697972214, 'Cr': -0.4522890733166447, 'Mo': 0.37255212248695746}",0.6095787041535085
862,"{'Al': -1.5079081918357113, 'Cr': 0.9754894677114128, 'Mo': -0.47122808204984357}",4.525045762581515
863,"{'Al': -0.29640517457629345, 'Cr': 1.0432948678951117, 'Mo': -1.3700063799458009}",4.885251282885447
864,"{'Al': 0.053931699397979926, 'Cr': 1.4058085575328558, 'Mo': 1.2191831202911891}",7.0244212649723075
865,"{'Al': -0.20930008290141844, 'Cr': -0.5199678997424226, 'Mo': 0.05015263515892254}",1.5269923394336091
866,"{'Al': 1.2827457249865328, 'Cr': -1.0904557091033145, 'Mo': -1.128636387761135}",8.901571026525682
867,"{'Al': -1.0477733368023143, 'Cr': -0.7942059618803561, 'Mo': 0.9331506579927606}",3.237190749481204
868,"{'Al': -1.4917695045215686, 'Cr': 0.8784641230405699, 'Mo': 0.47669565369726463}",2.4437586669482725
869,"{'Al': 0.8164270503795472, 'Cr': -1.1325871809128483, 'Mo': -0.7364934651979903}",7.342258371094339
870,"{'Al': -1.1286063152326162, 'Cr': 0.08782296652525012, 'Mo': 0.8350288986112702}",-1.164877410772459
871,"{'Al': 0.2444385933174491, 'Cr': -0.17584699803677384, 'Mo': -1.3370574134079332}",0.909329246427125
872,"{'Al': -0.3361670172000881, 'Cr': -0.25410111495305543, 'Mo': -0.43270358792748476}",0.06117004197921018
873,"{'Al': -0.11231711097662189, 'Cr': -1.2470141745901486, 'Mo': 0.6141708105818431}",6.270456048113831
874,"{'Al': 0.730157117987495, 'Cr': 0.3277359697688864, 'Mo': 1.2632489379060172}",2.585490175740145
875,"{'Al': 0.6202454374020743, 'Cr': 0.646378421167757, 'Mo': 1.253415494902303}",4.406314171631676
876,"{'Al': -1.0005046430276683, 'Cr': 0.34533094851450685, 'Mo': 1.2553797889632556}",-1.5689122524631802
877,"{'Al': 1.4026581084060106, 'Cr': 1.244206026314087, 'Mo': -1.5328667134737257}",7.379138033296306
878,"{'Al': -0.2717091190050398, 'Cr': -1.0907820520931477, 'Mo': 0.8187802895333953}",5.458213304480149
879,"{'Al': 0.9278550117674107, 'Cr': -1.4721812077695642, 'Mo': -0.47047318522821246}",8.452297917943044
880,"{'Al': -0.024171688902845156, 'Cr': 0.43866345669855633, 'Mo': -1.34890521118245}",1.2150102040613078
881,"{'Al': -0.2767198786011391, 'Cr': 0.7712848060749504, 'Mo': 1.550226617413391}",1.9760490272014932
882,"{'Al': 0.0477761458311996, 'Cr': 0.6021727745735408, 'Mo': 1.2098105446253449}",2.385131087886886
883,"{'Al': -0.38539634188996685, 'Cr': 0.03204433063153633, 'Mo': 1.4595448654764027}",-1.242184476613861
884,"{'Al': -0.7408509231409541, 'Cr': 1.5114978114871382, 'Mo': -0.38476347026788416}",6.767807381302903
885,"{'Al': -0.10422232850021418, 'Cr': -1.3345308978347485, 'Mo': -0.08542358123878113}",6.498667345408056
886,"{'Al': 0.618648646231228, 'Cr': 1.244231078388073, 'Mo': 1.5704088992095935}",9.877345567863221
887,"{'Al': 0.852369207776936, 'Cr': 0.7472136430241219, 'Mo': 0.8319302324003361}",4.775789567053479
888,"{'Al': 0.17464738651582445, 'Cr': -0.6210029099320015, 'Mo': 1.2649846103874496}",2.6085581468161116
889,"{'Al': -0.454787772598906, 'Cr': -1.1930622173761194, 'Mo': -1.3714404563748324}",4.029609615574693
890,"{'Al': 0.28794546376506536, 'Cr': 0.7289181169513546, 'Mo': 0.8254738752826309}",3.6605277950291
891,"{'Al': -0.1512188251270703, 'Cr': -0.19147167649421148, 'Mo': 0.2938492823919121}",0.11287492978203914
892,"{'Al': 0.41715193274383666, 'Cr': 0.0001348124278517382, 'Mo': 0.6667194410425203}",0.44523236664037846
893,"{'Al': 0.734142101969022, 'Cr': -0.1132045892564646, 'Mo': 1.160350943177519}",1.255234766591288
894,"{'Al': 0.43532481628760866, 'Cr': 0.9742196204217892, 'Mo': 1.1059607099425373}",6.058612293968948
895,"{'Al': -0.9995126791134943, 'Cr': -1.274092649186162, 'Mo': 1.2761215682330458}",6.142852967728895
896,"{'Al': 1.5098251063036239, 'Cr': 0.6568339125186418, 'Mo': 0.4162292005303678}",4.079708579821425
897,"{'Al': 0.03375289170305518, 'Cr': -0.6080681067347599, 'Mo': 1.4252197727410643}",2.354883288822101
898,"{'Al': 0.24958411368679578, 'Cr': 0.06954391278531835, 'Mo': -0.6091615268661233}",0.284829991473392
899,"{'Al': -1.3448915571740705, 'Cr': -1.5602211829062325, 'Mo': -0.5511227830399033}",4.787594145858359
900,"{'Al': -1.50819642011175, 'Cr': -1.1946899311956738, 'Mo': -0.8188648057867368}",3.300290829196094
901,"{'Al': 0.5269541365952657, 'Cr': 0.21546271861462474, 'Mo': -0.3434537761700853}",0.7785203098653528
902,"{'Al': -0.7225008792753114, 'Cr': -0.16639897845411, 'Mo': 1.5160369059093135}",-2.0138524544009044
903,"{'Al': -1.0907806721000046, 'Cr': 1.0082766885059486, 'Mo': 0.4092974303942756}",3.60031336050929
904,"{'Al': 0.7007901404172618, 'Cr': -1.261622652725162, 'Mo': -0.842616978755246}",7.987252491111734
905,"{'Al': 1.0510320776314934, 'Cr': 0.40655233385071976, 'Mo': -0.321381086856823}",1.8051640906250939
906,"{'Al': 0.8743409541454317, 'Cr': 0.4466141022874268, 'Mo': 0.26845332531982513}",2.2004348724799203
907,"{'Al': 0.6104407477045135, 'Cr': 0.09111779415760912, 'Mo': 1.281165068675716}",1.4851599561599926
908,"{'Al': 0.9978753357991903, 'Cr': 0.20505357654698364, 'Mo': -0.13723166941486187}",1.0971202817264534
909,"{'Al': -0.7345606832896325, 'Cr': 1.0436543823818947, 'Mo': 1.0251464295573216}",3.3102871489940244
910,"{'Al': -1.2282043611800113, 'Cr': 0.40823717922305947, 'Mo': -0.7525333255637324}",0.4394926883097378
911,"{'Al': -0.8661755267840652, 'Cr': 1.5193194639900462, 'Mo': -0.32307095217388615}",6.680302146584443
912,"{'Al': -0.4556764096553083, 'Cr': -0.1785839735179291, 'Mo': -1.3418007055242234}",-1.0576601366867129
913,"{'Al': -0.06303625284350067, 'Cr': -0.8693703199544116, 'Mo': 1.505063173227812}",3.951137474429037
914,"{'Al': 0.45712176457008447, 'Cr': -0.3949110760634491, 'Mo': 0.38380182526842077}",1.3974803620264467
915,"{'Al': -0.19602700018596275, 'Cr': -1.4477840726839788, 'Mo': -1.513952426914345}",5.743137945038599
916,"{'Al': -0.11612564660915359, 'Cr': -0.3969636932689664, 'Mo': -1.4071157069494147}",0.629322249326
917,"{'Al': 0.5178826593648411, 'Cr': -1.1676711772000208, 'Mo': -0.14846427907971993}",6.522574361038664
918,"{'Al': 0.4499627121105889, 'Cr': 0.21966774675302503, 'Mo': 0.7434027486719885}",0.9225445781641622
919,"{'Al': 1.5412942928681508, 'Cr': 0.9046092757942441, 'Mo': 1.3251561571479793}",8.740101548730454
920,"{'Al': -0.5750765392492124, 'Cr': 0.7332630560089579, 'Mo': 1.141486724771923}",1.5808765140711785
921,"{'Al': 0.22750576517665833, 'Cr': 1.3051203991507472, 'Mo': -0.40981409464814234}",6.605914462625477
922,"{'Al': 1.5036336145631295, 'Cr': -0.4101382722138889, 'Mo': 0.045968048370409464}",2.0787187875002653
923,"{'Al': 0.5428412314171438, 'Cr': -0.927734042989225, 'Mo': -0.7975715571037593}",5.569802623569483
924,"{'Al': 0.4810715616970489, 'Cr': -0.32516228068434216, 'Mo': 0.770120822098117}",1.1136686558200688
925,"{'Al': 1.2770254720508896, 'Cr': -1.4621796951838655, 'Mo': 0.06512692426946098}",7.745348708002183
926,"{'Al': 1.5653327814227196, 'Cr': -1.0715785497909576, 'Mo': -0.5489381978676577}",7.416790294745419
927,"{'Al': -1.1450269468894017, 'Cr': 1.4184455158677505, 'Mo': 1.0817505849521214}",3.487949926515364
928,"{'Al': -0.9623267958053042, 'Cr': -1.0026442999638732, 'Mo': 1.4373011933265611}",3.8662835429815647
929,"{'Al': -0.8830087933111247, 'Cr': 1.0936946599556348, 'Mo': 0.7507277659284979}",3.8139520257180326
930,"{'Al': 1.2675315294658995, 'Cr': -0.7256363118305599, 'Mo': 1.1148886202036556}",3.662422623667707
931,"{'Al': 1.2047786125697666, 'Cr': 0.6691715417998991, 'Mo': -0.5862082778098011}",3.1450303687336314
932,"{'Al': 0.6252418790872056, 'Cr': -0.36673435499441887, 'Mo': 0.03341093369329595}",1.4759272170126774
933,"{'Al': 1.0523533519348107, 'Cr': -0.43795186676603093, 'Mo': -0.17626214137043839}",2.223976976862869
934,"{'Al': -1.271421432739186, 'Cr': 1.3682564958761723, 'Mo': -0.9354432277112}",7.08721816210492
935,"{'Al': 0.41881298150393387, 'Cr': -0.46088115032091936, 'Mo': 0.3254874021942795}",1.7165668894864141
936,"{'Al': -0.3289399696278219, 'Cr': 1.014769852172055, 'Mo': -1.0318334859986829}",4.936217017748589
937,"{'Al': -0.5855628633318896, 'Cr': -0.8008286914814534, 'Mo': -1.3224453881572522}",1.5192957955600934
938,"{'Al': -0.7772919262360449, 'Cr': 1.1224707348292426, 'Mo': -1.4248914155304413}",4.856270381558805
939,"{'Al': 0.49606934358701293, 'Cr': -0.0327226292082341, 'Mo': -1.2959877325200366}",1.1790680344942057
940,"{'Al': 0.16032665555747672, 'Cr': 0.5746199122988034, 'Mo': -1.4724606963267608}",2.4503530964766265
941,"{'Al': 0.3752046685179158, 'Cr': -0.9155650877551667, 'Mo': 0.6119325416644585}",4.54478402395282
942,"{'Al': -0.3117033339695445, 'Cr': 0.06599946784366817, 'Mo': 0.8699692069808691}",-0.38564999147006435
943,"{'Al': -0.19691632856382646, 'Cr': -0.16600444542433412, 'Mo': -1.305220424022663}",-0.33790676532490777
944,"{'Al': 0.9794195190677604, 'Cr': -1.4029802212899596, 'Mo': 0.016486545198376}",7.609859175399128
945,"{'Al': -0.0026109029469192357, 'Cr': 1.145668363343642, 'Mo': -1.1346591199498821}",5.8082956380103985
946,"{'Al': -0.31970323311818727, 'Cr': -1.0912367939807188, 'Mo': 1.5690011788193705}",4.826789578802122
947,"{'Al': -0.14553706436098235, 'Cr': 1.5418718187813751, 'Mo': -0.3366087079843618}",6.933052974276945
948,"{'Al': -1.0445914620458263, 'Cr': -0.6832413488474629, 'Mo': 1.0702803546313953}",2.2101122706294105
949,"{'Al': -1.1603844946409467, 'Cr': -1.3763996230169464, 'Mo': -0.07230551859582346}",5.695967152924702
950,"{'Al': 1.0487184948476718, 'Cr': -1.0409178286547818, 'Mo': -1.4807246185364649}",9.841424849368698
951,"{'Al': 0.6320731196672114, 'Cr': -0.8943359206499255, 'Mo': -0.7090792529952973}",5.388607751371184
952,"{'Al': 0.2044160839631215, 'Cr': 0.7280460736875916, 'Mo': -0.974143744782677}",3.223788533209289
953,"{'Al': -1.2841461274765393, 'Cr': -0.635776405963186, 'Mo': 0.7498398239956585}",2.0428419155964583
954,"{'Al': 1.3689584001091673, 'Cr': -1.523550378655347, 'Mo': 0.1951454014456131}",7.539667556201484
955,"{'Al': 1.2067194925162905, 'Cr': -0.8974794823719976, 'Mo': -0.9651439711922564}",6.760209905959373
956,"{'Al': -0.9876918197797925, 'Cr': 0.06124358816322473, 'Mo': 0.09482351978598125}",-0.815446656532682
957,"{'Al': 0.8272589910350483, 'Cr': 1.5304954883417423, 'Mo': -0.14697406928208356}",7.520463947748108
958,"{'Al': -0.06541962421681013, 'Cr': -1.545062878090085, 'Mo': 1.1844422482007682}",6.9930756254284105
959,"{'Al': 0.197525314047168, 'Cr': 0.46992907531595884, 'Mo': 0.7834628302518709}",1.7561947900055073
960,"{'Al': -0.8254094478659274, 'Cr': 0.11934543629178584, 'Mo': 0.5593637722902587}",-0.7375946438449912
961,"{'Al': 0.8751626029626349, 'Cr': 0.8360000913561749, 'Mo': 0.8047774817617155}",5.455898202787287
962,"{'Al': -0.015555197680239274, 'Cr': 0.9331421931943829, 'Mo': 1.2729593210874808}",4.4624535965513745
963,"{'Al': 0.9966956270367553, 'Cr': -0.977032557934459, 'Mo': 0.04930083805540875}",5.593232266497895
964,"{'Al': 1.0340760129717999, 'Cr': -1.1382220223815156, 'Mo': -0.1887204161126017}",6.880758149629094
965,"{'Al': -0.2642349085590068, 'Cr': -0.6647184299686798, 'Mo': -0.9700472512660765}",2.086229231461408
966,"{'Al': -0.1535641885139578, 'Cr': -1.3841655032534452, 'Mo': -0.8038729335195159}",6.382609324388018
967,"{'Al': -1.528795865840089, 'Cr': 0.9736383407857416, 'Mo': 1.3445673736815587}",0.13851310577314724
968,"{'Al': 0.4674760581372932, 'Cr': 0.4446506838001385, 'Mo': -0.9123547114609166}",1.6769326064410848
969,"{'Al': -0.7876962576839179, 'Cr': -0.21592426495169081, 'Mo': -0.280552860543581}",-0.4474164014328752
970,"{'Al': 0.4640352595756059, 'Cr': -0.4229847367976822, 'Mo': 0.15070403726864745}",1.5908179281306116
971,"{'Al': 0.1206620564652694, 'Cr': 1.1736032396155318, 'Mo': -0.6779049956636063}",5.974604710243165
972,"{'Al': -1.241809663054048, 'Cr': 1.1524213863388963, 'Mo': -0.545413599745115}",5.710081778506905
973,"{'Al': -0.7651321069865851, 'Cr': -1.4404354838750533, 'Mo': -0.6554087308015296}",5.332699353840209
974,"{'Al': -0.7459341722548277, 'Cr': 1.1308226741632486, 'Mo': 0.5034852072818139}",4.54342627920327
975,"{'Al': -0.8678313722214324, 'Cr': 0.8083192276928459, 'Mo': -0.4756391833715816}",3.2674329410715304
976,"{'Al': -0.7215363711987361, 'Cr': -1.2348802180147154, 'Mo': 0.9751338425073}",6.237631370109233
977,"{'Al': 1.4758533835912688, 'Cr': 1.549734019703494, 'Mo': -0.4834783981991908}",6.892834517851832
978,"{'Al': -1.0460525055315055, 'Cr': -0.13285841638529083, 'Mo': 1.2823075659009642}",-1.7142872133873266
979,"{'Al': -1.049103726300038, 'Cr': 0.8433108356320314, 'Mo': -0.2987496530917675}",3.3390942626878366
980,"{'Al': 0.03812598971663905, 'Cr': 1.0828140137329734, 'Mo': 1.3096720233049557}",5.615307469597277
981,"{'Al': -0.5282397210623133, 'Cr': 1.166560209414238, 'Mo': 0.67684265699932}",4.882856538611268
982,"{'Al': -0.31913443319117474, 'Cr': 1.367468027187413, 'Mo': 0.2178042055142828}",6.291382294546567
983,"{'Al': -1.0531106929530882, 'Cr': 0.06123078597261267, 'Mo': -0.23730485849358196}",-0.8259227433001156
984,"{'Al': -1.3949072210223026, 'Cr': 0.9547756852727831, 'Mo': 0.8863286989562043}",2.1093423998622156
985,"{'Al': -1.4775397680207325, 'Cr': -0.7841633162242204, 'Mo': -0.6924892783898198}",1.5080046664228246
986,"{'Al': 0.5391932186984549, 'Cr': -0.9346740816539597, 'Mo': 1.0025846591411525}",4.725683900425258
987,"{'Al': 0.9574709721200763, 'Cr': -0.13374105409845893, 'Mo': 0.36918279543532617}",0.8932980971541067
988,"{'Al': -0.8221565166616389, 'Cr': 1.437254895047472, 'Mo': -0.693730299197803}",6.9527812364530295
989,"{'Al': -1.302766483662261, 'Cr': 0.8308206312744026, 'Mo': -0.6954852495821217}",3.574219427220826
990,"{'Al': -0.771631910892542, 'Cr': 1.4530530649856845, 'Mo': -0.12987578708564262}",6.36821438593192
991,"{'Al': -0.32166774582106217, 'Cr': -0.07249045367013696, 'Mo': -0.3642713227970398}",-0.2927239990337773
992,"{'Al': 1.311142253209761, 'Cr': 0.7066385038896339, 'Mo': -0.586468172179418}",3.364899617795722
993,"{'Al': -0.5889169076215781, 'Cr': 0.6377241241880984, 'Mo': -1.2549725016791848}",1.7710349342369094
994,"{'Al': 1.24944745674054, 'Cr': -0.030854040025343643, 'Mo': 0.14074578632401114}",0.9493139456674299
995,"{'Al': 0.576583380032976, 'Cr': 1.1779362715595592, 'Mo': -0.4624284377625907}",6.1697744861741
996,"{'Al': 1.3097757041971816, 'Cr': 1.1899718167259006, 'Mo': -0.014250729404016393}",6.974749028173502
997,"{'Al': -0.71193194630004, 'Cr': -1.0271295318148232, 'Mo': -0.8652497761757177}",3.5727762644530574
998,"{'Al': -1.4086734537189012, 'Cr': -1.2990234175336748, 'Mo': 0.1706806836004593}",5.842082777680125
999,"{'Al': -0.5837608020339361, 'Cr': -1.132557544472482, 'Mo': 1.277425825161008}",5.374868864986594
