material_id,composition,target
0,"{'Al': -1.5707963267948966, 'Cr': -1.5707963267948966, 'Mo': -1.5707963267948966}",-2.121320343559643
1,"{'Al': -1.5707963267948966, 'Cr': -1.5707963267948966, 'Mo': -1.2217304763960306}",-1.7207293090531384
2,"{'Al': -1.5707963267948966, 'Cr': -1.5707963267948966, 'Mo': -0.8726646259971648}",-1.2678547852220985
3,"{'Al': -1.5707963267948966, 'Cr': -1.5707963267948966, 'Mo': -0.5235987755982989}",-0.7764571353075626
4,"{'Al': -1.5707963267948966, 'Cr': -1.5707963267948966, 'Mo': -0.17453292519943298}",-0.2614672282429746
5,"{'Al': -1.5707963267948966, 'Cr': -1.5707963267948966, 'Mo': 0.17453292519943298}",0.2614672282429746
6,"{'Al': -1.5707963267948966, 'Cr': -1.5707963267948966, 'Mo': 0.5235987755982987}",0.7764571353075622
7,"{'Al': -1.5707963267948966, 'Cr': -1.5707963267948966, 'Mo': 0.8726646259971647}",1.2678547852220983
8,"{'Al': -1.5707963267948966, 'Cr': -1.5707963267948966, 'Mo': 1.2217304763960306}",1.7207293090531384
9,"{'Al': -1.5707963267948966, 'Cr': -1.5707963267948966, 'Mo': 1.5707963267948966}",2.121320343559643
10,"{'Al': -1.5707963267948966, 'Cr': -1.2217304763960306, 'Mo': -1.5707963267948966}",-1.7207293090531386
11,"{'Al': -1.5707963267948966, 'Cr': -1.2217304763960306, 'Mo': -1.2217304763960306}",-1.3957860556157167
12,"{'Al': -1.5707963267948966, 'Cr': -1.2217304763960306, 'Mo': -0.8726646259971648}",-1.0284325491802355
13,"{'Al': -1.5707963267948966, 'Cr': -1.2217304763960306, 'Mo': -0.5235987755982989}",-0.6298306401498932
14,"{'Al': -1.5707963267948966, 'Cr': -1.2217304763960306, 'Mo': -0.17453292519943298}",-0.21209164582827805
15,"{'Al': -1.5707963267948966, 'Cr': -1.2217304763960306, 'Mo': 0.17453292519943298}",0.21209164582827805
16,"{'Al': -1.5707963267948966, 'Cr': -1.2217304763960306, 'Mo': 0.5235987755982987}",0.6298306401498929
17,"{'Al': -1.5707963267948966, 'Cr': -1.2217304763960306, 'Mo': 0.8726646259971647}",1.0284325491802355
18,"{'Al': -1.5707963267948966, 'Cr': -1.2217304763960306, 'Mo': 1.2217304763960306}",1.3957860556157167
19,"{'Al': -1.5707963267948966, 'Cr': -1.2217304763960306, 'Mo': 1.5707963267948966}",1.7207293090531386
20,"{'Al': -1.5707963267948966, 'Cr': -0.8726646259971648, 'Mo': -1.5707963267948966}",-1.2678547852220985
21,"{'Al': -1.5707963267948966, 'Cr': -0.8726646259971648, 'Mo': -1.2217304763960306}",-1.0284325491802355
22,"{'Al': -1.5707963267948966, 'Cr': -0.8726646259971648, 'Mo': -0.8726646259971648}",-0.7577619105435116
23,"{'Al': -1.5707963267948966, 'Cr': -0.8726646259971648, 'Mo': -0.5235987755982989}",-0.46406705970095136
24,"{'Al': -1.5707963267948966, 'Cr': -0.8726646259971648, 'Mo': -0.17453292519943298}",-0.15627176607864054
25,"{'Al': -1.5707963267948966, 'Cr': -0.8726646259971648, 'Mo': 0.17453292519943298}",0.15627176607864054
26,"{'Al': -1.5707963267948966, 'Cr': -0.8726646259971648, 'Mo': 0.5235987755982987}",0.4640670597009512
27,"{'Al': -1.5707963267948966, 'Cr': -0.8726646259971648, 'Mo': 0.8726646259971647}",0.7577619105435115
28,"{'Al': -1.5707963267948966, 'Cr': -0.8726646259971648, 'Mo': 1.2217304763960306}",1.0284325491802355
29,"{'Al': -1.5707963267948966, 'Cr': -0.8726646259971648, 'Mo': 1.5707963267948966}",1.2678547852220985
30,"{'Al': -1.5707963267948966, 'Cr': -0.5235987755982989, 'Mo': -1.5707963267948966}",-0.7764571353075626
31,"{'Al': -1.5707963267948966, 'Cr': -0.5235987755982989, 'Mo': -1.2217304763960306}",-0.6298306401498932
32,"{'Al': -1.5707963267948966, 'Cr': -0.5235987755982989, 'Mo': -0.8726646259971648}",-0.4640670597009514
33,"{'Al': -1.5707963267948966, 'Cr': -0.5235987755982989, 'Mo': -0.5235987755982989}",-0.2842030364722591
34,"{'Al': -1.5707963267948966, 'Cr': -0.5235987755982989, 'Mo': -0.17453292519943298}",-0.09570364779403276
35,"{'Al': -1.5707963267948966, 'Cr': -0.5235987755982989, 'Mo': 0.17453292519943298}",0.09570364779403276
36,"{'Al': -1.5707963267948966, 'Cr': -0.5235987755982989, 'Mo': 0.5235987755982987}",0.284203036472259
37,"{'Al': -1.5707963267948966, 'Cr': -0.5235987755982989, 'Mo': 0.8726646259971647}",0.46406705970095136
38,"{'Al': -1.5707963267948966, 'Cr': -0.5235987755982989, 'Mo': 1.2217304763960306}",0.6298306401498932
39,"{'Al': -1.5707963267948966, 'Cr': -0.5235987755982989, 'Mo': 1.5707963267948966}",0.7764571353075626
40,"{'Al': -1.5707963267948966, 'Cr': -0.17453292519943298, 'Mo': -1.5707963267948966}",-0.2614672282429746
41,"{'Al': -1.5707963267948966, 'Cr': -0.17453292519943298, 'Mo': -1.2217304763960306}",-0.21209164582827802
42,"{'Al': -1.5707963267948966, 'Cr': -0.17453292519943298, 'Mo': -0.8726646259971648}",-0.15627176607864054
43,"{'Al': -1.5707963267948966, 'Cr': -0.17453292519943298, 'Mo': -0.5235987755982989}",-0.09570364779403276
44,"{'Al': -1.5707963267948966, 'Cr': -0.17453292519943298, 'Mo': -0.17453292519943298}",-0.032227622599585753
45,"{'Al': -1.5707963267948966, 'Cr': -0.17453292519943298, 'Mo': 0.17453292519943298}",0.032227622599585753
46,"{'Al': -1.5707963267948966, 'Cr': -0.17453292519943298, 'Mo': 0.5235987755982987}",0.09570364779403272
47,"{'Al': -1.5707963267948966, 'Cr': -0.17453292519943298, 'Mo': 0.8726646259971647}",0.15627176607864052
48,"{'Al': -1.5707963267948966, 'Cr': -0.17453292519943298, 'Mo': 1.2217304763960306}",0.21209164582827802
49,"{'Al': -1.5707963267948966, 'Cr': -0.17453292519943298, 'Mo': 1.5707963267948966}",0.2614672282429746
50,"{'Al': -1.5707963267948966, 'Cr': 0.17453292519943298, 'Mo': -1.5707963267948966}",0.2614672282429746
51,"{'Al': -1.5707963267948966, 'Cr': 0.17453292519943298, 'Mo': -1.2217304763960306}",0.21209164582827802
52,"{'Al': -1.5707963267948966, 'Cr': 0.17453292519943298, 'Mo': -0.8726646259971648}",0.15627176607864054
53,"{'Al': -1.5707963267948966, 'Cr': 0.17453292519943298, 'Mo': -0.5235987755982989}",0.09570364779403276
54,"{'Al': -1.5707963267948966, 'Cr': 0.17453292519943298, 'Mo': -0.17453292519943298}",0.032227622599585753
55,"{'Al': -1.5707963267948966, 'Cr': 0.17453292519943298, 'Mo': 0.17453292519943298}",-0.032227622599585753
56,"{'Al': -1.5707963267948966, 'Cr': 0.17453292519943298, 'Mo': 0.5235987755982987}",-0.09570364779403272
57,"{'Al': -1.5707963267948966, 'Cr': 0.17453292519943298, 'Mo': 0.8726646259971647}",-0.15627176607864052
58,"{'Al': -1.5707963267948966, 'Cr': 0.17453292519943298, 'Mo': 1.2217304763960306}",-0.21209164582827802
59,"{'Al': -1.5707963267948966, 'Cr': 0.17453292519943298, 'Mo': 1.5707963267948966}",-0.2614672282429746
60,"{'Al': -1.5707963267948966, 'Cr': 0.5235987755982987, 'Mo': -1.5707963267948966}",0.7764571353075622
61,"{'Al': -1.5707963267948966, 'Cr': 0.5235987755982987, 'Mo': -1.2217304763960306}",0.6298306401498929
62,"{'Al': -1.5707963267948966, 'Cr': 0.5235987755982987, 'Mo': -0.8726646259971648}",0.4640670597009512
63,"{'Al': -1.5707963267948966, 'Cr': 0.5235987755982987, 'Mo': -0.5235987755982989}",0.284203036472259
64,"{'Al': -1.5707963267948966, 'Cr': 0.5235987755982987, 'Mo': -0.17453292519943298}",0.09570364779403272
65,"{'Al': -1.5707963267948966, 'Cr': 0.5235987755982987, 'Mo': 0.17453292519943298}",-0.09570364779403272
66,"{'Al': -1.5707963267948966, 'Cr': 0.5235987755982987, 'Mo': 0.5235987755982987}",-0.28420303647225886
67,"{'Al': -1.5707963267948966, 'Cr': 0.5235987755982987, 'Mo': 0.8726646259971647}",-0.46406705970095113
68,"{'Al': -1.5707963267948966, 'Cr': 0.5235987755982987, 'Mo': 1.2217304763960306}",-0.6298306401498929
69,"{'Al': -1.5707963267948966, 'Cr': 0.5235987755982987, 'Mo': 1.5707963267948966}",-0.7764571353075622
70,"{'Al': -1.5707963267948966, 'Cr': 0.8726646259971647, 'Mo': -1.5707963267948966}",1.2678547852220983
71,"{'Al': -1.5707963267948966, 'Cr': 0.8726646259971647, 'Mo': -1.2217304763960306}",1.0284325491802353
72,"{'Al': -1.5707963267948966, 'Cr': 0.8726646259971647, 'Mo': -0.8726646259971648}",0.7577619105435115
73,"{'Al': -1.5707963267948966, 'Cr': 0.8726646259971647, 'Mo': -0.5235987755982989}",0.4640670597009513
74,"{'Al': -1.5707963267948966, 'Cr': 0.8726646259971647, 'Mo': -0.17453292519943298}",0.15627176607864052
75,"{'Al': -1.5707963267948966, 'Cr': 0.8726646259971647, 'Mo': 0.17453292519943298}",-0.15627176607864052
76,"{'Al': -1.5707963267948966, 'Cr': 0.8726646259971647, 'Mo': 0.5235987755982987}",-0.46406705970095113
77,"{'Al': -1.5707963267948966, 'Cr': 0.8726646259971647, 'Mo': 0.8726646259971647}",-0.7577619105435114
78,"{'Al': -1.5707963267948966, 'Cr': 0.8726646259971647, 'Mo': 1.2217304763960306}",-1.0284325491802353
79,"{'Al': -1.5707963267948966, 'Cr': 0.8726646259971647, 'Mo': 1.5707963267948966}",-1.2678547852220983
80,"{'Al': -1.5707963267948966, 'Cr': 1.2217304763960306, 'Mo': -1.5707963267948966}",1.7207293090531386
81,"{'Al': -1.5707963267948966, 'Cr': 1.2217304763960306, 'Mo': -1.2217304763960306}",1.3957860556157167
82,"{'Al': -1.5707963267948966, 'Cr': 1.2217304763960306, 'Mo': -0.8726646259971648}",1.0284325491802355
83,"{'Al': -1.5707963267948966, 'Cr': 1.2217304763960306, 'Mo': -0.5235987755982989}",0.6298306401498932
84,"{'Al': -1.5707963267948966, 'Cr': 1.2217304763960306, 'Mo': -0.17453292519943298}",0.21209164582827805
85,"{'Al': -1.5707963267948966, 'Cr': 1.2217304763960306, 'Mo': 0.17453292519943298}",-0.21209164582827805
86,"{'Al': -1.5707963267948966, 'Cr': 1.2217304763960306, 'Mo': 0.5235987755982987}",-0.6298306401498929
87,"{'Al': -1.5707963267948966, 'Cr': 1.2217304763960306, 'Mo': 0.8726646259971647}",-1.0284325491802355
88,"{'Al': -1.5707963267948966, 'Cr': 1.2217304763960306, 'Mo': 1.2217304763960306}",-1.3957860556157167
89,"{'Al': -1.5707963267948966, 'Cr': 1.2217304763960306, 'Mo': 1.5707963267948966}",-1.7207293090531386
90,"{'Al': -1.5707963267948966, 'Cr': 1.5707963267948966, 'Mo': -1.5707963267948966}",2.121320343559643
91,"{'Al': -1.5707963267948966, 'Cr': 1.5707963267948966, 'Mo': -1.2217304763960306}",1.7207293090531384
92,"{'Al': -1.5707963267948966, 'Cr': 1.5707963267948966, 'Mo': -0.8726646259971648}",1.2678547852220985
93,"{'Al': -1.5707963267948966, 'Cr': 1.5707963267948966, 'Mo': -0.5235987755982989}",0.7764571353075626
94,"{'Al': -1.5707963267948966, 'Cr': 1.5707963267948966, 'Mo': -0.17453292519943298}",0.2614672282429746
95,"{'Al': -1.5707963267948966, 'Cr': 1.5707963267948966, 'Mo': 0.17453292519943298}",-0.2614672282429746
96,"{'Al': -1.5707963267948966, 'Cr': 1.5707963267948966, 'Mo': 0.5235987755982987}",-0.7764571353075622
97,"{'Al': -1.5707963267948966, 'Cr': 1.5707963267948966, 'Mo': 0.8726646259971647}",-1.2678547852220983
98,"{'Al': -1.5707963267948966, 'Cr': 1.5707963267948966, 'Mo': 1.2217304763960306}",-1.7207293090531384
99,"{'Al': -1.5707963267948966, 'Cr': 1.5707963267948966, 'Mo': 1.5707963267948966}",-2.121320343559643
100,"{'Al': -1.2217304763960306, 'Cr': -1.5707963267948966, 'Mo': -1.5707963267948966}",-1.7207293090531386
101,"{'Al': -1.2217304763960306, 'Cr': -1.5707963267948966, 'Mo': -1.2217304763960306}",-1.3957860556157167
102,"{'Al': -1.2217304763960306, 'Cr': -1.5707963267948966, 'Mo': -0.8726646259971648}",-1.0284325491802355
103,"{'Al': -1.2217304763960306, 'Cr': -1.5707963267948966, 'Mo': -0.5235987755982989}",-0.6298306401498932
104,"{'Al': -1.2217304763960306, 'Cr': -1.5707963267948966, 'Mo': -0.17453292519943298}",-0.21209164582827805
105,"{'Al': -1.2217304763960306, 'Cr': -1.5707963267948966, 'Mo': 0.17453292519943298}",0.21209164582827805
106,"{'Al': -1.2217304763960306, 'Cr': -1.5707963267948966, 'Mo': 0.5235987755982987}",0.6298306401498929
107,"{'Al': -1.2217304763960306, 'Cr': -1.5707963267948966, 'Mo': 0.8726646259971647}",1.0284325491802355
108,"{'Al': -1.2217304763960306, 'Cr': -1.5707963267948966, 'Mo': 1.2217304763960306}",1.3957860556157167
109,"{'Al': -1.2217304763960306, 'Cr': -1.5707963267948966, 'Mo': 1.5707963267948966}",1.7207293090531386
110,"{'Al': -1.2217304763960306, 'Cr': -1.2217304763960306, 'Mo': -1.5707963267948966}",-1.3957860556157167
111,"{'Al': -1.2217304763960306, 'Cr': -1.2217304763960306, 'Mo': -1.2217304763960306}",-1.1322052241461047
112,"{'Al': -1.2217304763960306, 'Cr': -1.2217304763960306, 'Mo': -0.8726646259971648}",-0.8342229098643011
113,"{'Al': -1.2217304763960306, 'Cr': -1.2217304763960306, 'Mo': -0.5235987755982989}",-0.5108931546034317
114,"{'Al': -1.2217304763960306, 'Cr': -1.2217304763960306, 'Mo': -0.17453292519943298}",-0.17204016936434702
115,"{'Al': -1.2217304763960306, 'Cr': -1.2217304763960306, 'Mo': 0.17453292519943298}",0.17204016936434702
116,"{'Al': -1.2217304763960306, 'Cr': -1.2217304763960306, 'Mo': 0.5235987755982987}",0.5108931546034314
117,"{'Al': -1.2217304763960306, 'Cr': -1.2217304763960306, 'Mo': 0.8726646259971647}",0.834222909864301
118,"{'Al': -1.2217304763960306, 'Cr': -1.2217304763960306, 'Mo': 1.2217304763960306}",1.1322052241461047
119,"{'Al': -1.2217304763960306, 'Cr': -1.2217304763960306, 'Mo': 1.5707963267948966}",1.3957860556157167
120,"{'Al': -1.2217304763960306, 'Cr': -0.8726646259971648, 'Mo': -1.5707963267948966}",-1.0284325491802355
121,"{'Al': -1.2217304763960306, 'Cr': -0.8726646259971648, 'Mo': -1.2217304763960306}",-0.8342229098643013
122,"{'Al': -1.2217304763960306, 'Cr': -0.8726646259971648, 'Mo': -0.8726646259971648}",-0.6146658295693012
123,"{'Al': -1.2217304763960306, 'Cr': -0.8726646259971648, 'Mo': -0.5235987755982989}",-0.37643243907875534
124,"{'Al': -1.2217304763960306, 'Cr': -0.8726646259971648, 'Mo': -0.17453292519943298}",-0.12676133941080664
125,"{'Al': -1.2217304763960306, 'Cr': -0.8726646259971648, 'Mo': 0.17453292519943298}",0.12676133941080664
126,"{'Al': -1.2217304763960306, 'Cr': -0.8726646259971648, 'Mo': 0.5235987755982987}",0.3764324390787552
127,"{'Al': -1.2217304763960306, 'Cr': -0.8726646259971648, 'Mo': 0.8726646259971647}",0.614665829569301
128,"{'Al': -1.2217304763960306, 'Cr': -0.8726646259971648, 'Mo': 1.2217304763960306}",0.8342229098643013
129,"{'Al': -1.2217304763960306, 'Cr': -0.8726646259971648, 'Mo': 1.5707963267948966}",1.0284325491802355
130,"{'Al': -1.2217304763960306, 'Cr': -0.5235987755982989, 'Mo': -1.5707963267948966}",-0.6298306401498931
131,"{'Al': -1.2217304763960306, 'Cr': -0.5235987755982989, 'Mo': -1.2217304763960306}",-0.5108931546034317
132,"{'Al': -1.2217304763960306, 'Cr': -0.5235987755982989, 'Mo': -0.8726646259971648}",-0.3764324390787553
133,"{'Al': -1.2217304763960306, 'Cr': -0.5235987755982989, 'Mo': -0.5235987755982989}",-0.23053401437667612
134,"{'Al': -1.2217304763960306, 'Cr': -0.5235987755982989, 'Mo': -0.17453292519943298}",-0.07763093030360162
135,"{'Al': -1.2217304763960306, 'Cr': -0.5235987755982989, 'Mo': 0.17453292519943298}",0.07763093030360162
136,"{'Al': -1.2217304763960306, 'Cr': -0.5235987755982989, 'Mo': 0.5235987755982987}",0.230534014376676
137,"{'Al': -1.2217304763960306, 'Cr': -0.5235987755982989, 'Mo': 0.8726646259971647}",0.37643243907875523
138,"{'Al': -1.2217304763960306, 'Cr': -0.5235987755982989, 'Mo': 1.2217304763960306}",0.5108931546034317
139,"{'Al': -1.2217304763960306, 'Cr': -0.5235987755982989, 'Mo': 1.5707963267948966}",0.6298306401498931
140,"{'Al': -1.2217304763960306, 'Cr': -0.17453292519943298, 'Mo': -1.5707963267948966}",-0.212091645828278
141,"{'Al': -1.2217304763960306, 'Cr': -0.17453292519943298, 'Mo': -1.2217304763960306}",-0.17204016936434702
142,"{'Al': -1.2217304763960306, 'Cr': -0.17453292519943298, 'Mo': -0.8726646259971648}",-0.1267613394108066
143,"{'Al': -1.2217304763960306, 'Cr': -0.17453292519943298, 'Mo': -0.5235987755982989}",-0.07763093030360162
144,"{'Al': -1.2217304763960306, 'Cr': -0.17453292519943298, 'Mo': -0.17453292519943298}",-0.026141744662267846
145,"{'Al': -1.2217304763960306, 'Cr': -0.17453292519943298, 'Mo': 0.17453292519943298}",0.026141744662267846
146,"{'Al': -1.2217304763960306, 'Cr': -0.17453292519943298, 'Mo': 0.5235987755982987}",0.07763093030360158
147,"{'Al': -1.2217304763960306, 'Cr': -0.17453292519943298, 'Mo': 0.8726646259971647}",0.12676133941080658
148,"{'Al': -1.2217304763960306, 'Cr': -0.17453292519943298, 'Mo': 1.2217304763960306}",0.17204016936434702
149,"{'Al': -1.2217304763960306, 'Cr': -0.17453292519943298, 'Mo': 1.5707963267948966}",0.212091645828278
150,"{'Al': -1.2217304763960306, 'Cr': 0.17453292519943298, 'Mo': -1.5707963267948966}",0.212091645828278
151,"{'Al': -1.2217304763960306, 'Cr': 0.17453292519943298, 'Mo': -1.2217304763960306}",0.17204016936434702
152,"{'Al': -1.2217304763960306, 'Cr': 0.17453292519943298, 'Mo': -0.8726646259971648}",0.1267613394108066
153,"{'Al': -1.2217304763960306, 'Cr': 0.17453292519943298, 'Mo': -0.5235987755982989}",0.07763093030360162
154,"{'Al': -1.2217304763960306, 'Cr': 0.17453292519943298, 'Mo': -0.17453292519943298}",0.026141744662267846
155,"{'Al': -1.2217304763960306, 'Cr': 0.17453292519943298, 'Mo': 0.17453292519943298}",-0.026141744662267846
156,"{'Al': -1.2217304763960306, 'Cr': 0.17453292519943298, 'Mo': 0.5235987755982987}",-0.07763093030360158
157,"{'Al': -1.2217304763960306, 'Cr': 0.17453292519943298, 'Mo': 0.8726646259971647}",-0.12676133941080658
158,"{'Al': -1.2217304763960306, 'Cr': 0.17453292519943298, 'Mo': 1.2217304763960306}",-0.17204016936434702
159,"{'Al': -1.2217304763960306, 'Cr': 0.17453292519943298, 'Mo': 1.5707963267948966}",-0.212091645828278
160,"{'Al': -1.2217304763960306, 'Cr': 0.5235987755982987, 'Mo': -1.5707963267948966}",0.6298306401498929
161,"{'Al': -1.2217304763960306, 'Cr': 0.5235987755982987, 'Mo': -1.2217304763960306}",0.5108931546034314
162,"{'Al': -1.2217304763960306, 'Cr': 0.5235987755982987, 'Mo': -0.8726646259971648}",0.3764324390787551
163,"{'Al': -1.2217304763960306, 'Cr': 0.5235987755982987, 'Mo': -0.5235987755982989}",0.23053401437667603
164,"{'Al': -1.2217304763960306, 'Cr': 0.5235987755982987, 'Mo': -0.17453292519943298}",0.07763093030360159
165,"{'Al': -1.2217304763960306, 'Cr': 0.5235987755982987, 'Mo': 0.17453292519943298}",-0.07763093030360159
166,"{'Al': -1.2217304763960306, 'Cr': 0.5235987755982987, 'Mo': 0.5235987755982987}",-0.23053401437667592
167,"{'Al': -1.2217304763960306, 'Cr': 0.5235987755982987, 'Mo': 0.8726646259971647}",-0.3764324390787551
168,"{'Al': -1.2217304763960306, 'Cr': 0.5235987755982987, 'Mo': 1.2217304763960306}",-0.5108931546034314
169,"{'Al': -1.2217304763960306, 'Cr': 0.5235987755982987, 'Mo': 1.5707963267948966}",-0.6298306401498929
170,"{'Al': -1.2217304763960306, 'Cr': 0.8726646259971647, 'Mo': -1.5707963267948966}",1.0284325491802355
171,"{'Al': -1.2217304763960306, 'Cr': 0.8726646259971647, 'Mo': -1.2217304763960306}",0.8342229098643011
172,"{'Al': -1.2217304763960306, 'Cr': 0.8726646259971647, 'Mo': -0.8726646259971648}",0.614665829569301
173,"{'Al': -1.2217304763960306, 'Cr': 0.8726646259971647, 'Mo': -0.5235987755982989}",0.37643243907875523
174,"{'Al': -1.2217304763960306, 'Cr': 0.8726646259971647, 'Mo': -0.17453292519943298}",0.1267613394108066
175,"{'Al': -1.2217304763960306, 'Cr': 0.8726646259971647, 'Mo': 0.17453292519943298}",-0.1267613394108066
176,"{'Al': -1.2217304763960306, 'Cr': 0.8726646259971647, 'Mo': 0.5235987755982987}",-0.3764324390787551
177,"{'Al': -1.2217304763960306, 'Cr': 0.8726646259971647, 'Mo': 0.8726646259971647}",-0.6146658295693009
178,"{'Al': -1.2217304763960306, 'Cr': 0.8726646259971647, 'Mo': 1.2217304763960306}",-0.8342229098643011
179,"{'Al': -1.2217304763960306, 'Cr': 0.8726646259971647, 'Mo': 1.5707963267948966}",-1.0284325491802355
180,"{'Al': -1.2217304763960306, 'Cr': 1.2217304763960306, 'Mo': -1.5707963267948966}",1.3957860556157167
181,"{'Al': -1.2217304763960306, 'Cr': 1.2217304763960306, 'Mo': -1.2217304763960306}",1.1322052241461047
182,"{'Al': -1.2217304763960306, 'Cr': 1.2217304763960306, 'Mo': -0.8726646259971648}",0.8342229098643011
183,"{'Al': -1.2217304763960306, 'Cr': 1.2217304763960306, 'Mo': -0.5235987755982989}",0.5108931546034317
184,"{'Al': -1.2217304763960306, 'Cr': 1.2217304763960306, 'Mo': -0.17453292519943298}",0.17204016936434702
185,"{'Al': -1.2217304763960306, 'Cr': 1.2217304763960306, 'Mo': 0.17453292519943298}",-0.17204016936434702
186,"{'Al': -1.2217304763960306, 'Cr': 1.2217304763960306, 'Mo': 0.5235987755982987}",-0.5108931546034314
187,"{'Al': -1.2217304763960306, 'Cr': 1.2217304763960306, 'Mo': 0.8726646259971647}",-0.834222909864301
188,"{'Al': -1.2217304763960306, 'Cr': 1.2217304763960306, 'Mo': 1.2217304763960306}",-1.1322052241461047
189,"{'Al': -1.2217304763960306, 'Cr': 1.2217304763960306, 'Mo': 1.5707963267948966}",-1.3957860556157167
190,"{'Al': -1.2217304763960306, 'Cr': 1.5707963267948966, 'Mo': -1.5707963267948966}",1.7207293090531386
191,"{'Al': -1.2217304763960306, 'Cr': 1.5707963267948966, 'Mo': -1.2217304763960306}",1.3957860556157167
192,"{'Al': -1.2217304763960306, 'Cr': 1.5707963267948966, 'Mo': -0.8726646259971648}",1.0284325491802355
193,"{'Al': -1.2217304763960306, 'Cr': 1.5707963267948966, 'Mo': -0.5235987755982989}",0.6298306401498932
194,"{'Al': -1.2217304763960306, 'Cr': 1.5707963267948966, 'Mo': -0.17453292519943298}",0.21209164582827805
195,"{'Al': -1.2217304763960306, 'Cr': 1.5707963267948966, 'Mo': 0.17453292519943298}",-0.21209164582827805
196,"{'Al': -1.2217304763960306, 'Cr': 1.5707963267948966, 'Mo': 0.5235987755982987}",-0.6298306401498929
197,"{'Al': -1.2217304763960306, 'Cr': 1.5707963267948966, 'Mo': 0.8726646259971647}",-1.0284325491802355
198,"{'Al': -1.2217304763960306, 'Cr': 1.5707963267948966, 'Mo': 1.2217304763960306}",-1.3957860556157167
199,"{'Al': -1.2217304763960306, 'Cr': 1.5707963267948966, 'Mo': 1.5707963267948966}",-1.7207293090531386
200,"{'Al': -0.8726646259971648, 'Cr': -1.5707963267948966, 'Mo': -1.5707963267948966}",-1.2678547852220985
201,"{'Al': -0.8726646259971648, 'Cr': -1.5707963267948966, 'Mo': -1.2217304763960306}",-1.0284325491802355
202,"{'Al': -0.8726646259971648, 'Cr': -1.5707963267948966, 'Mo': -0.8726646259971648}",-0.7577619105435116
203,"{'Al': -0.8726646259971648, 'Cr': -1.5707963267948966, 'Mo': -0.5235987755982989}",-0.46406705970095136
204,"{'Al': -0.8726646259971648, 'Cr': -1.5707963267948966, 'Mo': -0.17453292519943298}",-0.15627176607864054
205,"{'Al': -0.8726646259971648, 'Cr': -1.5707963267948966, 'Mo': 0.17453292519943298}",0.15627176607864054
206,"{'Al': -0.8726646259971648, 'Cr': -1.5707963267948966, 'Mo': 0.5235987755982987}",0.4640670597009512
207,"{'Al': -0.8726646259971648, 'Cr': -1.5707963267948966, 'Mo': 0.8726646259971647}",0.7577619105435115
208,"{'Al': -0.8726646259971648, 'Cr': -1.5707963267948966, 'Mo': 1.2217304763960306}",1.0284325491802355
209,"{'Al': -0.8726646259971648, 'Cr': -1.5707963267948966, 'Mo': 1.5707963267948966}",1.2678547852220985
210,"{'Al': -0.8726646259971648, 'Cr': -1.2217304763960306, 'Mo': -1.5707963267948966}",-1.0284325491802355
211,"{'Al': -0.8726646259971648, 'Cr': -1.2217304763960306, 'Mo': -1.2217304763960306}",-0.8342229098643011
212,"{'Al': -0.8726646259971648, 'Cr': -1.2217304763960306, 'Mo': -0.8726646259971648}",-0.614665829569301
213,"{'Al': -0.8726646259971648, 'Cr': -1.2217304763960306, 'Mo': -0.5235987755982989}",-0.37643243907875523
214,"{'Al': -0.8726646259971648, 'Cr': -1.2217304763960306, 'Mo': -0.17453292519943298}",-0.1267613394108066
215,"{'Al': -0.8726646259971648, 'Cr': -1.2217304763960306, 'Mo': 0.17453292519943298}",0.1267613394108066
216,"{'Al': -0.8726646259971648, 'Cr': -1.2217304763960306, 'Mo': 0.5235987755982987}",0.3764324390787551
217,"{'Al': -0.8726646259971648, 'Cr': -1.2217304763960306, 'Mo': 0.8726646259971647}",0.6146658295693009
218,"{'Al': -0.8726646259971648, 'Cr': -1.2217304763960306, 'Mo': 1.2217304763960306}",0.8342229098643011
219,"{'Al': -0.8726646259971648, 'Cr': -1.2217304763960306, 'Mo': 1.5707963267948966}",1.0284325491802355
220,"{'Al': -0.8726646259971648, 'Cr': -0.8726646259971648, 'Mo': -1.5707963267948966}",-0.7577619105435116
221,"{'Al': -0.8726646259971648, 'Cr': -0.8726646259971648, 'Mo': -1.2217304763960306}",-0.614665829569301
222,"{'Al': -0.8726646259971648, 'Cr': -0.8726646259971648, 'Mo': -0.8726646259971648}",-0.45289343839954505
223,"{'Al': -0.8726646259971648, 'Cr': -0.8726646259971648, 'Mo': -0.5235987755982989}",-0.2773601092791565
224,"{'Al': -0.8726646259971648, 'Cr': -0.8726646259971648, 'Mo': -0.17453292519943298}",-0.09339933358930813
225,"{'Al': -0.8726646259971648, 'Cr': -0.8726646259971648, 'Mo': 0.17453292519943298}",0.09339933358930813
226,"{'Al': -0.8726646259971648, 'Cr': -0.8726646259971648, 'Mo': 0.5235987755982987}",0.2773601092791564
227,"{'Al': -0.8726646259971648, 'Cr': -0.8726646259971648, 'Mo': 0.8726646259971647}",0.452893438399545
228,"{'Al': -0.8726646259971648, 'Cr': -0.8726646259971648, 'Mo': 1.2217304763960306}",0.614665829569301
229,"{'Al': -0.8726646259971648, 'Cr': -0.8726646259971648, 'Mo': 1.5707963267948966}",0.7577619105435116
230,"{'Al': -0.8726646259971648, 'Cr': -0.5235987755982989, 'Mo': -1.5707963267948966}",-0.46406705970095136
231,"{'Al': -0.8726646259971648, 'Cr': -0.5235987755982989, 'Mo': -1.2217304763960306}",-0.3764324390787553
232,"{'Al': -0.8726646259971648, 'Cr': -0.5235987755982989, 'Mo': -0.8726646259971648}",-0.2773601092791565
233,"{'Al': -0.8726646259971648, 'Cr': -0.5235987755982989, 'Mo': -0.5235987755982989}",-0.16986033291009792
234,"{'Al': -0.8726646259971648, 'Cr': -0.5235987755982989, 'Mo': -0.17453292519943298}",-0.05719943627904175
235,"{'Al': -0.8726646259971648, 'Cr': -0.5235987755982989, 'Mo': 0.17453292519943298}",0.05719943627904175
236,"{'Al': -0.8726646259971648, 'Cr': -0.5235987755982989, 'Mo': 0.5235987755982987}",0.16986033291009786
237,"{'Al': -0.8726646259971648, 'Cr': -0.5235987755982989, 'Mo': 0.8726646259971647}",0.2773601092791565
238,"{'Al': -0.8726646259971648, 'Cr': -0.5235987755982989, 'Mo': 1.2217304763960306}",0.3764324390787553
239,"{'Al': -0.8726646259971648, 'Cr': -0.5235987755982989, 'Mo': 1.5707963267948966}",0.46406705970095136
240,"{'Al': -0.8726646259971648, 'Cr': -0.17453292519943298, 'Mo': -1.5707963267948966}",-0.15627176607864054
241,"{'Al': -0.8726646259971648, 'Cr': -0.17453292519943298, 'Mo': -1.2217304763960306}",-0.1267613394108066
242,"{'Al': -0.8726646259971648, 'Cr': -0.17453292519943298, 'Mo': -0.8726646259971648}",-0.09339933358930813
243,"{'Al': -0.8726646259971648, 'Cr': -0.17453292519943298, 'Mo': -0.5235987755982989}",-0.05719943627904175
244,"{'Al': -0.8726646259971648, 'Cr': -0.17453292519943298, 'Mo': -0.17453292519943298}",-0.019261563041748024
245,"{'Al': -0.8726646259971648, 'Cr': -0.17453292519943298, 'Mo': 0.17453292519943298}",0.019261563041748024
246,"{'Al': -0.8726646259971648, 'Cr': -0.17453292519943298, 'Mo': 0.5235987755982987}",0.05719943627904173
247,"{'Al': -0.8726646259971648, 'Cr': -0.17453292519943298, 'Mo': 0.8726646259971647}",0.09339933358930812
248,"{'Al': -0.8726646259971648, 'Cr': -0.17453292519943298, 'Mo': 1.2217304763960306}",0.1267613394108066
249,"{'Al': -0.8726646259971648, 'Cr': -0.17453292519943298, 'Mo': 1.5707963267948966}",0.15627176607864054
250,"{'Al': -0.8726646259971648, 'Cr': 0.17453292519943298, 'Mo': -1.5707963267948966}",0.15627176607864054
251,"{'Al': -0.8726646259971648, 'Cr': 0.17453292519943298, 'Mo': -1.2217304763960306}",0.1267613394108066
252,"{'Al': -0.8726646259971648, 'Cr': 0.17453292519943298, 'Mo': -0.8726646259971648}",0.09339933358930813
253,"{'Al': -0.8726646259971648, 'Cr': 0.17453292519943298, 'Mo': -0.5235987755982989}",0.05719943627904175
254,"{'Al': -0.8726646259971648, 'Cr': 0.17453292519943298, 'Mo': -0.17453292519943298}",0.019261563041748024
255,"{'Al': -0.8726646259971648, 'Cr': 0.17453292519943298, 'Mo': 0.17453292519943298}",-0.019261563041748024
256,"{'Al': -0.8726646259971648, 'Cr': 0.17453292519943298, 'Mo': 0.5235987755982987}",-0.05719943627904173
257,"{'Al': -0.8726646259971648, 'Cr': 0.17453292519943298, 'Mo': 0.8726646259971647}",-0.09339933358930812
258,"{'Al': -0.8726646259971648, 'Cr': 0.17453292519943298, 'Mo': 1.2217304763960306}",-0.1267613394108066
259,"{'Al': -0.8726646259971648, 'Cr': 0.17453292519943298, 'Mo': 1.5707963267948966}",-0.15627176607864054
260,"{'Al': -0.8726646259971648, 'Cr': 0.5235987755982987, 'Mo': -1.5707963267948966}",0.46406705970095113
261,"{'Al': -0.8726646259971648, 'Cr': 0.5235987755982987, 'Mo': -1.2217304763960306}",0.37643243907875507
262,"{'Al': -0.8726646259971648, 'Cr': 0.5235987755982987, 'Mo': -0.8726646259971648}",0.2773601092791564
263,"{'Al': -0.8726646259971648, 'Cr': 0.5235987755982987, 'Mo': -0.5235987755982989}",0.16986033291009783
264,"{'Al': -0.8726646259971648, 'Cr': 0.5235987755982987, 'Mo': -0.17453292519943298}",0.05719943627904172
265,"{'Al': -0.8726646259971648, 'Cr': 0.5235987755982987, 'Mo': 0.17453292519943298}",-0.05719943627904172
266,"{'Al': -0.8726646259971648, 'Cr': 0.5235987755982987, 'Mo': 0.5235987755982987}",-0.16986033291009775
267,"{'Al': -0.8726646259971648, 'Cr': 0.5235987755982987, 'Mo': 0.8726646259971647}",-0.27736010927915633
268,"{'Al': -0.8726646259971648, 'Cr': 0.5235987755982987, 'Mo': 1.2217304763960306}",-0.37643243907875507
269,"{'Al': -0.8726646259971648, 'Cr': 0.5235987755982987, 'Mo': 1.5707963267948966}",-0.46406705970095113
270,"{'Al': -0.8726646259971648, 'Cr': 0.8726646259971647, 'Mo': -1.5707963267948966}",0.7577619105435114
271,"{'Al': -0.8726646259971648, 'Cr': 0.8726646259971647, 'Mo': -1.2217304763960306}",0.6146658295693009
272,"{'Al': -0.8726646259971648, 'Cr': 0.8726646259971647, 'Mo': -0.8726646259971648}",0.45289343839954493
273,"{'Al': -0.8726646259971648, 'Cr': 0.8726646259971647, 'Mo': -0.5235987755982989}",0.27736010927915644
274,"{'Al': -0.8726646259971648, 'Cr': 0.8726646259971647, 'Mo': -0.17453292519943298}",0.0933993335893081
275,"{'Al': -0.8726646259971648, 'Cr': 0.8726646259971647, 'Mo': 0.17453292519943298}",-0.0933993335893081
276,"{'Al': -0.8726646259971648, 'Cr': 0.8726646259971647, 'Mo': 0.5235987755982987}",-0.27736010927915633
277,"{'Al': -0.8726646259971648, 'Cr': 0.8726646259971647, 'Mo': 0.8726646259971647}",-0.4528934383995449
278,"{'Al': -0.8726646259971648, 'Cr': 0.8726646259971647, 'Mo': 1.2217304763960306}",-0.6146658295693009
279,"{'Al': -0.8726646259971648, 'Cr': 0.8726646259971647, 'Mo': 1.5707963267948966}",-0.7577619105435114
280,"{'Al': -0.8726646259971648, 'Cr': 1.2217304763960306, 'Mo': -1.5707963267948966}",1.0284325491802355
281,"{'Al': -0.8726646259971648, 'Cr': 1.2217304763960306, 'Mo': -1.2217304763960306}",0.8342229098643011
282,"{'Al': -0.8726646259971648, 'Cr': 1.2217304763960306, 'Mo': -0.8726646259971648}",0.614665829569301
283,"{'Al': -0.8726646259971648, 'Cr': 1.2217304763960306, 'Mo': -0.5235987755982989}",0.37643243907875523
284,"{'Al': -0.8726646259971648, 'Cr': 1.2217304763960306, 'Mo': -0.17453292519943298}",0.1267613394108066
285,"{'Al': -0.8726646259971648, 'Cr': 1.2217304763960306, 'Mo': 0.17453292519943298}",-0.1267613394108066
286,"{'Al': -0.8726646259971648, 'Cr': 1.2217304763960306, 'Mo': 0.5235987755982987}",-0.3764324390787551
287,"{'Al': -0.8726646259971648, 'Cr': 1.2217304763960306, 'Mo': 0.8726646259971647}",-0.6146658295693009
288,"{'Al': -0.8726646259971648, 'Cr': 1.2217304763960306, 'Mo': 1.2217304763960306}",-0.8342229098643011
289,"{'Al': -0.8726646259971648, 'Cr': 1.2217304763960306, 'Mo': 1.5707963267948966}",-1.0284325491802355
290,"{'Al': -0.8726646259971648, 'Cr': 1.5707963267948966, 'Mo': -1.5707963267948966}",1.2678547852220985
291,"{'Al': -0.8726646259971648, 'Cr': 1.5707963267948966, 'Mo': -1.2217304763960306}",1.0284325491802355
292,"{'Al': -0.8726646259971648, 'Cr': 1.5707963267948966, 'Mo': -0.8726646259971648}",0.7577619105435116
293,"{'Al': -0.8726646259971648, 'Cr': 1.5707963267948966, 'Mo': -0.5235987755982989}",0.46406705970095136
294,"{'Al': -0.8726646259971648, 'Cr': 1.5707963267948966, 'Mo': -0.17453292519943298}",0.15627176607864054
295,"{'Al': -0.8726646259971648, 'Cr': 1.5707963267948966, 'Mo': 0.17453292519943298}",-0.15627176607864054
296,"{'Al': -0.8726646259971648, 'Cr': 1.5707963267948966, 'Mo': 0.5235987755982987}",-0.4640670597009512
297,"{'Al': -0.8726646259971648, 'Cr': 1.5707963267948966, 'Mo': 0.8726646259971647}",-0.7577619105435115
298,"{'Al': -0.8726646259971648, 'Cr': 1.5707963267948966, 'Mo': 1.2217304763960306}",-1.0284325491802355
299,"{'Al': -0.8726646259971648, 'Cr': 1.5707963267948966, 'Mo': 1.5707963267948966}",-1.2678547852220985
300,"{'Al': -0.5235987755982989, 'Cr': -1.5707963267948966, 'Mo': -1.5707963267948966}",-0.7764571353075626
301,"{'Al': -0.5235987755982989, 'Cr': -1.5707963267948966, 'Mo': -1.2217304763960306}",-0.6298306401498932
302,"{'Al': -0.5235987755982989, 'Cr': -1.5707963267948966, 'Mo': -0.8726646259971648}",-0.4640670597009514
303,"{'Al': -0.5235987755982989, 'Cr': -1.5707963267948966, 'Mo': -0.5235987755982989}",-0.2842030364722591
304,"{'Al': -0.5235987755982989, 'Cr': -1.5707963267948966, 'Mo': -0.17453292519943298}",-0.09570364779403276
305,"{'Al': -0.5235987755982989, 'Cr': -1.5707963267948966, 'Mo': 0.17453292519943298}",0.09570364779403276
306,"{'Al': -0.5235987755982989, 'Cr': -1.5707963267948966, 'Mo': 0.5235987755982987}",0.284203036472259
307,"{'Al': -0.5235987755982989, 'Cr': -1.5707963267948966, 'Mo': 0.8726646259971647}",0.46406705970095136
308,"{'Al': -0.5235987755982989, 'Cr': -1.5707963267948966, 'Mo': 1.2217304763960306}",0.6298306401498932
309,"{'Al': -0.5235987755982989, 'Cr': -1.5707963267948966, 'Mo': 1.5707963267948966}",0.7764571353075626
310,"{'Al': -0.5235987755982989, 'Cr': -1.2217304763960306, 'Mo': -1.5707963267948966}",-0.6298306401498932
311,"{'Al': -0.5235987755982989, 'Cr': -1.2217304763960306, 'Mo': -1.2217304763960306}",-0.5108931546034317
312,"{'Al': -0.5235987755982989, 'Cr': -1.2217304763960306, 'Mo': -0.8726646259971648}",-0.37643243907875534
313,"{'Al': -0.5235987755982989, 'Cr': -1.2217304763960306, 'Mo': -0.5235987755982989}",-0.23053401437667614
314,"{'Al': -0.5235987755982989, 'Cr': -1.2217304763960306, 'Mo': -0.17453292519943298}",-0.07763093030360163
315,"{'Al': -0.5235987755982989, 'Cr': -1.2217304763960306, 'Mo': 0.17453292519943298}",0.07763093030360163
316,"{'Al': -0.5235987755982989, 'Cr': -1.2217304763960306, 'Mo': 0.5235987755982987}",0.23053401437667606
317,"{'Al': -0.5235987755982989, 'Cr': -1.2217304763960306, 'Mo': 0.8726646259971647}",0.3764324390787553
318,"{'Al': -0.5235987755982989, 'Cr': -1.2217304763960306, 'Mo': 1.2217304763960306}",0.5108931546034317
319,"{'Al': -0.5235987755982989, 'Cr': -1.2217304763960306, 'Mo': 1.5707963267948966}",0.6298306401498932
320,"{'Al': -0.5235987755982989, 'Cr': -0.8726646259971648, 'Mo': -1.5707963267948966}",-0.4640670597009514
321,"{'Al': -0.5235987755982989, 'Cr': -0.8726646259971648, 'Mo': -1.2217304763960306}",-0.37643243907875534
322,"{'Al': -0.5235987755982989, 'Cr': -0.8726646259971648, 'Mo': -0.8726646259971648}",-0.27736010927915655
323,"{'Al': -0.5235987755982989, 'Cr': -0.8726646259971648, 'Mo': -0.5235987755982989}",-0.16986033291009794
324,"{'Al': -0.5235987755982989, 'Cr': -0.8726646259971648, 'Mo': -0.17453292519943298}",-0.05719943627904176
325,"{'Al': -0.5235987755982989, 'Cr': -0.8726646259971648, 'Mo': 0.17453292519943298}",0.05719943627904176
326,"{'Al': -0.5235987755982989, 'Cr': -0.8726646259971648, 'Mo': 0.5235987755982987}",0.1698603329100979
327,"{'Al': -0.5235987755982989, 'Cr': -0.8726646259971648, 'Mo': 0.8726646259971647}",0.27736010927915655
328,"{'Al': -0.5235987755982989, 'Cr': -0.8726646259971648, 'Mo': 1.2217304763960306}",0.37643243907875534
329,"{'Al': -0.5235987755982989, 'Cr': -0.8726646259971648, 'Mo': 1.5707963267948966}",0.4640670597009514
330,"{'Al': -0.5235987755982989, 'Cr': -0.5235987755982989, 'Mo': -1.5707963267948966}",-0.28420303647225914
331,"{'Al': -0.5235987755982989, 'Cr': -0.5235987755982989, 'Mo': -1.2217304763960306}",-0.23053401437667614
332,"{'Al': -0.5235987755982989, 'Cr': -0.5235987755982989, 'Mo': -0.8726646259971648}",-0.16986033291009794
333,"{'Al': -0.5235987755982989, 'Cr': -0.5235987755982989, 'Mo': -0.5235987755982989}",-0.10402553118152219
334,"{'Al': -0.5235987755982989, 'Cr': -0.5235987755982989, 'Mo': -0.17453292519943298}",-0.035029966327454545
335,"{'Al': -0.5235987755982989, 'Cr': -0.5235987755982989, 'Mo': 0.17453292519943298}",0.035029966327454545
336,"{'Al': -0.5235987755982989, 'Cr': -0.5235987755982989, 'Mo': 0.5235987755982987}",0.10402553118152215
337,"{'Al': -0.5235987755982989, 'Cr': -0.5235987755982989, 'Mo': 0.8726646259971647}",0.16986033291009792
338,"{'Al': -0.5235987755982989, 'Cr': -0.5235987755982989, 'Mo': 1.2217304763960306}",0.23053401437667614
339,"{'Al': -0.5235987755982989, 'Cr': -0.5235987755982989, 'Mo': 1.5707963267948966}",0.28420303647225914
340,"{'Al': -0.5235987755982989, 'Cr': -0.17453292519943298, 'Mo': -1.5707963267948966}",-0.09570364779403276
341,"{'Al': -0.5235987755982989, 'Cr': -0.17453292519943298, 'Mo': -1.2217304763960306}",-0.07763093030360162
342,"{'Al': -0.5235987755982989, 'Cr': -0.17453292519943298, 'Mo': -0.8726646259971648}",-0.057199436279041754
343,"{'Al': -0.5235987755982989, 'Cr': -0.17453292519943298, 'Mo': -0.5235987755982989}",-0.035029966327454545
344,"{'Al': -0.5235987755982989, 'Cr': -0.17453292519943298, 'Mo': -0.17453292519943298}",-0.011796128575025875
345,"{'Al': -0.5235987755982989, 'Cr': -0.17453292519943298, 'Mo': 0.17453292519943298}",0.011796128575025875
346,"{'Al': -0.5235987755982989, 'Cr': -0.17453292519943298, 'Mo': 0.5235987755982987}",0.035029966327454524
347,"{'Al': -0.5235987755982989, 'Cr': -0.17453292519943298, 'Mo': 0.8726646259971647}",0.05719943627904175
348,"{'Al': -0.5235987755982989, 'Cr': -0.17453292519943298, 'Mo': 1.2217304763960306}",0.07763093030360162
349,"{'Al': -0.5235987755982989, 'Cr': -0.17453292519943298, 'Mo': 1.5707963267948966}",0.09570364779403276
350,"{'Al': -0.5235987755982989, 'Cr': 0.17453292519943298, 'Mo': -1.5707963267948966}",0.09570364779403276
351,"{'Al': -0.5235987755982989, 'Cr': 0.17453292519943298, 'Mo': -1.2217304763960306}",0.07763093030360162
352,"{'Al': -0.5235987755982989, 'Cr': 0.17453292519943298, 'Mo': -0.8726646259971648}",0.057199436279041754
353,"{'Al': -0.5235987755982989, 'Cr': 0.17453292519943298, 'Mo': -0.5235987755982989}",0.035029966327454545
354,"{'Al': -0.5235987755982989, 'Cr': 0.17453292519943298, 'Mo': -0.17453292519943298}",0.011796128575025875
355,"{'Al': -0.5235987755982989, 'Cr': 0.17453292519943298, 'Mo': 0.17453292519943298}",-0.011796128575025875
356,"{'Al': -0.5235987755982989, 'Cr': 0.17453292519943298, 'Mo': 0.5235987755982987}",-0.035029966327454524
357,"{'Al': -0.5235987755982989, 'Cr': 0.17453292519943298, 'Mo': 0.8726646259971647}",-0.05719943627904175
358,"{'Al': -0.5235987755982989, 'Cr': 0.17453292519943298, 'Mo': 1.2217304763960306}",-0.07763093030360162
359,"{'Al': -0.5235987755982989, 'Cr': 0.17453292519943298, 'Mo': 1.5707963267948966}",-0.09570364779403276
360,"{'Al': -0.5235987755982989, 'Cr': 0.5235987755982987, 'Mo': -1.5707963267948966}",0.28420303647225903
361,"{'Al': -0.5235987755982989, 'Cr': 0.5235987755982987, 'Mo': -1.2217304763960306}",0.23053401437667606
362,"{'Al': -0.5235987755982989, 'Cr': 0.5235987755982987, 'Mo': -0.8726646259971648}",0.1698603329100979
363,"{'Al': -0.5235987755982989, 'Cr': 0.5235987755982987, 'Mo': -0.5235987755982989}",0.10402553118152215
364,"{'Al': -0.5235987755982989, 'Cr': 0.5235987755982987, 'Mo': -0.17453292519943298}",0.03502996632745453
365,"{'Al': -0.5235987755982989, 'Cr': 0.5235987755982987, 'Mo': 0.17453292519943298}",-0.03502996632745453
366,"{'Al': -0.5235987755982989, 'Cr': 0.5235987755982987, 'Mo': 0.5235987755982987}",-0.10402553118152211
367,"{'Al': -0.5235987755982989, 'Cr': 0.5235987755982987, 'Mo': 0.8726646259971647}",-0.16986033291009786
368,"{'Al': -0.5235987755982989, 'Cr': 0.5235987755982987, 'Mo': 1.2217304763960306}",-0.23053401437667606
369,"{'Al': -0.5235987755982989, 'Cr': 0.5235987755982987, 'Mo': 1.5707963267948966}",-0.28420303647225903
370,"{'Al': -0.5235987755982989, 'Cr': 0.8726646259971647, 'Mo': -1.5707963267948966}",0.46406705970095136
371,"{'Al': -0.5235987755982989, 'Cr': 0.8726646259971647, 'Mo': -1.2217304763960306}",0.3764324390787553
372,"{'Al': -0.5235987755982989, 'Cr': 0.8726646259971647, 'Mo': -0.8726646259971648}",0.2773601092791565
373,"{'Al': -0.5235987755982989, 'Cr': 0.8726646259971647, 'Mo': -0.5235987755982989}",0.16986033291009792
374,"{'Al': -0.5235987755982989, 'Cr': 0.8726646259971647, 'Mo': -0.17453292519943298}",0.05719943627904175
375,"{'Al': -0.5235987755982989, 'Cr': 0.8726646259971647, 'Mo': 0.17453292519943298}",-0.05719943627904175
376,"{'Al': -0.5235987755982989, 'Cr': 0.8726646259971647, 'Mo': 0.5235987755982987}",-0.16986033291009786
377,"{'Al': -0.5235987755982989, 'Cr': 0.8726646259971647, 'Mo': 0.8726646259971647}",-0.2773601092791565
378,"{'Al': -0.5235987755982989, 'Cr': 0.8726646259971647, 'Mo': 1.2217304763960306}",-0.3764324390787553
379,"{'Al': -0.5235987755982989, 'Cr': 0.8726646259971647, 'Mo': 1.5707963267948966}",-0.46406705970095136
380,"{'Al': -0.5235987755982989, 'Cr': 1.2217304763960306, 'Mo': -1.5707963267948966}",0.6298306401498932
381,"{'Al': -0.5235987755982989, 'Cr': 1.2217304763960306, 'Mo': -1.2217304763960306}",0.5108931546034317
382,"{'Al': -0.5235987755982989, 'Cr': 1.2217304763960306, 'Mo': -0.8726646259971648}",0.37643243907875534
383,"{'Al': -0.5235987755982989, 'Cr': 1.2217304763960306, 'Mo': -0.5235987755982989}",0.23053401437667614
384,"{'Al': -0.5235987755982989, 'Cr': 1.2217304763960306, 'Mo': -0.17453292519943298}",0.07763093030360163
385,"{'Al': -0.5235987755982989, 'Cr': 1.2217304763960306, 'Mo': 0.17453292519943298}",-0.07763093030360163
386,"{'Al': -0.5235987755982989, 'Cr': 1.2217304763960306, 'Mo': 0.5235987755982987}",-0.23053401437667606
387,"{'Al': -0.5235987755982989, 'Cr': 1.2217304763960306, 'Mo': 0.8726646259971647}",-0.3764324390787553
388,"{'Al': -0.5235987755982989, 'Cr': 1.2217304763960306, 'Mo': 1.2217304763960306}",-0.5108931546034317
389,"{'Al': -0.5235987755982989, 'Cr': 1.2217304763960306, 'Mo': 1.5707963267948966}",-0.6298306401498932
390,"{'Al': -0.5235987755982989, 'Cr': 1.5707963267948966, 'Mo': -1.5707963267948966}",0.7764571353075626
391,"{'Al': -0.5235987755982989, 'Cr': 1.5707963267948966, 'Mo': -1.2217304763960306}",0.6298306401498932
392,"{'Al': -0.5235987755982989, 'Cr': 1.5707963267948966, 'Mo': -0.8726646259971648}",0.4640670597009514
393,"{'Al': -0.5235987755982989, 'Cr': 1.5707963267948966, 'Mo': -0.5235987755982989}",0.2842030364722591
394,"{'Al': -0.5235987755982989, 'Cr': 1.5707963267948966, 'Mo': -0.17453292519943298}",0.09570364779403276
395,"{'Al': -0.5235987755982989, 'Cr': 1.5707963267948966, 'Mo': 0.17453292519943298}",-0.09570364779403276
396,"{'Al': -0.5235987755982989, 'Cr': 1.5707963267948966, 'Mo': 0.5235987755982987}",-0.284203036472259
397,"{'Al': -0.5235987755982989, 'Cr': 1.5707963267948966, 'Mo': 0.8726646259971647}",-0.46406705970095136
398,"{'Al': -0.5235987755982989, 'Cr': 1.5707963267948966, 'Mo': 1.2217304763960306}",-0.6298306401498932
399,"{'Al': -0.5235987755982989, 'Cr': 1.5707963267948966, 'Mo': 1.5707963267948966}",-0.7764571353075626
400,"{'Al': -0.17453292519943298, 'Cr': -1.5707963267948966, 'Mo': -1.5707963267948966}",-0.2614672282429746
401,"{'Al': -0.17453292519943298, 'Cr': -1.5707963267948966, 'Mo': -1.2217304763960306}",-0.21209164582827802
402,"{'Al': -0.17453292519943298, 'Cr': -1.5707963267948966, 'Mo': -0.8726646259971648}",-0.15627176607864054
403,"{'Al': -0.17453292519943298, 'Cr': -1.5707963267948966, 'Mo': -0.5235987755982989}",-0.09570364779403276
404,"{'Al': -0.17453292519943298, 'Cr': -1.5707963267948966, 'Mo': -0.17453292519943298}",-0.032227622599585753
405,"{'Al': -0.17453292519943298, 'Cr': -1.5707963267948966, 'Mo': 0.17453292519943298}",0.032227622599585753
406,"{'Al': -0.17453292519943298, 'Cr': -1.5707963267948966, 'Mo': 0.5235987755982987}",0.09570364779403272
407,"{'Al': -0.17453292519943298, 'Cr': -1.5707963267948966, 'Mo': 0.8726646259971647}",0.15627176607864052
408,"{'Al': -0.17453292519943298, 'Cr': -1.5707963267948966, 'Mo': 1.2217304763960306}",0.21209164582827802
409,"{'Al': -0.17453292519943298, 'Cr': -1.5707963267948966, 'Mo': 1.5707963267948966}",0.2614672282429746
410,"{'Al': -0.17453292519943298, 'Cr': -1.2217304763960306, 'Mo': -1.5707963267948966}",-0.212091645828278
411,"{'Al': -0.17453292519943298, 'Cr': -1.2217304763960306, 'Mo': -1.2217304763960306}",-0.17204016936434702
412,"{'Al': -0.17453292519943298, 'Cr': -1.2217304763960306, 'Mo': -0.8726646259971648}",-0.1267613394108066
413,"{'Al': -0.17453292519943298, 'Cr': -1.2217304763960306, 'Mo': -0.5235987755982989}",-0.07763093030360162
414,"{'Al': -0.17453292519943298, 'Cr': -1.2217304763960306, 'Mo': -0.17453292519943298}",-0.026141744662267846
415,"{'Al': -0.17453292519943298, 'Cr': -1.2217304763960306, 'Mo': 0.17453292519943298}",0.026141744662267846
416,"{'Al': -0.17453292519943298, 'Cr': -1.2217304763960306, 'Mo': 0.5235987755982987}",0.07763093030360158
417,"{'Al': -0.17453292519943298, 'Cr': -1.2217304763960306, 'Mo': 0.8726646259971647}",0.12676133941080658
418,"{'Al': -0.17453292519943298, 'Cr': -1.2217304763960306, 'Mo': 1.2217304763960306}",0.17204016936434702
419,"{'Al': -0.17453292519943298, 'Cr': -1.2217304763960306, 'Mo': 1.5707963267948966}",0.212091645828278
420,"{'Al': -0.17453292519943298, 'Cr': -0.8726646259971648, 'Mo': -1.5707963267948966}",-0.15627176607864054
421,"{'Al': -0.17453292519943298, 'Cr': -0.8726646259971648, 'Mo': -1.2217304763960306}",-0.1267613394108066
422,"{'Al': -0.17453292519943298, 'Cr': -0.8726646259971648, 'Mo': -0.8726646259971648}",-0.09339933358930813
423,"{'Al': -0.17453292519943298, 'Cr': -0.8726646259971648, 'Mo': -0.5235987755982989}",-0.05719943627904175
424,"{'Al': -0.17453292519943298, 'Cr': -0.8726646259971648, 'Mo': -0.17453292519943298}",-0.019261563041748024
425,"{'Al': -0.17453292519943298, 'Cr': -0.8726646259971648, 'Mo': 0.17453292519943298}",0.019261563041748024
426,"{'Al': -0.17453292519943298, 'Cr': -0.8726646259971648, 'Mo': 0.5235987755982987}",0.05719943627904173
427,"{'Al': -0.17453292519943298, 'Cr': -0.8726646259971648, 'Mo': 0.8726646259971647}",0.09339933358930812
428,"{'Al': -0.17453292519943298, 'Cr': -0.8726646259971648, 'Mo': 1.2217304763960306}",0.1267613394108066
429,"{'Al': -0.17453292519943298, 'Cr': -0.8726646259971648, 'Mo': 1.5707963267948966}",0.15627176607864054
430,"{'Al': -0.17453292519943298, 'Cr': -0.5235987755982989, 'Mo': -1.5707963267948966}",-0.09570364779403276
431,"{'Al': -0.17453292519943298, 'Cr': -0.5235987755982989, 'Mo': -1.2217304763960306}",-0.07763093030360162
432,"{'Al': -0.17453292519943298, 'Cr': -0.5235987755982989, 'Mo': -0.8726646259971648}",-0.057199436279041754
433,"{'Al': -0.17453292519943298, 'Cr': -0.5235987755982989, 'Mo': -0.5235987755982989}",-0.035029966327454545
434,"{'Al': -0.17453292519943298, 'Cr': -0.5235987755982989, 'Mo': -0.17453292519943298}",-0.011796128575025875
435,"{'Al': -0.17453292519943298, 'Cr': -0.5235987755982989, 'Mo': 0.17453292519943298}",0.011796128575025875
436,"{'Al': -0.17453292519943298, 'Cr': -0.5235987755982989, 'Mo': 0.5235987755982987}",0.035029966327454524
437,"{'Al': -0.17453292519943298, 'Cr': -0.5235987755982989, 'Mo': 0.8726646259971647}",0.05719943627904175
438,"{'Al': -0.17453292519943298, 'Cr': -0.5235987755982989, 'Mo': 1.2217304763960306}",0.07763093030360162
439,"{'Al': -0.17453292519943298, 'Cr': -0.5235987755982989, 'Mo': 1.5707963267948966}",0.09570364779403276
440,"{'Al': -0.17453292519943298, 'Cr': -0.17453292519943298, 'Mo': -1.5707963267948966}",-0.032227622599585753
441,"{'Al': -0.17453292519943298, 'Cr': -0.17453292519943298, 'Mo': -1.2217304763960306}",-0.02614174466226785
442,"{'Al': -0.17453292519943298, 'Cr': -0.17453292519943298, 'Mo': -0.8726646259971648}",-0.019261563041748024
443,"{'Al': -0.17453292519943298, 'Cr': -0.17453292519943298, 'Mo': -0.5235987755982989}",-0.011796128575025875
444,"{'Al': -0.17453292519943298, 'Cr': -0.17453292519943298, 'Mo': -0.17453292519943298}",-0.003972274710680638
445,"{'Al': -0.17453292519943298, 'Cr': -0.17453292519943298, 'Mo': 0.17453292519943298}",0.003972274710680638
446,"{'Al': -0.17453292519943298, 'Cr': -0.17453292519943298, 'Mo': 0.5235987755982987}",0.01179612857502587
447,"{'Al': -0.17453292519943298, 'Cr': -0.17453292519943298, 'Mo': 0.8726646259971647}",0.01926156304174802
448,"{'Al': -0.17453292519943298, 'Cr': -0.17453292519943298, 'Mo': 1.2217304763960306}",0.02614174466226785
449,"{'Al': -0.17453292519943298, 'Cr': -0.17453292519943298, 'Mo': 1.5707963267948966}",0.032227622599585753
450,"{'Al': -0.17453292519943298, 'Cr': 0.17453292519943298, 'Mo': -1.5707963267948966}",0.032227622599585753
451,"{'Al': -0.17453292519943298, 'Cr': 0.17453292519943298, 'Mo': -1.2217304763960306}",0.02614174466226785
452,"{'Al': -0.17453292519943298, 'Cr': 0.17453292519943298, 'Mo': -0.8726646259971648}",0.019261563041748024
453,"{'Al': -0.17453292519943298, 'Cr': 0.17453292519943298, 'Mo': -0.5235987755982989}",0.011796128575025875
454,"{'Al': -0.17453292519943298, 'Cr': 0.17453292519943298, 'Mo': -0.17453292519943298}",0.003972274710680638
455,"{'Al': -0.17453292519943298, 'Cr': 0.17453292519943298, 'Mo': 0.17453292519943298}",-0.003972274710680638
456,"{'Al': -0.17453292519943298, 'Cr': 0.17453292519943298, 'Mo': 0.5235987755982987}",-0.01179612857502587
457,"{'Al': -0.17453292519943298, 'Cr': 0.17453292519943298, 'Mo': 0.8726646259971647}",-0.01926156304174802
458,"{'Al': -0.17453292519943298, 'Cr': 0.17453292519943298, 'Mo': 1.2217304763960306}",-0.02614174466226785
459,"{'Al': -0.17453292519943298, 'Cr': 0.17453292519943298, 'Mo': 1.5707963267948966}",-0.032227622599585753
460,"{'Al': -0.17453292519943298, 'Cr': 0.5235987755982987, 'Mo': -1.5707963267948966}",0.09570364779403272
461,"{'Al': -0.17453292519943298, 'Cr': 0.5235987755982987, 'Mo': -1.2217304763960306}",0.07763093030360159
462,"{'Al': -0.17453292519943298, 'Cr': 0.5235987755982987, 'Mo': -0.8726646259971648}",0.057199436279041733
463,"{'Al': -0.17453292519943298, 'Cr': 0.5235987755982987, 'Mo': -0.5235987755982989}",0.03502996632745453
464,"{'Al': -0.17453292519943298, 'Cr': 0.5235987755982987, 'Mo': -0.17453292519943298}",0.01179612857502587
465,"{'Al': -0.17453292519943298, 'Cr': 0.5235987755982987, 'Mo': 0.17453292519943298}",-0.01179612857502587
466,"{'Al': -0.17453292519943298, 'Cr': 0.5235987755982987, 'Mo': 0.5235987755982987}",-0.03502996632745451
467,"{'Al': -0.17453292519943298, 'Cr': 0.5235987755982987, 'Mo': 0.8726646259971647}",-0.05719943627904172
468,"{'Al': -0.17453292519943298, 'Cr': 0.5235987755982987, 'Mo': 1.2217304763960306}",-0.07763093030360159
469,"{'Al': -0.17453292519943298, 'Cr': 0.5235987755982987, 'Mo': 1.5707963267948966}",-0.09570364779403272
470,"{'Al': -0.17453292519943298, 'Cr': 0.8726646259971647, 'Mo': -1.5707963267948966}",0.15627176607864052
471,"{'Al': -0.17453292519943298, 'Cr': 0.8726646259971647, 'Mo': -1.2217304763960306}",0.1267613394108066
472,"{'Al': -0.17453292519943298, 'Cr': 0.8726646259971647, 'Mo': -0.8726646259971648}",0.09339933358930812
473,"{'Al': -0.17453292519943298, 'Cr': 0.8726646259971647, 'Mo': -0.5235987755982989}",0.05719943627904174
474,"{'Al': -0.17453292519943298, 'Cr': 0.8726646259971647, 'Mo': -0.17453292519943298}",0.01926156304174802
475,"{'Al': -0.17453292519943298, 'Cr': 0.8726646259971647, 'Mo': 0.17453292519943298}",-0.01926156304174802
476,"{'Al': -0.17453292519943298, 'Cr': 0.8726646259971647, 'Mo': 0.5235987755982987}",-0.05719943627904172
477,"{'Al': -0.17453292519943298, 'Cr': 0.8726646259971647, 'Mo': 0.8726646259971647}",-0.0933993335893081
478,"{'Al': -0.17453292519943298, 'Cr': 0.8726646259971647, 'Mo': 1.2217304763960306}",-0.1267613394108066
479,"{'Al': -0.17453292519943298, 'Cr': 0.8726646259971647, 'Mo': 1.5707963267948966}",-0.15627176607864052
480,"{'Al': -0.17453292519943298, 'Cr': 1.2217304763960306, 'Mo': -1.5707963267948966}",0.212091645828278
481,"{'Al': -0.17453292519943298, 'Cr': 1.2217304763960306, 'Mo': -1.2217304763960306}",0.17204016936434702
482,"{'Al': -0.17453292519943298, 'Cr': 1.2217304763960306, 'Mo': -0.8726646259971648}",0.1267613394108066
483,"{'Al': -0.17453292519943298, 'Cr': 1.2217304763960306, 'Mo': -0.5235987755982989}",0.07763093030360162
484,"{'Al': -0.17453292519943298, 'Cr': 1.2217304763960306, 'Mo': -0.17453292519943298}",0.026141744662267846
485,"{'Al': -0.17453292519943298, 'Cr': 1.2217304763960306, 'Mo': 0.17453292519943298}",-0.026141744662267846
486,"{'Al': -0.17453292519943298, 'Cr': 1.2217304763960306, 'Mo': 0.5235987755982987}",-0.07763093030360158
487,"{'Al': -0.17453292519943298, 'Cr': 1.2217304763960306, 'Mo': 0.8726646259971647}",-0.12676133941080658
488,"{'Al': -0.17453292519943298, 'Cr': 1.2217304763960306, 'Mo': 1.2217304763960306}",-0.17204016936434702
489,"{'Al': -0.17453292519943298, 'Cr': 1.2217304763960306, 'Mo': 1.5707963267948966}",-0.212091645828278
490,"{'Al': -0.17453292519943298, 'Cr': 1.5707963267948966, 'Mo': -1.5707963267948966}",0.2614672282429746
491,"{'Al': -0.17453292519943298, 'Cr': 1.5707963267948966, 'Mo': -1.2217304763960306}",0.21209164582827802
492,"{'Al': -0.17453292519943298, 'Cr': 1.5707963267948966, 'Mo': -0.8726646259971648}",0.15627176607864054
493,"{'Al': -0.17453292519943298, 'Cr': 1.5707963267948966, 'Mo': -0.5235987755982989}",0.09570364779403276
494,"{'Al': -0.17453292519943298, 'Cr': 1.5707963267948966, 'Mo': -0.17453292519943298}",0.032227622599585753
495,"{'Al': -0.17453292519943298, 'Cr': 1.5707963267948966, 'Mo': 0.17453292519943298}",-0.032227622599585753
496,"{'Al': -0.17453292519943298, 'Cr': 1.5707963267948966, 'Mo': 0.5235987755982987}",-0.09570364779403272
497,"{'Al': -0.17453292519943298, 'Cr': 1.5707963267948966, 'Mo': 0.8726646259971647}",-0.15627176607864052
498,"{'Al': -0.17453292519943298, 'Cr': 1.5707963267948966, 'Mo': 1.2217304763960306}",-0.21209164582827802
499,"{'Al': -0.17453292519943298, 'Cr': 1.5707963267948966, 'Mo': 1.5707963267948966}",-0.2614672282429746
500,"{'Al': 0.17453292519943298, 'Cr': -1.5707963267948966, 'Mo': -1.5707963267948966}",0.2614672282429746
501,"{'Al': 0.17453292519943298, 'Cr': -1.5707963267948966, 'Mo': -1.2217304763960306}",0.21209164582827802
502,"{'Al': 0.17453292519943298, 'Cr': -1.5707963267948966, 'Mo': -0.8726646259971648}",0.15627176607864054
503,"{'Al': 0.17453292519943298, 'Cr': -1.5707963267948966, 'Mo': -0.5235987755982989}",0.09570364779403276
504,"{'Al': 0.17453292519943298, 'Cr': -1.5707963267948966, 'Mo': -0.17453292519943298}",0.032227622599585753
505,"{'Al': 0.17453292519943298, 'Cr': -1.5707963267948966, 'Mo': 0.17453292519943298}",-0.032227622599585753
506,"{'Al': 0.17453292519943298, 'Cr': -1.5707963267948966, 'Mo': 0.5235987755982987}",-0.09570364779403272
507,"{'Al': 0.17453292519943298, 'Cr': -1.5707963267948966, 'Mo': 0.8726646259971647}",-0.15627176607864052
508,"{'Al': 0.17453292519943298, 'Cr': -1.5707963267948966, 'Mo': 1.2217304763960306}",-0.21209164582827802
509,"{'Al': 0.17453292519943298, 'Cr': -1.5707963267948966, 'Mo': 1.5707963267948966}",-0.2614672282429746
510,"{'Al': 0.17453292519943298, 'Cr': -1.2217304763960306, 'Mo': -1.5707963267948966}",0.212091645828278
511,"{'Al': 0.17453292519943298, 'Cr': -1.2217304763960306, 'Mo': -1.2217304763960306}",0.17204016936434702
512,"{'Al': 0.17453292519943298, 'Cr': -1.2217304763960306, 'Mo': -0.8726646259971648}",0.1267613394108066
513,"{'Al': 0.17453292519943298, 'Cr': -1.2217304763960306, 'Mo': -0.5235987755982989}",0.07763093030360162
514,"{'Al': 0.17453292519943298, 'Cr': -1.2217304763960306, 'Mo': -0.17453292519943298}",0.026141744662267846
515,"{'Al': 0.17453292519943298, 'Cr': -1.2217304763960306, 'Mo': 0.17453292519943298}",-0.026141744662267846
516,"{'Al': 0.17453292519943298, 'Cr': -1.2217304763960306, 'Mo': 0.5235987755982987}",-0.07763093030360158
517,"{'Al': 0.17453292519943298, 'Cr': -1.2217304763960306, 'Mo': 0.8726646259971647}",-0.12676133941080658
518,"{'Al': 0.17453292519943298, 'Cr': -1.2217304763960306, 'Mo': 1.2217304763960306}",-0.17204016936434702
519,"{'Al': 0.17453292519943298, 'Cr': -1.2217304763960306, 'Mo': 1.5707963267948966}",-0.212091645828278
520,"{'Al': 0.17453292519943298, 'Cr': -0.8726646259971648, 'Mo': -1.5707963267948966}",0.15627176607864054
521,"{'Al': 0.17453292519943298, 'Cr': -0.8726646259971648, 'Mo': -1.2217304763960306}",0.1267613394108066
522,"{'Al': 0.17453292519943298, 'Cr': -0.8726646259971648, 'Mo': -0.8726646259971648}",0.09339933358930813
523,"{'Al': 0.17453292519943298, 'Cr': -0.8726646259971648, 'Mo': -0.5235987755982989}",0.05719943627904175
524,"{'Al': 0.17453292519943298, 'Cr': -0.8726646259971648, 'Mo': -0.17453292519943298}",0.019261563041748024
525,"{'Al': 0.17453292519943298, 'Cr': -0.8726646259971648, 'Mo': 0.17453292519943298}",-0.019261563041748024
526,"{'Al': 0.17453292519943298, 'Cr': -0.8726646259971648, 'Mo': 0.5235987755982987}",-0.05719943627904173
527,"{'Al': 0.17453292519943298, 'Cr': -0.8726646259971648, 'Mo': 0.8726646259971647}",-0.09339933358930812
528,"{'Al': 0.17453292519943298, 'Cr': -0.8726646259971648, 'Mo': 1.2217304763960306}",-0.1267613394108066
529,"{'Al': 0.17453292519943298, 'Cr': -0.8726646259971648, 'Mo': 1.5707963267948966}",-0.15627176607864054
530,"{'Al': 0.17453292519943298, 'Cr': -0.5235987755982989, 'Mo': -1.5707963267948966}",0.09570364779403276
531,"{'Al': 0.17453292519943298, 'Cr': -0.5235987755982989, 'Mo': -1.2217304763960306}",0.07763093030360162
532,"{'Al': 0.17453292519943298, 'Cr': -0.5235987755982989, 'Mo': -0.8726646259971648}",0.057199436279041754
533,"{'Al': 0.17453292519943298, 'Cr': -0.5235987755982989, 'Mo': -0.5235987755982989}",0.035029966327454545
534,"{'Al': 0.17453292519943298, 'Cr': -0.5235987755982989, 'Mo': -0.17453292519943298}",0.011796128575025875
535,"{'Al': 0.17453292519943298, 'Cr': -0.5235987755982989, 'Mo': 0.17453292519943298}",-0.011796128575025875
536,"{'Al': 0.17453292519943298, 'Cr': -0.5235987755982989, 'Mo': 0.5235987755982987}",-0.035029966327454524
537,"{'Al': 0.17453292519943298, 'Cr': -0.5235987755982989, 'Mo': 0.8726646259971647}",-0.05719943627904175
538,"{'Al': 0.17453292519943298, 'Cr': -0.5235987755982989, 'Mo': 1.2217304763960306}",-0.07763093030360162
539,"{'Al': 0.17453292519943298, 'Cr': -0.5235987755982989, 'Mo': 1.5707963267948966}",-0.09570364779403276
540,"{'Al': 0.17453292519943298, 'Cr': -0.17453292519943298, 'Mo': -1.5707963267948966}",0.032227622599585753
541,"{'Al': 0.17453292519943298, 'Cr': -0.17453292519943298, 'Mo': -1.2217304763960306}",0.02614174466226785
542,"{'Al': 0.17453292519943298, 'Cr': -0.17453292519943298, 'Mo': -0.8726646259971648}",0.019261563041748024
543,"{'Al': 0.17453292519943298, 'Cr': -0.17453292519943298, 'Mo': -0.5235987755982989}",0.011796128575025875
544,"{'Al': 0.17453292519943298, 'Cr': -0.17453292519943298, 'Mo': -0.17453292519943298}",0.003972274710680638
545,"{'Al': 0.17453292519943298, 'Cr': -0.17453292519943298, 'Mo': 0.17453292519943298}",-0.003972274710680638
546,"{'Al': 0.17453292519943298, 'Cr': -0.17453292519943298, 'Mo': 0.5235987755982987}",-0.01179612857502587
547,"{'Al': 0.17453292519943298, 'Cr': -0.17453292519943298, 'Mo': 0.8726646259971647}",-0.01926156304174802
548,"{'Al': 0.17453292519943298, 'Cr': -0.17453292519943298, 'Mo': 1.2217304763960306}",-0.02614174466226785
549,"{'Al': 0.17453292519943298, 'Cr': -0.17453292519943298, 'Mo': 1.5707963267948966}",-0.032227622599585753
550,"{'Al': 0.17453292519943298, 'Cr': 0.17453292519943298, 'Mo': -1.5707963267948966}",-0.032227622599585753
551,"{'Al': 0.17453292519943298, 'Cr': 0.17453292519943298, 'Mo': -1.2217304763960306}",-0.02614174466226785
552,"{'Al': 0.17453292519943298, 'Cr': 0.17453292519943298, 'Mo': -0.8726646259971648}",-0.019261563041748024
553,"{'Al': 0.17453292519943298, 'Cr': 0.17453292519943298, 'Mo': -0.5235987755982989}",-0.011796128575025875
554,"{'Al': 0.17453292519943298, 'Cr': 0.17453292519943298, 'Mo': -0.17453292519943298}",-0.003972274710680638
555,"{'Al': 0.17453292519943298, 'Cr': 0.17453292519943298, 'Mo': 0.17453292519943298}",0.003972274710680638
556,"{'Al': 0.17453292519943298, 'Cr': 0.17453292519943298, 'Mo': 0.5235987755982987}",0.01179612857502587
557,"{'Al': 0.17453292519943298, 'Cr': 0.17453292519943298, 'Mo': 0.8726646259971647}",0.01926156304174802
558,"{'Al': 0.17453292519943298, 'Cr': 0.17453292519943298, 'Mo': 1.2217304763960306}",0.02614174466226785
559,"{'Al': 0.17453292519943298, 'Cr': 0.17453292519943298, 'Mo': 1.5707963267948966}",0.032227622599585753
560,"{'Al': 0.17453292519943298, 'Cr': 0.5235987755982987, 'Mo': -1.5707963267948966}",-0.09570364779403272
561,"{'Al': 0.17453292519943298, 'Cr': 0.5235987755982987, 'Mo': -1.2217304763960306}",-0.07763093030360159
562,"{'Al': 0.17453292519943298, 'Cr': 0.5235987755982987, 'Mo': -0.8726646259971648}",-0.057199436279041733
563,"{'Al': 0.17453292519943298, 'Cr': 0.5235987755982987, 'Mo': -0.5235987755982989}",-0.03502996632745453
564,"{'Al': 0.17453292519943298, 'Cr': 0.5235987755982987, 'Mo': -0.17453292519943298}",-0.01179612857502587
565,"{'Al': 0.17453292519943298, 'Cr': 0.5235987755982987, 'Mo': 0.17453292519943298}",0.01179612857502587
566,"{'Al': 0.17453292519943298, 'Cr': 0.5235987755982987, 'Mo': 0.5235987755982987}",0.03502996632745451
567,"{'Al': 0.17453292519943298, 'Cr': 0.5235987755982987, 'Mo': 0.8726646259971647}",0.05719943627904172
568,"{'Al': 0.17453292519943298, 'Cr': 0.5235987755982987, 'Mo': 1.2217304763960306}",0.07763093030360159
569,"{'Al': 0.17453292519943298, 'Cr': 0.5235987755982987, 'Mo': 1.5707963267948966}",0.09570364779403272
570,"{'Al': 0.17453292519943298, 'Cr': 0.8726646259971647, 'Mo': -1.5707963267948966}",-0.15627176607864052
571,"{'Al': 0.17453292519943298, 'Cr': 0.8726646259971647, 'Mo': -1.2217304763960306}",-0.1267613394108066
572,"{'Al': 0.17453292519943298, 'Cr': 0.8726646259971647, 'Mo': -0.8726646259971648}",-0.09339933358930812
573,"{'Al': 0.17453292519943298, 'Cr': 0.8726646259971647, 'Mo': -0.5235987755982989}",-0.05719943627904174
574,"{'Al': 0.17453292519943298, 'Cr': 0.8726646259971647, 'Mo': -0.17453292519943298}",-0.01926156304174802
575,"{'Al': 0.17453292519943298, 'Cr': 0.8726646259971647, 'Mo': 0.17453292519943298}",0.01926156304174802
576,"{'Al': 0.17453292519943298, 'Cr': 0.8726646259971647, 'Mo': 0.5235987755982987}",0.05719943627904172
577,"{'Al': 0.17453292519943298, 'Cr': 0.8726646259971647, 'Mo': 0.8726646259971647}",0.0933993335893081
578,"{'Al': 0.17453292519943298, 'Cr': 0.8726646259971647, 'Mo': 1.2217304763960306}",0.1267613394108066
579,"{'Al': 0.17453292519943298, 'Cr': 0.8726646259971647, 'Mo': 1.5707963267948966}",0.15627176607864052
580,"{'Al': 0.17453292519943298, 'Cr': 1.2217304763960306, 'Mo': -1.5707963267948966}",-0.212091645828278
581,"{'Al': 0.17453292519943298, 'Cr': 1.2217304763960306, 'Mo': -1.2217304763960306}",-0.17204016936434702
582,"{'Al': 0.17453292519943298, 'Cr': 1.2217304763960306, 'Mo': -0.8726646259971648}",-0.1267613394108066
583,"{'Al': 0.17453292519943298, 'Cr': 1.2217304763960306, 'Mo': -0.5235987755982989}",-0.07763093030360162
584,"{'Al': 0.17453292519943298, 'Cr': 1.2217304763960306, 'Mo': -0.17453292519943298}",-0.026141744662267846
585,"{'Al': 0.17453292519943298, 'Cr': 1.2217304763960306, 'Mo': 0.17453292519943298}",0.026141744662267846
586,"{'Al': 0.17453292519943298, 'Cr': 1.2217304763960306, 'Mo': 0.5235987755982987}",0.07763093030360158
587,"{'Al': 0.17453292519943298, 'Cr': 1.2217304763960306, 'Mo': 0.8726646259971647}",0.12676133941080658
588,"{'Al': 0.17453292519943298, 'Cr': 1.2217304763960306, 'Mo': 1.2217304763960306}",0.17204016936434702
589,"{'Al': 0.17453292519943298, 'Cr': 1.2217304763960306, 'Mo': 1.5707963267948966}",0.212091645828278
590,"{'Al': 0.17453292519943298, 'Cr': 1.5707963267948966, 'Mo': -1.5707963267948966}",-0.2614672282429746
591,"{'Al': 0.17453292519943298, 'Cr': 1.5707963267948966, 'Mo': -1.2217304763960306}",-0.21209164582827802
592,"{'Al': 0.17453292519943298, 'Cr': 1.5707963267948966, 'Mo': -0.8726646259971648}",-0.15627176607864054
593,"{'Al': 0.17453292519943298, 'Cr': 1.5707963267948966, 'Mo': -0.5235987755982989}",-0.09570364779403276
594,"{'Al': 0.17453292519943298, 'Cr': 1.5707963267948966, 'Mo': -0.17453292519943298}",-0.032227622599585753
595,"{'Al': 0.17453292519943298, 'Cr': 1.5707963267948966, 'Mo': 0.17453292519943298}",0.032227622599585753
596,"{'Al': 0.17453292519943298, 'Cr': 1.5707963267948966, 'Mo': 0.5235987755982987}",0.09570364779403272
597,"{'Al': 0.17453292519943298, 'Cr': 1.5707963267948966, 'Mo': 0.8726646259971647}",0.15627176607864052
598,"{'Al': 0.17453292519943298, 'Cr': 1.5707963267948966, 'Mo': 1.2217304763960306}",0.21209164582827802
599,"{'Al': 0.17453292519943298, 'Cr': 1.5707963267948966, 'Mo': 1.5707963267948966}",0.2614672282429746
600,"{'Al': 0.5235987755982987, 'Cr': -1.5707963267948966, 'Mo': -1.5707963267948966}",0.7764571353075621
601,"{'Al': 0.5235987755982987, 'Cr': -1.5707963267948966, 'Mo': -1.2217304763960306}",0.6298306401498928
602,"{'Al': 0.5235987755982987, 'Cr': -1.5707963267948966, 'Mo': -0.8726646259971648}",0.46406705970095113
603,"{'Al': 0.5235987755982987, 'Cr': -1.5707963267948966, 'Mo': -0.5235987755982989}",0.2842030364722589
604,"{'Al': 0.5235987755982987, 'Cr': -1.5707963267948966, 'Mo': -0.17453292519943298}",0.0957036477940327
605,"{'Al': 0.5235987755982987, 'Cr': -1.5707963267948966, 'Mo': 0.17453292519943298}",-0.0957036477940327
606,"{'Al': 0.5235987755982987, 'Cr': -1.5707963267948966, 'Mo': 0.5235987755982987}",-0.2842030364722588
607,"{'Al': 0.5235987755982987, 'Cr': -1.5707963267948966, 'Mo': 0.8726646259971647}",-0.4640670597009511
608,"{'Al': 0.5235987755982987, 'Cr': -1.5707963267948966, 'Mo': 1.2217304763960306}",-0.6298306401498928
609,"{'Al': 0.5235987755982987, 'Cr': -1.5707963267948966, 'Mo': 1.5707963267948966}",-0.7764571353075621
610,"{'Al': 0.5235987755982987, 'Cr': -1.2217304763960306, 'Mo': -1.5707963267948966}",0.6298306401498928
611,"{'Al': 0.5235987755982987, 'Cr': -1.2217304763960306, 'Mo': -1.2217304763960306}",0.5108931546034314
612,"{'Al': 0.5235987755982987, 'Cr': -1.2217304763960306, 'Mo': -0.8726646259971648}",0.3764324390787551
613,"{'Al': 0.5235987755982987, 'Cr': -1.2217304763960306, 'Mo': -0.5235987755982989}",0.230534014376676
614,"{'Al': 0.5235987755982987, 'Cr': -1.2217304763960306, 'Mo': -0.17453292519943298}",0.07763093030360158
615,"{'Al': 0.5235987755982987, 'Cr': -1.2217304763960306, 'Mo': 0.17453292519943298}",-0.07763093030360158
616,"{'Al': 0.5235987755982987, 'Cr': -1.2217304763960306, 'Mo': 0.5235987755982987}",-0.2305340143766759
617,"{'Al': 0.5235987755982987, 'Cr': -1.2217304763960306, 'Mo': 0.8726646259971647}",-0.37643243907875507
618,"{'Al': 0.5235987755982987, 'Cr': -1.2217304763960306, 'Mo': 1.2217304763960306}",-0.5108931546034314
619,"{'Al': 0.5235987755982987, 'Cr': -1.2217304763960306, 'Mo': 1.5707963267948966}",-0.6298306401498928
620,"{'Al': 0.5235987755982987, 'Cr': -0.8726646259971648, 'Mo': -1.5707963267948966}",0.46406705970095113
621,"{'Al': 0.5235987755982987, 'Cr': -0.8726646259971648, 'Mo': -1.2217304763960306}",0.37643243907875507
622,"{'Al': 0.5235987755982987, 'Cr': -0.8726646259971648, 'Mo': -0.8726646259971648}",0.2773601092791564
623,"{'Al': 0.5235987755982987, 'Cr': -0.8726646259971648, 'Mo': -0.5235987755982989}",0.16986033291009783
624,"{'Al': 0.5235987755982987, 'Cr': -0.8726646259971648, 'Mo': -0.17453292519943298}",0.05719943627904172
625,"{'Al': 0.5235987755982987, 'Cr': -0.8726646259971648, 'Mo': 0.17453292519943298}",-0.05719943627904172
626,"{'Al': 0.5235987755982987, 'Cr': -0.8726646259971648, 'Mo': 0.5235987755982987}",-0.16986033291009775
627,"{'Al': 0.5235987755982987, 'Cr': -0.8726646259971648, 'Mo': 0.8726646259971647}",-0.27736010927915633
628,"{'Al': 0.5235987755982987, 'Cr': -0.8726646259971648, 'Mo': 1.2217304763960306}",-0.37643243907875507
629,"{'Al': 0.5235987755982987, 'Cr': -0.8726646259971648, 'Mo': 1.5707963267948966}",-0.46406705970095113
630,"{'Al': 0.5235987755982987, 'Cr': -0.5235987755982989, 'Mo': -1.5707963267948966}",0.2842030364722589
631,"{'Al': 0.5235987755982987, 'Cr': -0.5235987755982989, 'Mo': -1.2217304763960306}",0.23053401437667598
632,"{'Al': 0.5235987755982987, 'Cr': -0.5235987755982989, 'Mo': -0.8726646259971648}",0.16986033291009783
633,"{'Al': 0.5235987755982987, 'Cr': -0.5235987755982989, 'Mo': -0.5235987755982989}",0.10402553118152212
634,"{'Al': 0.5235987755982987, 'Cr': -0.5235987755982989, 'Mo': -0.17453292519943298}",0.035029966327454524
635,"{'Al': 0.5235987755982987, 'Cr': -0.5235987755982989, 'Mo': 0.17453292519943298}",-0.035029966327454524
636,"{'Al': 0.5235987755982987, 'Cr': -0.5235987755982989, 'Mo': 0.5235987755982987}",-0.10402553118152208
637,"{'Al': 0.5235987755982987, 'Cr': -0.5235987755982989, 'Mo': 0.8726646259971647}",-0.1698603329100978
638,"{'Al': 0.5235987755982987, 'Cr': -0.5235987755982989, 'Mo': 1.2217304763960306}",-0.23053401437667598
639,"{'Al': 0.5235987755982987, 'Cr': -0.5235987755982989, 'Mo': 1.5707963267948966}",-0.2842030364722589
640,"{'Al': 0.5235987755982987, 'Cr': -0.17453292519943298, 'Mo': -1.5707963267948966}",0.0957036477940327
641,"{'Al': 0.5235987755982987, 'Cr': -0.17453292519943298, 'Mo': -1.2217304763960306}",0.07763093030360158
642,"{'Al': 0.5235987755982987, 'Cr': -0.17453292519943298, 'Mo': -0.8726646259971648}",0.05719943627904172
643,"{'Al': 0.5235987755982987, 'Cr': -0.17453292519943298, 'Mo': -0.5235987755982989}",0.035029966327454524
644,"{'Al': 0.5235987755982987, 'Cr': -0.17453292519943298, 'Mo': -0.17453292519943298}",0.011796128575025868
645,"{'Al': 0.5235987755982987, 'Cr': -0.17453292519943298, 'Mo': 0.17453292519943298}",-0.011796128575025868
646,"{'Al': 0.5235987755982987, 'Cr': -0.17453292519943298, 'Mo': 0.5235987755982987}",-0.035029966327454504
647,"{'Al': 0.5235987755982987, 'Cr': -0.17453292519943298, 'Mo': 0.8726646259971647}",-0.05719943627904171
648,"{'Al': 0.5235987755982987, 'Cr': -0.17453292519943298, 'Mo': 1.2217304763960306}",-0.07763093030360158
649,"{'Al': 0.5235987755982987, 'Cr': -0.17453292519943298, 'Mo': 1.5707963267948966}",-0.0957036477940327
650,"{'Al': 0.5235987755982987, 'Cr': 0.17453292519943298, 'Mo': -1.5707963267948966}",-0.0957036477940327
651,"{'Al': 0.5235987755982987, 'Cr': 0.17453292519943298, 'Mo': -1.2217304763960306}",-0.07763093030360158
652,"{'Al': 0.5235987755982987, 'Cr': 0.17453292519943298, 'Mo': -0.8726646259971648}",-0.05719943627904172
653,"{'Al': 0.5235987755982987, 'Cr': 0.17453292519943298, 'Mo': -0.5235987755982989}",-0.035029966327454524
654,"{'Al': 0.5235987755982987, 'Cr': 0.17453292519943298, 'Mo': -0.17453292519943298}",-0.011796128575025868
655,"{'Al': 0.5235987755982987, 'Cr': 0.17453292519943298, 'Mo': 0.17453292519943298}",0.011796128575025868
656,"{'Al': 0.5235987755982987, 'Cr': 0.17453292519943298, 'Mo': 0.5235987755982987}",0.035029966327454504
657,"{'Al': 0.5235987755982987, 'Cr': 0.17453292519943298, 'Mo': 0.8726646259971647}",0.05719943627904171
658,"{'Al': 0.5235987755982987, 'Cr': 0.17453292519943298, 'Mo': 1.2217304763960306}",0.07763093030360158
659,"{'Al': 0.5235987755982987, 'Cr': 0.17453292519943298, 'Mo': 1.5707963267948966}",0.0957036477940327
660,"{'Al': 0.5235987755982987, 'Cr': 0.5235987755982987, 'Mo': -1.5707963267948966}",-0.2842030364722588
661,"{'Al': 0.5235987755982987, 'Cr': 0.5235987755982987, 'Mo': -1.2217304763960306}",-0.2305340143766759
662,"{'Al': 0.5235987755982987, 'Cr': 0.5235987755982987, 'Mo': -0.8726646259971648}",-0.16986033291009775
663,"{'Al': 0.5235987755982987, 'Cr': 0.5235987755982987, 'Mo': -0.5235987755982989}",-0.10402553118152208
664,"{'Al': 0.5235987755982987, 'Cr': 0.5235987755982987, 'Mo': -0.17453292519943298}",-0.03502996632745451
665,"{'Al': 0.5235987755982987, 'Cr': 0.5235987755982987, 'Mo': 0.17453292519943298}",0.03502996632745451
666,"{'Al': 0.5235987755982987, 'Cr': 0.5235987755982987, 'Mo': 0.5235987755982987}",0.10402553118152204
667,"{'Al': 0.5235987755982987, 'Cr': 0.5235987755982987, 'Mo': 0.8726646259971647}",0.16986033291009775
668,"{'Al': 0.5235987755982987, 'Cr': 0.5235987755982987, 'Mo': 1.2217304763960306}",0.2305340143766759
669,"{'Al': 0.5235987755982987, 'Cr': 0.5235987755982987, 'Mo': 1.5707963267948966}",0.2842030364722588
670,"{'Al': 0.5235987755982987, 'Cr': 0.8726646259971647, 'Mo': -1.5707963267948966}",-0.46406705970095113
671,"{'Al': 0.5235987755982987, 'Cr': 0.8726646259971647, 'Mo': -1.2217304763960306}",-0.37643243907875507
672,"{'Al': 0.5235987755982987, 'Cr': 0.8726646259971647, 'Mo': -0.8726646259971648}",-0.2773601092791564
673,"{'Al': 0.5235987755982987, 'Cr': 0.8726646259971647, 'Mo': -0.5235987755982989}",-0.16986033291009783
674,"{'Al': 0.5235987755982987, 'Cr': 0.8726646259971647, 'Mo': -0.17453292519943298}",-0.05719943627904172
675,"{'Al': 0.5235987755982987, 'Cr': 0.8726646259971647, 'Mo': 0.17453292519943298}",0.05719943627904172
676,"{'Al': 0.5235987755982987, 'Cr': 0.8726646259971647, 'Mo': 0.5235987755982987}",0.16986033291009775
677,"{'Al': 0.5235987755982987, 'Cr': 0.8726646259971647, 'Mo': 0.8726646259971647}",0.27736010927915633
678,"{'Al': 0.5235987755982987, 'Cr': 0.8726646259971647, 'Mo': 1.2217304763960306}",0.37643243907875507
679,"{'Al': 0.5235987755982987, 'Cr': 0.8726646259971647, 'Mo': 1.5707963267948966}",0.46406705970095113
680,"{'Al': 0.5235987755982987, 'Cr': 1.2217304763960306, 'Mo': -1.5707963267948966}",-0.6298306401498928
681,"{'Al': 0.5235987755982987, 'Cr': 1.2217304763960306, 'Mo': -1.2217304763960306}",-0.5108931546034314
682,"{'Al': 0.5235987755982987, 'Cr': 1.2217304763960306, 'Mo': -0.8726646259971648}",-0.3764324390787551
683,"{'Al': 0.5235987755982987, 'Cr': 1.2217304763960306, 'Mo': -0.5235987755982989}",-0.230534014376676
684,"{'Al': 0.5235987755982987, 'Cr': 1.2217304763960306, 'Mo': -0.17453292519943298}",-0.07763093030360158
685,"{'Al': 0.5235987755982987, 'Cr': 1.2217304763960306, 'Mo': 0.17453292519943298}",0.07763093030360158
686,"{'Al': 0.5235987755982987, 'Cr': 1.2217304763960306, 'Mo': 0.5235987755982987}",0.2305340143766759
687,"{'Al': 0.5235987755982987, 'Cr': 1.2217304763960306, 'Mo': 0.8726646259971647}",0.37643243907875507
688,"{'Al': 0.5235987755982987, 'Cr': 1.2217304763960306, 'Mo': 1.2217304763960306}",0.5108931546034314
689,"{'Al': 0.5235987755982987, 'Cr': 1.2217304763960306, 'Mo': 1.5707963267948966}",0.6298306401498928
690,"{'Al': 0.5235987755982987, 'Cr': 1.5707963267948966, 'Mo': -1.5707963267948966}",-0.7764571353075621
691,"{'Al': 0.5235987755982987, 'Cr': 1.5707963267948966, 'Mo': -1.2217304763960306}",-0.6298306401498928
692,"{'Al': 0.5235987755982987, 'Cr': 1.5707963267948966, 'Mo': -0.8726646259971648}",-0.46406705970095113
693,"{'Al': 0.5235987755982987, 'Cr': 1.5707963267948966, 'Mo': -0.5235987755982989}",-0.2842030364722589
694,"{'Al': 0.5235987755982987, 'Cr': 1.5707963267948966, 'Mo': -0.17453292519943298}",-0.0957036477940327
695,"{'Al': 0.5235987755982987, 'Cr': 1.5707963267948966, 'Mo': 0.17453292519943298}",0.0957036477940327
696,"{'Al': 0.5235987755982987, 'Cr': 1.5707963267948966, 'Mo': 0.5235987755982987}",0.2842030364722588
697,"{'Al': 0.5235987755982987, 'Cr': 1.5707963267948966, 'Mo': 0.8726646259971647}",0.4640670597009511
698,"{'Al': 0.5235987755982987, 'Cr': 1.5707963267948966, 'Mo': 1.2217304763960306}",0.6298306401498928
699,"{'Al': 0.5235987755982987, 'Cr': 1.5707963267948966, 'Mo': 1.5707963267948966}",0.7764571353075621
700,"{'Al': 0.8726646259971647, 'Cr': -1.5707963267948966, 'Mo': -1.5707963267948966}",1.2678547852220985
701,"{'Al': 0.8726646259971647, 'Cr': -1.5707963267948966, 'Mo': -1.2217304763960306}",1.0284325491802355
702,"{'Al': 0.8726646259971647, 'Cr': -1.5707963267948966, 'Mo': -0.8726646259971648}",0.7577619105435116
703,"{'Al': 0.8726646259971647, 'Cr': -1.5707963267948966, 'Mo': -0.5235987755982989}",0.46406705970095136
704,"{'Al': 0.8726646259971647, 'Cr': -1.5707963267948966, 'Mo': -0.17453292519943298}",0.15627176607864054
705,"{'Al': 0.8726646259971647, 'Cr': -1.5707963267948966, 'Mo': 0.17453292519943298}",-0.15627176607864054
706,"{'Al': 0.8726646259971647, 'Cr': -1.5707963267948966, 'Mo': 0.5235987755982987}",-0.4640670597009512
707,"{'Al': 0.8726646259971647, 'Cr': -1.5707963267948966, 'Mo': 0.8726646259971647}",-0.7577619105435115
708,"{'Al': 0.8726646259971647, 'Cr': -1.5707963267948966, 'Mo': 1.2217304763960306}",-1.0284325491802355
709,"{'Al': 0.8726646259971647, 'Cr': -1.5707963267948966, 'Mo': 1.5707963267948966}",-1.2678547852220985
710,"{'Al': 0.8726646259971647, 'Cr': -1.2217304763960306, 'Mo': -1.5707963267948966}",1.0284325491802355
711,"{'Al': 0.8726646259971647, 'Cr': -1.2217304763960306, 'Mo': -1.2217304763960306}",0.8342229098643011
712,"{'Al': 0.8726646259971647, 'Cr': -1.2217304763960306, 'Mo': -0.8726646259971648}",0.614665829569301
713,"{'Al': 0.8726646259971647, 'Cr': -1.2217304763960306, 'Mo': -0.5235987755982989}",0.37643243907875523
714,"{'Al': 0.8726646259971647, 'Cr': -1.2217304763960306, 'Mo': -0.17453292519943298}",0.1267613394108066
715,"{'Al': 0.8726646259971647, 'Cr': -1.2217304763960306, 'Mo': 0.17453292519943298}",-0.1267613394108066
716,"{'Al': 0.8726646259971647, 'Cr': -1.2217304763960306, 'Mo': 0.5235987755982987}",-0.3764324390787551
717,"{'Al': 0.8726646259971647, 'Cr': -1.2217304763960306, 'Mo': 0.8726646259971647}",-0.6146658295693009
718,"{'Al': 0.8726646259971647, 'Cr': -1.2217304763960306, 'Mo': 1.2217304763960306}",-0.8342229098643011
719,"{'Al': 0.8726646259971647, 'Cr': -1.2217304763960306, 'Mo': 1.5707963267948966}",-1.0284325491802355
720,"{'Al': 0.8726646259971647, 'Cr': -0.8726646259971648, 'Mo': -1.5707963267948966}",0.7577619105435116
721,"{'Al': 0.8726646259971647, 'Cr': -0.8726646259971648, 'Mo': -1.2217304763960306}",0.614665829569301
722,"{'Al': 0.8726646259971647, 'Cr': -0.8726646259971648, 'Mo': -0.8726646259971648}",0.45289343839954505
723,"{'Al': 0.8726646259971647, 'Cr': -0.8726646259971648, 'Mo': -0.5235987755982989}",0.2773601092791565
724,"{'Al': 0.8726646259971647, 'Cr': -0.8726646259971648, 'Mo': -0.17453292519943298}",0.09339933358930813
725,"{'Al': 0.8726646259971647, 'Cr': -0.8726646259971648, 'Mo': 0.17453292519943298}",-0.09339933358930813
726,"{'Al': 0.8726646259971647, 'Cr': -0.8726646259971648, 'Mo': 0.5235987755982987}",-0.2773601092791564
727,"{'Al': 0.8726646259971647, 'Cr': -0.8726646259971648, 'Mo': 0.8726646259971647}",-0.452893438399545
728,"{'Al': 0.8726646259971647, 'Cr': -0.8726646259971648, 'Mo': 1.2217304763960306}",-0.614665829569301
729,"{'Al': 0.8726646259971647, 'Cr': -0.8726646259971648, 'Mo': 1.5707963267948966}",-0.7577619105435116
730,"{'Al': 0.8726646259971647, 'Cr': -0.5235987755982989, 'Mo': -1.5707963267948966}",0.46406705970095136
731,"{'Al': 0.8726646259971647, 'Cr': -0.5235987755982989, 'Mo': -1.2217304763960306}",0.3764324390787553
732,"{'Al': 0.8726646259971647, 'Cr': -0.5235987755982989, 'Mo': -0.8726646259971648}",0.2773601092791565
733,"{'Al': 0.8726646259971647, 'Cr': -0.5235987755982989, 'Mo': -0.5235987755982989}",0.16986033291009792
734,"{'Al': 0.8726646259971647, 'Cr': -0.5235987755982989, 'Mo': -0.17453292519943298}",0.05719943627904175
735,"{'Al': 0.8726646259971647, 'Cr': -0.5235987755982989, 'Mo': 0.17453292519943298}",-0.05719943627904175
736,"{'Al': 0.8726646259971647, 'Cr': -0.5235987755982989, 'Mo': 0.5235987755982987}",-0.16986033291009786
737,"{'Al': 0.8726646259971647, 'Cr': -0.5235987755982989, 'Mo': 0.8726646259971647}",-0.2773601092791565
738,"{'Al': 0.8726646259971647, 'Cr': -0.5235987755982989, 'Mo': 1.2217304763960306}",-0.3764324390787553
739,"{'Al': 0.8726646259971647, 'Cr': -0.5235987755982989, 'Mo': 1.5707963267948966}",-0.46406705970095136
740,"{'Al': 0.8726646259971647, 'Cr': -0.17453292519943298, 'Mo': -1.5707963267948966}",0.15627176607864054
741,"{'Al': 0.8726646259971647, 'Cr': -0.17453292519943298, 'Mo': -1.2217304763960306}",0.1267613394108066
742,"{'Al': 0.8726646259971647, 'Cr': -0.17453292519943298, 'Mo': -0.8726646259971648}",0.09339933358930813
743,"{'Al': 0.8726646259971647, 'Cr': -0.17453292519943298, 'Mo': -0.5235987755982989}",0.05719943627904175
744,"{'Al': 0.8726646259971647, 'Cr': -0.17453292519943298, 'Mo': -0.17453292519943298}",0.019261563041748024
745,"{'Al': 0.8726646259971647, 'Cr': -0.17453292519943298, 'Mo': 0.17453292519943298}",-0.019261563041748024
746,"{'Al': 0.8726646259971647, 'Cr': -0.17453292519943298, 'Mo': 0.5235987755982987}",-0.05719943627904173
747,"{'Al': 0.8726646259971647, 'Cr': -0.17453292519943298, 'Mo': 0.8726646259971647}",-0.09339933358930812
748,"{'Al': 0.8726646259971647, 'Cr': -0.17453292519943298, 'Mo': 1.2217304763960306}",-0.1267613394108066
749,"{'Al': 0.8726646259971647, 'Cr': -0.17453292519943298, 'Mo': 1.5707963267948966}",-0.15627176607864054
750,"{'Al': 0.8726646259971647, 'Cr': 0.17453292519943298, 'Mo': -1.5707963267948966}",-0.15627176607864054
751,"{'Al': 0.8726646259971647, 'Cr': 0.17453292519943298, 'Mo': -1.2217304763960306}",-0.1267613394108066
752,"{'Al': 0.8726646259971647, 'Cr': 0.17453292519943298, 'Mo': -0.8726646259971648}",-0.09339933358930813
753,"{'Al': 0.8726646259971647, 'Cr': 0.17453292519943298, 'Mo': -0.5235987755982989}",-0.05719943627904175
754,"{'Al': 0.8726646259971647, 'Cr': 0.17453292519943298, 'Mo': -0.17453292519943298}",-0.019261563041748024
755,"{'Al': 0.8726646259971647, 'Cr': 0.17453292519943298, 'Mo': 0.17453292519943298}",0.019261563041748024
756,"{'Al': 0.8726646259971647, 'Cr': 0.17453292519943298, 'Mo': 0.5235987755982987}",0.05719943627904173
757,"{'Al': 0.8726646259971647, 'Cr': 0.17453292519943298, 'Mo': 0.8726646259971647}",0.09339933358930812
758,"{'Al': 0.8726646259971647, 'Cr': 0.17453292519943298, 'Mo': 1.2217304763960306}",0.1267613394108066
759,"{'Al': 0.8726646259971647, 'Cr': 0.17453292519943298, 'Mo': 1.5707963267948966}",0.15627176607864054
760,"{'Al': 0.8726646259971647, 'Cr': 0.5235987755982987, 'Mo': -1.5707963267948966}",-0.46406705970095113
761,"{'Al': 0.8726646259971647, 'Cr': 0.5235987755982987, 'Mo': -1.2217304763960306}",-0.37643243907875507
762,"{'Al': 0.8726646259971647, 'Cr': 0.5235987755982987, 'Mo': -0.8726646259971648}",-0.2773601092791564
763,"{'Al': 0.8726646259971647, 'Cr': 0.5235987755982987, 'Mo': -0.5235987755982989}",-0.16986033291009783
764,"{'Al': 0.8726646259971647, 'Cr': 0.5235987755982987, 'Mo': -0.17453292519943298}",-0.05719943627904172
765,"{'Al': 0.8726646259971647, 'Cr': 0.5235987755982987, 'Mo': 0.17453292519943298}",0.05719943627904172
766,"{'Al': 0.8726646259971647, 'Cr': 0.5235987755982987, 'Mo': 0.5235987755982987}",0.16986033291009775
767,"{'Al': 0.8726646259971647, 'Cr': 0.5235987755982987, 'Mo': 0.8726646259971647}",0.27736010927915633
768,"{'Al': 0.8726646259971647, 'Cr': 0.5235987755982987, 'Mo': 1.2217304763960306}",0.37643243907875507
769,"{'Al': 0.8726646259971647, 'Cr': 0.5235987755982987, 'Mo': 1.5707963267948966}",0.46406705970095113
770,"{'Al': 0.8726646259971647, 'Cr': 0.8726646259971647, 'Mo': -1.5707963267948966}",-0.7577619105435114
771,"{'Al': 0.8726646259971647, 'Cr': 0.8726646259971647, 'Mo': -1.2217304763960306}",-0.6146658295693009
772,"{'Al': 0.8726646259971647, 'Cr': 0.8726646259971647, 'Mo': -0.8726646259971648}",-0.45289343839954493
773,"{'Al': 0.8726646259971647, 'Cr': 0.8726646259971647, 'Mo': -0.5235987755982989}",-0.27736010927915644
774,"{'Al': 0.8726646259971647, 'Cr': 0.8726646259971647, 'Mo': -0.17453292519943298}",-0.0933993335893081
775,"{'Al': 0.8726646259971647, 'Cr': 0.8726646259971647, 'Mo': 0.17453292519943298}",0.0933993335893081
776,"{'Al': 0.8726646259971647, 'Cr': 0.8726646259971647, 'Mo': 0.5235987755982987}",0.27736010927915633
777,"{'Al': 0.8726646259971647, 'Cr': 0.8726646259971647, 'Mo': 0.8726646259971647}",0.4528934383995449
778,"{'Al': 0.8726646259971647, 'Cr': 0.8726646259971647, 'Mo': 1.2217304763960306}",0.6146658295693009
779,"{'Al': 0.8726646259971647, 'Cr': 0.8726646259971647, 'Mo': 1.5707963267948966}",0.7577619105435114
780,"{'Al': 0.8726646259971647, 'Cr': 1.2217304763960306, 'Mo': -1.5707963267948966}",-1.0284325491802355
781,"{'Al': 0.8726646259971647, 'Cr': 1.2217304763960306, 'Mo': -1.2217304763960306}",-0.8342229098643011
782,"{'Al': 0.8726646259971647, 'Cr': 1.2217304763960306, 'Mo': -0.8726646259971648}",-0.614665829569301
783,"{'Al': 0.8726646259971647, 'Cr': 1.2217304763960306, 'Mo': -0.5235987755982989}",-0.37643243907875523
784,"{'Al': 0.8726646259971647, 'Cr': 1.2217304763960306, 'Mo': -0.17453292519943298}",-0.1267613394108066
785,"{'Al': 0.8726646259971647, 'Cr': 1.2217304763960306, 'Mo': 0.17453292519943298}",0.1267613394108066
786,"{'Al': 0.8726646259971647, 'Cr': 1.2217304763960306, 'Mo': 0.5235987755982987}",0.3764324390787551
787,"{'Al': 0.8726646259971647, 'Cr': 1.2217304763960306, 'Mo': 0.8726646259971647}",0.6146658295693009
788,"{'Al': 0.8726646259971647, 'Cr': 1.2217304763960306, 'Mo': 1.2217304763960306}",0.8342229098643011
789,"{'Al': 0.8726646259971647, 'Cr': 1.2217304763960306, 'Mo': 1.5707963267948966}",1.0284325491802355
790,"{'Al': 0.8726646259971647, 'Cr': 1.5707963267948966, 'Mo': -1.5707963267948966}",-1.2678547852220985
791,"{'Al': 0.8726646259971647, 'Cr': 1.5707963267948966, 'Mo': -1.2217304763960306}",-1.0284325491802355
792,"{'Al': 0.8726646259971647, 'Cr': 1.5707963267948966, 'Mo': -0.8726646259971648}",-0.7577619105435116
793,"{'Al': 0.8726646259971647, 'Cr': 1.5707963267948966, 'Mo': -0.5235987755982989}",-0.46406705970095136
794,"{'Al': 0.8726646259971647, 'Cr': 1.5707963267948966, 'Mo': -0.17453292519943298}",-0.15627176607864054
795,"{'Al': 0.8726646259971647, 'Cr': 1.5707963267948966, 'Mo': 0.17453292519943298}",0.15627176607864054
796,"{'Al': 0.8726646259971647, 'Cr': 1.5707963267948966, 'Mo': 0.5235987755982987}",0.4640670597009512
797,"{'Al': 0.8726646259971647, 'Cr': 1.5707963267948966, 'Mo': 0.8726646259971647}",0.7577619105435115
798,"{'Al': 0.8726646259971647, 'Cr': 1.5707963267948966, 'Mo': 1.2217304763960306}",1.0284325491802355
799,"{'Al': 0.8726646259971647, 'Cr': 1.5707963267948966, 'Mo': 1.5707963267948966}",1.2678547852220985
800,"{'Al': 1.2217304763960306, 'Cr': -1.5707963267948966, 'Mo': -1.5707963267948966}",1.7207293090531386
801,"{'Al': 1.2217304763960306, 'Cr': -1.5707963267948966, 'Mo': -1.2217304763960306}",1.3957860556157167
802,"{'Al': 1.2217304763960306, 'Cr': -1.5707963267948966, 'Mo': -0.8726646259971648}",1.0284325491802355
803,"{'Al': 1.2217304763960306, 'Cr': -1.5707963267948966, 'Mo': -0.5235987755982989}",0.6298306401498932
804,"{'Al': 1.2217304763960306, 'Cr': -1.5707963267948966, 'Mo': -0.17453292519943298}",0.21209164582827805
805,"{'Al': 1.2217304763960306, 'Cr': -1.5707963267948966, 'Mo': 0.17453292519943298}",-0.21209164582827805
806,"{'Al': 1.2217304763960306, 'Cr': -1.5707963267948966, 'Mo': 0.5235987755982987}",-0.6298306401498929
807,"{'Al': 1.2217304763960306, 'Cr': -1.5707963267948966, 'Mo': 0.8726646259971647}",-1.0284325491802355
808,"{'Al': 1.2217304763960306, 'Cr': -1.5707963267948966, 'Mo': 1.2217304763960306}",-1.3957860556157167
809,"{'Al': 1.2217304763960306, 'Cr': -1.5707963267948966, 'Mo': 1.5707963267948966}",-1.7207293090531386
810,"{'Al': 1.2217304763960306, 'Cr': -1.2217304763960306, 'Mo': -1.5707963267948966}",1.3957860556157167
811,"{'Al': 1.2217304763960306, 'Cr': -1.2217304763960306, 'Mo': -1.2217304763960306}",1.1322052241461047
812,"{'Al': 1.2217304763960306, 'Cr': -1.2217304763960306, 'Mo': -0.8726646259971648}",0.8342229098643011
813,"{'Al': 1.2217304763960306, 'Cr': -1.2217304763960306, 'Mo': -0.5235987755982989}",0.5108931546034317
814,"{'Al': 1.2217304763960306, 'Cr': -1.2217304763960306, 'Mo': -0.17453292519943298}",0.17204016936434702
815,"{'Al': 1.2217304763960306, 'Cr': -1.2217304763960306, 'Mo': 0.17453292519943298}",-0.17204016936434702
816,"{'Al': 1.2217304763960306, 'Cr': -1.2217304763960306, 'Mo': 0.5235987755982987}",-0.5108931546034314
817,"{'Al': 1.2217304763960306, 'Cr': -1.2217304763960306, 'Mo': 0.8726646259971647}",-0.834222909864301
818,"{'Al': 1.2217304763960306, 'Cr': -1.2217304763960306, 'Mo': 1.2217304763960306}",-1.1322052241461047
819,"{'Al': 1.2217304763960306, 'Cr': -1.2217304763960306, 'Mo': 1.5707963267948966}",-1.3957860556157167
820,"{'Al': 1.2217304763960306, 'Cr': -0.8726646259971648, 'Mo': -1.5707963267948966}",1.0284325491802355
821,"{'Al': 1.2217304763960306, 'Cr': -0.8726646259971648, 'Mo': -1.2217304763960306}",0.8342229098643013
822,"{'Al': 1.2217304763960306, 'Cr': -0.8726646259971648, 'Mo': -0.8726646259971648}",0.6146658295693012
823,"{'Al': 1.2217304763960306, 'Cr': -0.8726646259971648, 'Mo': -0.5235987755982989}",0.37643243907875534
824,"{'Al': 1.2217304763960306, 'Cr': -0.8726646259971648, 'Mo': -0.17453292519943298}",0.12676133941080664
825,"{'Al': 1.2217304763960306, 'Cr': -0.8726646259971648, 'Mo': 0.17453292519943298}",-0.12676133941080664
826,"{'Al': 1.2217304763960306, 'Cr': -0.8726646259971648, 'Mo': 0.5235987755982987}",-0.3764324390787552
827,"{'Al': 1.2217304763960306, 'Cr': -0.8726646259971648, 'Mo': 0.8726646259971647}",-0.614665829569301
828,"{'Al': 1.2217304763960306, 'Cr': -0.8726646259971648, 'Mo': 1.2217304763960306}",-0.8342229098643013
829,"{'Al': 1.2217304763960306, 'Cr': -0.8726646259971648, 'Mo': 1.5707963267948966}",-1.0284325491802355
830,"{'Al': 1.2217304763960306, 'Cr': -0.5235987755982989, 'Mo': -1.5707963267948966}",0.6298306401498931
831,"{'Al': 1.2217304763960306, 'Cr': -0.5235987755982989, 'Mo': -1.2217304763960306}",0.5108931546034317
832,"{'Al': 1.2217304763960306, 'Cr': -0.5235987755982989, 'Mo': -0.8726646259971648}",0.3764324390787553
833,"{'Al': 1.2217304763960306, 'Cr': -0.5235987755982989, 'Mo': -0.5235987755982989}",0.23053401437667612
834,"{'Al': 1.2217304763960306, 'Cr': -0.5235987755982989, 'Mo': -0.17453292519943298}",0.07763093030360162
835,"{'Al': 1.2217304763960306, 'Cr': -0.5235987755982989, 'Mo': 0.17453292519943298}",-0.07763093030360162
836,"{'Al': 1.2217304763960306, 'Cr': -0.5235987755982989, 'Mo': 0.5235987755982987}",-0.230534014376676
837,"{'Al': 1.2217304763960306, 'Cr': -0.5235987755982989, 'Mo': 0.8726646259971647}",-0.37643243907875523
838,"{'Al': 1.2217304763960306, 'Cr': -0.5235987755982989, 'Mo': 1.2217304763960306}",-0.5108931546034317
839,"{'Al': 1.2217304763960306, 'Cr': -0.5235987755982989, 'Mo': 1.5707963267948966}",-0.6298306401498931
840,"{'Al': 1.2217304763960306, 'Cr': -0.17453292519943298, 'Mo': -1.5707963267948966}",0.212091645828278
841,"{'Al': 1.2217304763960306, 'Cr': -0.17453292519943298, 'Mo': -1.2217304763960306}",0.17204016936434702
842,"{'Al': 1.2217304763960306, 'Cr': -0.17453292519943298, 'Mo': -0.8726646259971648}",0.1267613394108066
843,"{'Al': 1.2217304763960306, 'Cr': -0.17453292519943298, 'Mo': -0.5235987755982989}",0.07763093030360162
844,"{'Al': 1.2217304763960306, 'Cr': -0.17453292519943298, 'Mo': -0.17453292519943298}",0.026141744662267846
845,"{'Al': 1.2217304763960306, 'Cr': -0.17453292519943298, 'Mo': 0.17453292519943298}",-0.026141744662267846
846,"{'Al': 1.2217304763960306, 'Cr': -0.17453292519943298, 'Mo': 0.5235987755982987}",-0.07763093030360158
847,"{'Al': 1.2217304763960306, 'Cr': -0.17453292519943298, 'Mo': 0.8726646259971647}",-0.12676133941080658
848,"{'Al': 1.2217304763960306, 'Cr': -0.17453292519943298, 'Mo': 1.2217304763960306}",-0.17204016936434702
849,"{'Al': 1.2217304763960306, 'Cr': -0.17453292519943298, 'Mo': 1.5707963267948966}",-0.212091645828278
850,"{'Al': 1.2217304763960306, 'Cr': 0.17453292519943298, 'Mo': -1.5707963267948966}",-0.212091645828278
851,"{'Al': 1.2217304763960306, 'Cr': 0.17453292519943298, 'Mo': -1.2217304763960306}",-0.17204016936434702
852,"{'Al': 1.2217304763960306, 'Cr': 0.17453292519943298, 'Mo': -0.8726646259971648}",-0.1267613394108066
853,"{'Al': 1.2217304763960306, 'Cr': 0.17453292519943298, 'Mo': -0.5235987755982989}",-0.07763093030360162
854,"{'Al': 1.2217304763960306, 'Cr': 0.17453292519943298, 'Mo': -0.17453292519943298}",-0.026141744662267846
855,"{'Al': 1.2217304763960306, 'Cr': 0.17453292519943298, 'Mo': 0.17453292519943298}",0.026141744662267846
856,"{'Al': 1.2217304763960306, 'Cr': 0.17453292519943298, 'Mo': 0.5235987755982987}",0.07763093030360158
857,"{'Al': 1.2217304763960306, 'Cr': 0.17453292519943298, 'Mo': 0.8726646259971647}",0.12676133941080658
858,"{'Al': 1.2217304763960306, 'Cr': 0.17453292519943298, 'Mo': 1.2217304763960306}",0.17204016936434702
859,"{'Al': 1.2217304763960306, 'Cr': 0.17453292519943298, 'Mo': 1.5707963267948966}",0.212091645828278
860,"{'Al': 1.2217304763960306, 'Cr': 0.5235987755982987, 'Mo': -1.5707963267948966}",-0.6298306401498929
861,"{'Al': 1.2217304763960306, 'Cr': 0.5235987755982987, 'Mo': -1.2217304763960306}",-0.5108931546034314
862,"{'Al': 1.2217304763960306, 'Cr': 0.5235987755982987, 'Mo': -0.8726646259971648}",-0.3764324390787551
863,"{'Al': 1.2217304763960306, 'Cr': 0.5235987755982987, 'Mo': -0.5235987755982989}",-0.23053401437667603
864,"{'Al': 1.2217304763960306, 'Cr': 0.5235987755982987, 'Mo': -0.17453292519943298}",-0.07763093030360159
865,"{'Al': 1.2217304763960306, 'Cr': 0.5235987755982987, 'Mo': 0.17453292519943298}",0.07763093030360159
866,"{'Al': 1.2217304763960306, 'Cr': 0.5235987755982987, 'Mo': 0.5235987755982987}",0.23053401437667592
867,"{'Al': 1.2217304763960306, 'Cr': 0.5235987755982987, 'Mo': 0.8726646259971647}",0.3764324390787551
868,"{'Al': 1.2217304763960306, 'Cr': 0.5235987755982987, 'Mo': 1.2217304763960306}",0.5108931546034314
869,"{'Al': 1.2217304763960306, 'Cr': 0.5235987755982987, 'Mo': 1.5707963267948966}",0.6298306401498929
870,"{'Al': 1.2217304763960306, 'Cr': 0.8726646259971647, 'Mo': -1.5707963267948966}",-1.0284325491802355
871,"{'Al': 1.2217304763960306, 'Cr': 0.8726646259971647, 'Mo': -1.2217304763960306}",-0.8342229098643011
872,"{'Al': 1.2217304763960306, 'Cr': 0.8726646259971647, 'Mo': -0.8726646259971648}",-0.614665829569301
873,"{'Al': 1.2217304763960306, 'Cr': 0.8726646259971647, 'Mo': -0.5235987755982989}",-0.37643243907875523
874,"{'Al': 1.2217304763960306, 'Cr': 0.8726646259971647, 'Mo': -0.17453292519943298}",-0.1267613394108066
875,"{'Al': 1.2217304763960306, 'Cr': 0.8726646259971647, 'Mo': 0.17453292519943298}",0.1267613394108066
876,"{'Al': 1.2217304763960306, 'Cr': 0.8726646259971647, 'Mo': 0.5235987755982987}",0.3764324390787551
877,"{'Al': 1.2217304763960306, 'Cr': 0.8726646259971647, 'Mo': 0.8726646259971647}",0.6146658295693009
878,"{'Al': 1.2217304763960306, 'Cr': 0.8726646259971647, 'Mo': 1.2217304763960306}",0.8342229098643011
879,"{'Al': 1.2217304763960306, 'Cr': 0.8726646259971647, 'Mo': 1.5707963267948966}",1.0284325491802355
880,"{'Al': 1.2217304763960306, 'Cr': 1.2217304763960306, 'Mo': -1.5707963267948966}",-1.3957860556157167
881,"{'Al': 1.2217304763960306, 'Cr': 1.2217304763960306, 'Mo': -1.2217304763960306}",-1.1322052241461047
882,"{'Al': 1.2217304763960306, 'Cr': 1.2217304763960306, 'Mo': -0.8726646259971648}",-0.8342229098643011
883,"{'Al': 1.2217304763960306, 'Cr': 1.2217304763960306, 'Mo': -0.5235987755982989}",-0.5108931546034317
884,"{'Al': 1.2217304763960306, 'Cr': 1.2217304763960306, 'Mo': -0.17453292519943298}",-0.17204016936434702
885,"{'Al': 1.2217304763960306, 'Cr': 1.2217304763960306, 'Mo': 0.17453292519943298}",0.17204016936434702
886,"{'Al': 1.2217304763960306, 'Cr': 1.2217304763960306, 'Mo': 0.5235987755982987}",0.5108931546034314
887,"{'Al': 1.2217304763960306, 'Cr': 1.2217304763960306, 'Mo': 0.8726646259971647}",0.834222909864301
888,"{'Al': 1.2217304763960306, 'Cr': 1.2217304763960306, 'Mo': 1.2217304763960306}",1.1322052241461047
889,"{'Al': 1.2217304763960306, 'Cr': 1.2217304763960306, 'Mo': 1.5707963267948966}",1.3957860556157167
890,"{'Al': 1.2217304763960306, 'Cr': 1.5707963267948966, 'Mo': -1.5707963267948966}",-1.7207293090531386
891,"{'Al': 1.2217304763960306, 'Cr': 1.5707963267948966, 'Mo': -1.2217304763960306}",-1.3957860556157167
892,"{'Al': 1.2217304763960306, 'Cr': 1.5707963267948966, 'Mo': -0.8726646259971648}",-1.0284325491802355
893,"{'Al': 1.2217304763960306, 'Cr': 1.5707963267948966, 'Mo': -0.5235987755982989}",-0.6298306401498932
894,"{'Al': 1.2217304763960306, 'Cr': 1.5707963267948966, 'Mo': -0.17453292519943298}",-0.21209164582827805
895,"{'Al': 1.2217304763960306, 'Cr': 1.5707963267948966, 'Mo': 0.17453292519943298}",0.21209164582827805
896,"{'Al': 1.2217304763960306, 'Cr': 1.5707963267948966, 'Mo': 0.5235987755982987}",0.6298306401498929
897,"{'Al': 1.2217304763960306, 'Cr': 1.5707963267948966, 'Mo': 0.8726646259971647}",1.0284325491802355
898,"{'Al': 1.2217304763960306, 'Cr': 1.5707963267948966, 'Mo': 1.2217304763960306}",1.3957860556157167
899,"{'Al': 1.2217304763960306, 'Cr': 1.5707963267948966, 'Mo': 1.5707963267948966}",1.7207293090531386
900,"{'Al': 1.5707963267948966, 'Cr': -1.5707963267948966, 'Mo': -1.5707963267948966}",2.121320343559643
901,"{'Al': 1.5707963267948966, 'Cr': -1.5707963267948966, 'Mo': -1.2217304763960306}",1.7207293090531384
902,"{'Al': 1.5707963267948966, 'Cr': -1.5707963267948966, 'Mo': -0.8726646259971648}",1.2678547852220985
903,"{'Al': 1.5707963267948966, 'Cr': -1.5707963267948966, 'Mo': -0.5235987755982989}",0.7764571353075626
904,"{'Al': 1.5707963267948966, 'Cr': -1.5707963267948966, 'Mo': -0.17453292519943298}",0.2614672282429746
905,"{'Al': 1.5707963267948966, 'Cr': -1.5707963267948966, 'Mo': 0.17453292519943298}",-0.2614672282429746
906,"{'Al': 1.5707963267948966, 'Cr': -1.5707963267948966, 'Mo': 0.5235987755982987}",-0.7764571353075622
907,"{'Al': 1.5707963267948966, 'Cr': -1.5707963267948966, 'Mo': 0.8726646259971647}",-1.2678547852220983
908,"{'Al': 1.5707963267948966, 'Cr': -1.5707963267948966, 'Mo': 1.2217304763960306}",-1.7207293090531384
909,"{'Al': 1.5707963267948966, 'Cr': -1.5707963267948966, 'Mo': 1.5707963267948966}",-2.121320343559643
910,"{'Al': 1.5707963267948966, 'Cr': -1.2217304763960306, 'Mo': -1.5707963267948966}",1.7207293090531386
911,"{'Al': 1.5707963267948966, 'Cr': -1.2217304763960306, 'Mo': -1.2217304763960306}",1.3957860556157167
912,"{'Al': 1.5707963267948966, 'Cr': -1.2217304763960306, 'Mo': -0.8726646259971648}",1.0284325491802355
913,"{'Al': 1.5707963267948966, 'Cr': -1.2217304763960306, 'Mo': -0.5235987755982989}",0.6298306401498932
914,"{'Al': 1.5707963267948966, 'Cr': -1.2217304763960306, 'Mo': -0.17453292519943298}",0.21209164582827805
915,"{'Al': 1.5707963267948966, 'Cr': -1.2217304763960306, 'Mo': 0.17453292519943298}",-0.21209164582827805
916,"{'Al': 1.5707963267948966, 'Cr': -1.2217304763960306, 'Mo': 0.5235987755982987}",-0.6298306401498929
917,"{'Al': 1.5707963267948966, 'Cr': -1.2217304763960306, 'Mo': 0.8726646259971647}",-1.0284325491802355
918,"{'Al': 1.5707963267948966, 'Cr': -1.2217304763960306, 'Mo': 1.2217304763960306}",-1.3957860556157167
919,"{'Al': 1.5707963267948966, 'Cr': -1.2217304763960306, 'Mo': 1.5707963267948966}",-1.7207293090531386
920,"{'Al': 1.5707963267948966, 'Cr': -0.8726646259971648, 'Mo': -1.5707963267948966}",1.2678547852220985
921,"{'Al': 1.5707963267948966, 'Cr': -0.8726646259971648, 'Mo': -1.2217304763960306}",1.0284325491802355
922,"{'Al': 1.5707963267948966, 'Cr': -0.8726646259971648, 'Mo': -0.8726646259971648}",0.7577619105435116
923,"{'Al': 1.5707963267948966, 'Cr': -0.8726646259971648, 'Mo': -0.5235987755982989}",0.46406705970095136
924,"{'Al': 1.5707963267948966, 'Cr': -0.8726646259971648, 'Mo': -0.17453292519943298}",0.15627176607864054
925,"{'Al': 1.5707963267948966, 'Cr': -0.8726646259971648, 'Mo': 0.17453292519943298}",-0.15627176607864054
926,"{'Al': 1.5707963267948966, 'Cr': -0.8726646259971648, 'Mo': 0.5235987755982987}",-0.4640670597009512
927,"{'Al': 1.5707963267948966, 'Cr': -0.8726646259971648, 'Mo': 0.8726646259971647}",-0.7577619105435115
928,"{'Al': 1.5707963267948966, 'Cr': -0.8726646259971648, 'Mo': 1.2217304763960306}",-1.0284325491802355
929,"{'Al': 1.5707963267948966, 'Cr': -0.8726646259971648, 'Mo': 1.5707963267948966}",-1.2678547852220985
930,"{'Al': 1.5707963267948966, 'Cr': -0.5235987755982989, 'Mo': -1.5707963267948966}",0.7764571353075626
931,"{'Al': 1.5707963267948966, 'Cr': -0.5235987755982989, 'Mo': -1.2217304763960306}",0.6298306401498932
932,"{'Al': 1.5707963267948966, 'Cr': -0.5235987755982989, 'Mo': -0.8726646259971648}",0.4640670597009514
933,"{'Al': 1.5707963267948966, 'Cr': -0.5235987755982989, 'Mo': -0.5235987755982989}",0.2842030364722591
934,"{'Al': 1.5707963267948966, 'Cr': -0.5235987755982989, 'Mo': -0.17453292519943298}",0.09570364779403276
935,"{'Al': 1.5707963267948966, 'Cr': -0.5235987755982989, 'Mo': 0.17453292519943298}",-0.09570364779403276
936,"{'Al': 1.5707963267948966, 'Cr': -0.5235987755982989, 'Mo': 0.5235987755982987}",-0.284203036472259
937,"{'Al': 1.5707963267948966, 'Cr': -0.5235987755982989, 'Mo': 0.8726646259971647}",-0.46406705970095136
938,"{'Al': 1.5707963267948966, 'Cr': -0.5235987755982989, 'Mo': 1.2217304763960306}",-0.6298306401498932
939,"{'Al': 1.5707963267948966, 'Cr': -0.5235987755982989, 'Mo': 1.5707963267948966}",-0.7764571353075626
940,"{'Al': 1.5707963267948966, 'Cr': -0.17453292519943298, 'Mo': -1.5707963267948966}",0.2614672282429746
941,"{'Al': 1.5707963267948966, 'Cr': -0.17453292519943298, 'Mo': -1.2217304763960306}",0.21209164582827802
942,"{'Al': 1.5707963267948966, 'Cr': -0.17453292519943298, 'Mo': -0.8726646259971648}",0.15627176607864054
943,"{'Al': 1.5707963267948966, 'Cr': -0.17453292519943298, 'Mo': -0.5235987755982989}",0.09570364779403276
944,"{'Al': 1.5707963267948966, 'Cr': -0.17453292519943298, 'Mo': -0.17453292519943298}",0.032227622599585753
945,"{'Al': 1.5707963267948966, 'Cr': -0.17453292519943298, 'Mo': 0.17453292519943298}",-0.032227622599585753
946,"{'Al': 1.5707963267948966, 'Cr': -0.17453292519943298, 'Mo': 0.5235987755982987}",-0.09570364779403272
947,"{'Al': 1.5707963267948966, 'Cr': -0.17453292519943298, 'Mo': 0.8726646259971647}",-0.15627176607864052
948,"{'Al': 1.5707963267948966, 'Cr': -0.17453292519943298, 'Mo': 1.2217304763960306}",-0.21209164582827802
949,"{'Al': 1.5707963267948966, 'Cr': -0.17453292519943298, 'Mo': 1.5707963267948966}",-0.2614672282429746
950,"{'Al': 1.5707963267948966, 'Cr': 0.17453292519943298, 'Mo': -1.5707963267948966}",-0.2614672282429746
951,"{'Al': 1.5707963267948966, 'Cr': 0.17453292519943298, 'Mo': -1.2217304763960306}",-0.21209164582827802
952,"{'Al': 1.5707963267948966, 'Cr': 0.17453292519943298, 'Mo': -0.8726646259971648}",-0.15627176607864054
953,"{'Al': 1.5707963267948966, 'Cr': 0.17453292519943298, 'Mo': -0.5235987755982989}",-0.09570364779403276
954,"{'Al': 1.5707963267948966, 'Cr': 0.17453292519943298, 'Mo': -0.17453292519943298}",-0.032227622599585753
955,"{'Al': 1.5707963267948966, 'Cr': 0.17453292519943298, 'Mo': 0.17453292519943298}",0.032227622599585753
956,"{'Al': 1.5707963267948966, 'Cr': 0.17453292519943298, 'Mo': 0.5235987755982987}",0.09570364779403272
957,"{'Al': 1.5707963267948966, 'Cr': 0.17453292519943298, 'Mo': 0.8726646259971647}",0.15627176607864052
958,"{'Al': 1.5707963267948966, 'Cr': 0.17453292519943298, 'Mo': 1.2217304763960306}",0.21209164582827802
959,"{'Al': 1.5707963267948966, 'Cr': 0.17453292519943298, 'Mo': 1.5707963267948966}",0.2614672282429746
960,"{'Al': 1.5707963267948966, 'Cr': 0.5235987755982987, 'Mo': -1.5707963267948966}",-0.7764571353075622
961,"{'Al': 1.5707963267948966, 'Cr': 0.5235987755982987, 'Mo': -1.2217304763960306}",-0.6298306401498929
962,"{'Al': 1.5707963267948966, 'Cr': 0.5235987755982987, 'Mo': -0.8726646259971648}",-0.4640670597009512
963,"{'Al': 1.5707963267948966, 'Cr': 0.5235987755982987, 'Mo': -0.5235987755982989}",-0.284203036472259
964,"{'Al': 1.5707963267948966, 'Cr': 0.5235987755982987, 'Mo': -0.17453292519943298}",-0.09570364779403272
965,"{'Al': 1.5707963267948966, 'Cr': 0.5235987755982987, 'Mo': 0.17453292519943298}",0.09570364779403272
966,"{'Al': 1.5707963267948966, 'Cr': 0.5235987755982987, 'Mo': 0.5235987755982987}",0.28420303647225886
967,"{'Al': 1.5707963267948966, 'Cr': 0.5235987755982987, 'Mo': 0.8726646259971647}",0.46406705970095113
968,"{'Al': 1.5707963267948966, 'Cr': 0.5235987755982987, 'Mo': 1.2217304763960306}",0.6298306401498929
969,"{'Al': 1.5707963267948966, 'Cr': 0.5235987755982987, 'Mo': 1.5707963267948966}",0.7764571353075622
970,"{'Al': 1.5707963267948966, 'Cr': 0.8726646259971647, 'Mo': -1.5707963267948966}",-1.2678547852220983
971,"{'Al': 1.5707963267948966, 'Cr': 0.8726646259971647, 'Mo': -1.2217304763960306}",-1.0284325491802353
972,"{'Al': 1.5707963267948966, 'Cr': 0.8726646259971647, 'Mo': -0.8726646259971648}",-0.7577619105435115
973,"{'Al': 1.5707963267948966, 'Cr': 0.8726646259971647, 'Mo': -0.5235987755982989}",-0.4640670597009513
974,"{'Al': 1.5707963267948966, 'Cr': 0.8726646259971647, 'Mo': -0.17453292519943298}",-0.15627176607864052
975,"{'Al': 1.5707963267948966, 'Cr': 0.8726646259971647, 'Mo': 0.17453292519943298}",0.15627176607864052
976,"{'Al': 1.5707963267948966, 'Cr': 0.8726646259971647, 'Mo': 0.5235987755982987}",0.46406705970095113
977,"{'Al': 1.5707963267948966, 'Cr': 0.8726646259971647, 'Mo': 0.8726646259971647}",0.7577619105435114
978,"{'Al': 1.5707963267948966, 'Cr': 0.8726646259971647, 'Mo': 1.2217304763960306}",1.0284325491802353
979,"{'Al': 1.5707963267948966, 'Cr': 0.8726646259971647, 'Mo': 1.5707963267948966}",1.2678547852220983
980,"{'Al': 1.5707963267948966, 'Cr': 1.2217304763960306, 'Mo': -1.5707963267948966}",-1.7207293090531386
981,"{'Al': 1.5707963267948966, 'Cr': 1.2217304763960306, 'Mo': -1.2217304763960306}",-1.3957860556157167
982,"{'Al': 1.5707963267948966, 'Cr': 1.2217304763960306, 'Mo': -0.8726646259971648}",-1.0284325491802355
983,"{'Al': 1.5707963267948966, 'Cr': 1.2217304763960306, 'Mo': -0.5235987755982989}",-0.6298306401498932
984,"{'Al': 1.5707963267948966, 'Cr': 1.2217304763960306, 'Mo': -0.17453292519943298}",-0.21209164582827805
985,"{'Al': 1.5707963267948966, 'Cr': 1.2217304763960306, 'Mo': 0.17453292519943298}",0.21209164582827805
986,"{'Al': 1.5707963267948966, 'Cr': 1.2217304763960306, 'Mo': 0.5235987755982987}",0.6298306401498929
987,"{'Al': 1.5707963267948966, 'Cr': 1.2217304763960306, 'Mo': 0.8726646259971647}",1.0284325491802355
988,"{'Al': 1.5707963267948966, 'Cr': 1.2217304763960306, 'Mo': 1.2217304763960306}",1.3957860556157167
989,"{'Al': 1.5707963267948966, 'Cr': 1.2217304763960306, 'Mo': 1.5707963267948966}",1.7207293090531386
990,"{'Al': 1.5707963267948966, 'Cr': 1.5707963267948966, 'Mo': -1.5707963267948966}",-2.121320343559643
991,"{'Al': 1.5707963267948966, 'Cr': 1.5707963267948966, 'Mo': -1.2217304763960306}",-1.7207293090531384
992,"{'Al': 1.5707963267948966, 'Cr': 1.5707963267948966, 'Mo': -0.8726646259971648}",-1.2678547852220985
993,"{'Al': 1.5707963267948966, 'Cr': 1.5707963267948966, 'Mo': -0.5235987755982989}",-0.7764571353075626
994,"{'Al': 1.5707963267948966, 'Cr': 1.5707963267948966, 'Mo': -0.17453292519943298}",-0.2614672282429746
995,"{'Al': 1.5707963267948966, 'Cr': 1.5707963267948966, 'Mo': 0.17453292519943298}",0.2614672282429746
996,"{'Al': 1.5707963267948966, 'Cr': 1.5707963267948966, 'Mo': 0.5235987755982987}",0.7764571353075622
997,"{'Al': 1.5707963267948966, 'Cr': 1.5707963267948966, 'Mo': 0.8726646259971647}",1.2678547852220983
998,"{'Al': 1.5707963267948966, 'Cr': 1.5707963267948966, 'Mo': 1.2217304763960306}",1.7207293090531384
999,"{'Al': 1.5707963267948966, 'Cr': 1.5707963267948966, 'Mo': 1.5707963267948966}",2.121320343559643
