material_id,composition,target
1,"{'one': 30, 'two': 29, 'three': 30, 'four': 26, 'five': 30, 'six': 28, 'seven': 28, 'eight': 29, 'nine': 29, 'ten': 27, 'eleven': 28, 'twelve': 28, 'thirteen': 26, 'fourteen': 28, 'fifteen': 27, 'sixteen': 30}",-0.178114
2,"{'one': 27, 'two': 26, 'three': 28, 'four': 29, 'five': 28, 'six': 29, 'seven': 28, 'eight': 30, 'nine': 27, 'ten': 27, 'eleven': 28, 'twelve': 26, 'thirteen': 28, 'fourteen': 28, 'fifteen': 26, 'sixteen': 28}",0.225666000000011
3,"{'one': 28, 'two': 29, 'three': 26, 'four': 27, 'five': 28, 'six': 28, 'seven': 26, 'eight': 26, 'nine': 28, 'ten': 27, 'eleven': 28, 'twelve': 28, 'thirteen': 30, 'fourteen': 29, 'fifteen': 30, 'sixteen': 30}",-0.0186449999999993
5,"{'one': 30, 'two': 27, 'three': 30, 'four': 28, 'five': 29, 'six': 29, 'seven': 30, 'eight': 26, 'nine': 28, 'ten': 30, 'eleven': 28, 'twelve': 30, 'thirteen': 26, 'fourteen': 26, 'fifteen': 28, 'sixteen': 30}",-0.0886010000000041
7,"{'one': 27, 'two': 27, 'three': 29, 'four': 29, 'five': 30, 'six': 30, 'seven': 28, 'eight': 29, 'nine': 28, 'ten': 29, 'eleven': 27, 'twelve': 29, 'thirteen': 26, 'fourteen': 29, 'fifteen': 26, 'sixteen': 29}",0.586332000000005
8,"{'one': 28, 'two': 29, 'three': 28, 'four': 30, 'five': 29, 'six': 26, 'seven': 28, 'eight': 28, 'nine': 27, 'ten': 27, 'eleven': 27, 'twelve': 30, 'thirteen': 28, 'fourteen': 27, 'fifteen': 27, 'sixteen': 27}",-0.066350000000007
11,"{'one': 28, 'two': 28, 'three': 30, 'four': 26, 'five': 28, 'six': 28, 'seven': 28, 'eight': 29, 'nine': 26, 'ten': 30, 'eleven': 28, 'twelve': 28, 'thirteen': 30, 'fourteen': 29, 'fifteen': 27, 'sixteen': 29}",0.359804000000004
12,"{'one': 28, 'two': 27, 'three': 30, 'four': 30, 'five': 28, 'six': 29, 'seven': 29, 'eight': 28, 'nine': 28, 'ten': 26, 'eleven': 30, 'twelve': 29, 'thirteen': 27, 'fourteen': 28, 'fifteen': 27, 'sixteen': 30}",-0.0892909999999957
13,"{'one': 26, 'two': 30, 'three': 28, 'four': 28, 'five': 28, 'six': 30, 'seven': 29, 'eight': 29, 'nine': 27, 'ten': 30, 'eleven': 29, 'twelve': 30, 'thirteen': 26, 'fourteen': 26, 'fifteen': 28, 'sixteen': 29}",0.0336449999999999
14,"{'one': 28, 'two': 29, 'three': 28, 'four': 27, 'five': 28, 'six': 26, 'seven': 28, 'eight': 27, 'nine': 26, 'ten': 26, 'eleven': 26, 'twelve': 26, 'thirteen': 26, 'fourteen': 27, 'fifteen': 29, 'sixteen': 30}",-0.175008999999995
16,"{'one': 28, 'two': 30, 'three': 29, 'four': 29, 'five': 27, 'six': 26, 'seven': 29, 'eight': 27, 'nine': 28, 'ten': 26, 'eleven': 30, 'twelve': 26, 'thirteen': 28, 'fourteen': 26, 'fifteen': 27, 'sixteen': 26}",-0.444164000000007
17,"{'one': 30, 'two': 26, 'three': 26, 'four': 29, 'five': 26, 'six': 30, 'seven': 29, 'eight': 26, 'nine': 30, 'ten': 30, 'eleven': 28, 'twelve': 30, 'thirteen': 28, 'fourteen': 27, 'fifteen': 30, 'sixteen': 27}",-0.03472
18,"{'one': 29, 'two': 27, 'three': 28, 'four': 27, 'five': 26, 'six': 26, 'seven': 29, 'eight': 28, 'nine': 26, 'ten': 27, 'eleven': 30, 'twelve': 27, 'thirteen': 28, 'fourteen': 26, 'fifteen': 29, 'sixteen': 30}",-0.250592000000004
19,"{'one': 26, 'two': 29, 'three': 26, 'four': 30, 'five': 29, 'six': 26, 'seven': 27, 'eight': 28, 'nine': 30, 'ten': 30, 'eleven': 30, 'twelve': 30, 'thirteen': 28, 'fourteen': 26, 'fifteen': 29, 'sixteen': 30}",0.0290029999999958
20,"{'one': 27, 'two': 28, 'three': 27, 'four': 27, 'five': 26, 'six': 27, 'seven': 30, 'eight': 30, 'nine': 30, 'ten': 30, 'eleven': 27, 'twelve': 27, 'thirteen': 30, 'fourteen': 28, 'fifteen': 29, 'sixteen': 27}",0.167637999999989
21,"{'one': 30, 'two': 30, 'three': 28, 'four': 29, 'five': 26, 'six': 30, 'seven': 27, 'eight': 27, 'nine': 28, 'ten': 29, 'eleven': 27, 'twelve': 29, 'thirteen': 27, 'fourteen': 26, 'fifteen': 28, 'sixteen': 27}",0.138213999999997
22,"{'one': 28, 'two': 28, 'three': 29, 'four': 28, 'five': 29, 'six': 30, 'seven': 28, 'eight': 28, 'nine': 28, 'ten': 27, 'eleven': 30, 'twelve': 27, 'thirteen': 26, 'fourteen': 29, 'fifteen': 26, 'sixteen': 28}",0.0836960000000104
23,"{'one': 29, 'two': 29, 'three': 26, 'four': 30, 'five': 28, 'six': 26, 'seven': 30, 'eight': 26, 'nine': 29, 'ten': 27, 'eleven': 28, 'twelve': 28, 'thirteen': 28, 'fourteen': 29, 'fifteen': 29, 'sixteen': 28}",0.0594149999999942
24,"{'one': 28, 'two': 26, 'three': 28, 'four': 30, 'five': 27, 'six': 30, 'seven': 27, 'eight': 26, 'nine': 26, 'ten': 28, 'eleven': 26, 'twelve': 26, 'thirteen': 30, 'fourteen': 29, 'fifteen': 27, 'sixteen': 27}",0.339595999999993
25,"{'one': 29, 'two': 30, 'three': 27, 'four': 26, 'five': 26, 'six': 30, 'seven': 29, 'eight': 26, 'nine': 27, 'ten': 27, 'eleven': 29, 'twelve': 29, 'thirteen': 27, 'fourteen': 29, 'fifteen': 27, 'sixteen': 26}",0.210462000000013
26,"{'one': 30, 'two': 26, 'three': 27, 'four': 30, 'five': 27, 'six': 27, 'seven': 29, 'eight': 28, 'nine': 29, 'ten': 26, 'eleven': 26, 'twelve': 27, 'thirteen': 29, 'fourteen': 29, 'fifteen': 27, 'sixteen': 26}",0.0368950000000083
27,"{'one': 29, 'two': 27, 'three': 28, 'four': 27, 'five': 26, 'six': 28, 'seven': 27, 'eight': 29, 'nine': 26, 'ten': 30, 'eleven': 26, 'twelve': 26, 'thirteen': 29, 'fourteen': 29, 'fifteen': 26, 'sixteen': 30}",0.411175000000007
28,"{'one': 30, 'two': 26, 'three': 28, 'four': 27, 'five': 30, 'six': 30, 'seven': 30, 'eight': 27, 'nine': 28, 'ten': 26, 'eleven': 26, 'twelve': 27, 'thirteen': 30, 'fourteen': 26, 'fifteen': 30, 'sixteen': 29}",-0.475937999999992
30,"{'one': 26, 'two': 30, 'three': 30, 'four': 29, 'five': 28, 'six': 28, 'seven': 29, 'eight': 30, 'nine': 29, 'ten': 27, 'eleven': 27, 'twelve': 30, 'thirteen': 29, 'fourteen': 27, 'fifteen': 28, 'sixteen': 28}",-0.208224000000008
31,"{'one': 27, 'two': 26, 'three': 27, 'four': 30, 'five': 30, 'six': 26, 'seven': 30, 'eight': 30, 'nine': 30, 'ten': 29, 'eleven': 29, 'twelve': 30, 'thirteen': 26, 'fourteen': 29, 'fifteen': 30, 'sixteen': 27}",0.294438000000006
32,"{'one': 28, 'two': 27, 'three': 28, 'four': 26, 'five': 29, 'six': 27, 'seven': 30, 'eight': 30, 'nine': 29, 'ten': 28, 'eleven': 29, 'twelve': 27, 'thirteen': 28, 'fourteen': 26, 'fifteen': 27, 'sixteen': 28}",-0.120166000000004
33,"{'one': 28, 'two': 26, 'three': 29, 'four': 28, 'five': 26, 'six': 26, 'seven': 30, 'eight': 30, 'nine': 29, 'ten': 26, 'eleven': 27, 'twelve': 26, 'thirteen': 27, 'fourteen': 29, 'fifteen': 26, 'sixteen': 30}",0.0227730000000079
34,"{'one': 30, 'two': 26, 'three': 30, 'four': 26, 'five': 26, 'six': 28, 'seven': 29, 'eight': 28, 'nine': 30, 'ten': 29, 'eleven': 30, 'twelve': 26, 'thirteen': 29, 'fourteen': 27, 'fifteen': 30, 'sixteen': 29}",-0.177073
37,"{'one': 26, 'two': 29, 'three': 27, 'four': 30, 'five': 28, 'six': 27, 'seven': 29, 'eight': 26, 'nine': 28, 'ten': 30, 'eleven': 26, 'twelve': 30, 'thirteen': 26, 'fourteen': 26, 'fifteen': 28, 'sixteen': 30}",0.0813229999999904
39,"{'one': 28, 'two': 26, 'three': 27, 'four': 27, 'five': 28, 'six': 26, 'seven': 29, 'eight': 30, 'nine': 27, 'ten': 27, 'eleven': 27, 'twelve': 29, 'thirteen': 29, 'fourteen': 28, 'fifteen': 27, 'sixteen': 29}",0.161802000000001
40,"{'one': 26, 'two': 29, 'three': 29, 'four': 30, 'five': 29, 'six': 30, 'seven': 26, 'eight': 27, 'nine': 28, 'ten': 29, 'eleven': 26, 'twelve': 28, 'thirteen': 28, 'fourteen': 27, 'fifteen': 27, 'sixteen': 29}",0.246466000000005
41,"{'one': 26, 'two': 27, 'three': 26, 'four': 27, 'five': 30, 'six': 27, 'seven': 29, 'eight': 26, 'nine': 28, 'ten': 30, 'eleven': 28, 'twelve': 29, 'thirteen': 26, 'fourteen': 28, 'fifteen': 28, 'sixteen': 26}",0.189036999999991
42,"{'one': 29, 'two': 27, 'three': 26, 'four': 30, 'five': 28, 'six': 27, 'seven': 26, 'eight': 28, 'nine': 27, 'ten': 30, 'eleven': 26, 'twelve': 28, 'thirteen': 28, 'fourteen': 28, 'fifteen': 27, 'sixteen': 30}",0.239744999999992
43,"{'one': 28, 'two': 30, 'three': 30, 'four': 27, 'five': 29, 'six': 29, 'seven': 26, 'eight': 29, 'nine': 26, 'ten': 29, 'eleven': 26, 'twelve': 27, 'thirteen': 26, 'fourteen': 27, 'fifteen': 28, 'sixteen': 29}",0.265872999999992
44,"{'one': 26, 'two': 26, 'three': 29, 'four': 29, 'five': 29, 'six': 28, 'seven': 29, 'eight': 28, 'nine': 27, 'ten': 30, 'eleven': 28, 'twelve': 27, 'thirteen': 30, 'fourteen': 29, 'fifteen': 29, 'sixteen': 30}",0.151009000000009
45,"{'one': 28, 'two': 26, 'three': 29, 'four': 28, 'five': 27, 'six': 30, 'seven': 27, 'eight': 28, 'nine': 28, 'ten': 30, 'eleven': 27, 'twelve': 26, 'thirteen': 28, 'fourteen': 29, 'fifteen': 27, 'sixteen': 26}",0.37466100000001
46,"{'one': 26, 'two': 28, 'three': 30, 'four': 27, 'five': 26, 'six': 30, 'seven': 27, 'eight': 30, 'nine': 26, 'ten': 26, 'eleven': 30, 'twelve': 30, 'thirteen': 26, 'fourteen': 28, 'fifteen': 26, 'sixteen': 27}",-0.0340470000000081
47,"{'one': 30, 'two': 29, 'three': 26, 'four': 28, 'five': 30, 'six': 28, 'seven': 30, 'eight': 28, 'nine': 27, 'ten': 26, 'eleven': 30, 'twelve': 28, 'thirteen': 30, 'fourteen': 26, 'fifteen': 27, 'sixteen': 28}",-0.514382000000004
48,"{'one': 30, 'two': 28, 'three': 29, 'four': 30, 'five': 30, 'six': 26, 'seven': 27, 'eight': 27, 'nine': 29, 'ten': 29, 'eleven': 27, 'twelve': 30, 'thirteen': 29, 'fourteen': 26, 'fifteen': 26, 'sixteen': 30}",0.0972889999999964
50,"{'one': 28, 'two': 27, 'three': 26, 'four': 26, 'five': 28, 'six': 27, 'seven': 28, 'eight': 30, 'nine': 27, 'ten': 26, 'eleven': 30, 'twelve': 28, 'thirteen': 30, 'fourteen': 28, 'fifteen': 30, 'sixteen': 29}",-0.223591000000006
51,"{'one': 26, 'two': 29, 'three': 30, 'four': 26, 'five': 27, 'six': 26, 'seven': 27, 'eight': 29, 'nine': 30, 'ten': 26, 'eleven': 26, 'twelve': 28, 'thirteen': 30, 'fourteen': 26, 'fifteen': 27, 'sixteen': 28}",-0.413585000000004
53,"{'one': 28, 'two': 30, 'three': 26, 'four': 29, 'five': 26, 'six': 28, 'seven': 30, 'eight': 30, 'nine': 26, 'ten': 27, 'eleven': 29, 'twelve': 28, 'thirteen': 28, 'fourteen': 29, 'fifteen': 27, 'sixteen': 27}",0.223058999999999
54,"{'one': 27, 'two': 29, 'three': 30, 'four': 26, 'five': 27, 'six': 28, 'seven': 26, 'eight': 29, 'nine': 28, 'ten': 26, 'eleven': 27, 'twelve': 29, 'thirteen': 30, 'fourteen': 28, 'fifteen': 26, 'sixteen': 26}",-0.221718000000002
55,"{'one': 30, 'two': 30, 'three': 28, 'four': 29, 'five': 27, 'six': 29, 'seven': 30, 'eight': 28, 'nine': 29, 'ten': 27, 'eleven': 28, 'twelve': 29, 'thirteen': 30, 'fourteen': 26, 'fifteen': 28, 'sixteen': 27}",-0.331992000000006
56,"{'one': 29, 'two': 29, 'three': 27, 'four': 28, 'five': 27, 'six': 29, 'seven': 26, 'eight': 26, 'nine': 28, 'ten': 27, 'eleven': 29, 'twelve': 27, 'thirteen': 28, 'fourteen': 28, 'fifteen': 27, 'sixteen': 26}",0.0692699999999959
57,"{'one': 29, 'two': 30, 'three': 28, 'four': 30, 'five': 27, 'six': 26, 'seven': 29, 'eight': 27, 'nine': 27, 'ten': 30, 'eleven': 28, 'twelve': 28, 'thirteen': 29, 'fourteen': 27, 'fifteen': 28, 'sixteen': 28}",0.25529500000001
58,"{'one': 29, 'two': 27, 'three': 26, 'four': 26, 'five': 27, 'six': 29, 'seven': 29, 'eight': 28, 'nine': 27, 'ten': 27, 'eleven': 27, 'twelve': 27, 'thirteen': 26, 'fourteen': 29, 'fifteen': 28, 'sixteen': 30}",0.265073000000008
60,"{'one': 30, 'two': 27, 'three': 27, 'four': 27, 'five': 30, 'six': 26, 'seven': 29, 'eight': 29, 'nine': 29, 'ten': 27, 'eleven': 28, 'twelve': 26, 'thirteen': 29, 'fourteen': 26, 'fifteen': 27, 'sixteen': 27}",-0.204720999999999
61,"{'one': 27, 'two': 27, 'three': 28, 'four': 28, 'five': 28, 'six': 28, 'seven': 30, 'eight': 26, 'nine': 28, 'ten': 29, 'eleven': 28, 'twelve': 26, 'thirteen': 29, 'fourteen': 26, 'fifteen': 30, 'sixteen': 27}",-0.163071999999992
62,"{'one': 30, 'two': 29, 'three': 27, 'four': 29, 'five': 29, 'six': 27, 'seven': 28, 'eight': 28, 'nine': 30, 'ten': 26, 'eleven': 26, 'twelve': 28, 'thirteen': 27, 'fourteen': 29, 'fifteen': 26, 'sixteen': 30}",0.0201510000000055
63,"{'one': 28, 'two': 26, 'three': 29, 'four': 29, 'five': 30, 'six': 30, 'seven': 27, 'eight': 29, 'nine': 26, 'ten': 28, 'eleven': 30, 'twelve': 26, 'thirteen': 29, 'fourteen': 27, 'fifteen': 29, 'sixteen': 26}",0.0315330000000031
66,"{'one': 29, 'two': 28, 'three': 26, 'four': 28, 'five': 27, 'six': 29, 'seven': 26, 'eight': 28, 'nine': 27, 'ten': 28, 'eleven': 26, 'twelve': 30, 'thirteen': 29, 'fourteen': 26, 'fifteen': 28, 'sixteen': 30}",-0.257018999999992
68,"{'one': 29, 'two': 30, 'three': 27, 'four': 26, 'five': 26, 'six': 29, 'seven': 29, 'eight': 29, 'nine': 29, 'ten': 30, 'eleven': 30, 'twelve': 27, 'thirteen': 28, 'fourteen': 28, 'fifteen': 26, 'sixteen': 28}",0.285526999999994
69,"{'one': 30, 'two': 29, 'three': 26, 'four': 29, 'five': 28, 'six': 27, 'seven': 28, 'eight': 27, 'nine': 29, 'ten': 29, 'eleven': 27, 'twelve': 29, 'thirteen': 30, 'fourteen': 30, 'fifteen': 27, 'sixteen': 28}",0.351673999999995
73,"{'one': 27, 'two': 27, 'three': 29, 'four': 27, 'five': 26, 'six': 26, 'seven': 26, 'eight': 28, 'nine': 28, 'ten': 29, 'eleven': 28, 'twelve': 28, 'thirteen': 29, 'fourteen': 29, 'fifteen': 27, 'sixteen': 30}",0.428408000000011
75,"{'one': 28, 'two': 27, 'three': 28, 'four': 29, 'five': 28, 'six': 30, 'seven': 30, 'eight': 26, 'nine': 29, 'ten': 27, 'eleven': 28, 'twelve': 27, 'thirteen': 29, 'fourteen': 26, 'fifteen': 27, 'sixteen': 28}",-0.297079000000003
77,"{'one': 26, 'two': 27, 'three': 26, 'four': 26, 'five': 30, 'six': 26, 'seven': 26, 'eight': 29, 'nine': 29, 'ten': 30, 'eleven': 30, 'twelve': 28, 'thirteen': 26, 'fourteen': 30, 'fifteen': 28, 'sixteen': 29}",0.455566000000011
78,"{'one': 26, 'two': 27, 'three': 26, 'four': 27, 'five': 26, 'six': 30, 'seven': 28, 'eight': 30, 'nine': 28, 'ten': 30, 'eleven': 27, 'twelve': 29, 'thirteen': 30, 'fourteen': 30, 'fifteen': 29, 'sixteen': 26}",0.282720000000004
79,"{'one': 29, 'two': 28, 'three': 29, 'four': 26, 'five': 29, 'six': 27, 'seven': 30, 'eight': 26, 'nine': 28, 'ten': 29, 'eleven': 27, 'twelve': 29, 'thirteen': 26, 'fourteen': 27, 'fifteen': 30, 'sixteen': 28}",0.0485700000000051
80,"{'one': 28, 'two': 27, 'three': 27, 'four': 26, 'five': 27, 'six': 28, 'seven': 30, 'eight': 29, 'nine': 30, 'ten': 28, 'eleven': 30, 'twelve': 29, 'thirteen': 30, 'fourteen': 28, 'fifteen': 30, 'sixteen': 29}",-0.147085000000004
81,"{'one': 27, 'two': 26, 'three': 28, 'four': 27, 'five': 26, 'six': 29, 'seven': 28, 'eight': 29, 'nine': 26, 'ten': 26, 'eleven': 29, 'twelve': 30, 'thirteen': 27, 'fourteen': 29, 'fifteen': 30, 'sixteen': 30}",0.101013000000001
83,"{'one': 26, 'two': 29, 'three': 30, 'four': 26, 'five': 28, 'six': 26, 'seven': 27, 'eight': 30, 'nine': 26, 'ten': 27, 'eleven': 27, 'twelve': 27, 'thirteen': 28, 'fourteen': 28, 'fifteen': 29, 'sixteen': 29}",0.0297280000000128
84,"{'one': 28, 'two': 30, 'three': 27, 'four': 30, 'five': 30, 'six': 30, 'seven': 29, 'eight': 27, 'nine': 28, 'ten': 29, 'eleven': 26, 'twelve': 30, 'thirteen': 29, 'fourteen': 28, 'fifteen': 27, 'sixteen': 30}",0.369219999999998
85,"{'one': 26, 'two': 29, 'three': 28, 'four': 28, 'five': 30, 'six': 28, 'seven': 27, 'eight': 27, 'nine': 26, 'ten': 29, 'eleven': 27, 'twelve': 27, 'thirteen': 27, 'fourteen': 26, 'fifteen': 28, 'sixteen': 29}",0.172118000000004
86,"{'one': 26, 'two': 28, 'three': 30, 'four': 28, 'five': 26, 'six': 27, 'seven': 27, 'eight': 26, 'nine': 28, 'ten': 30, 'eleven': 27, 'twelve': 29, 'thirteen': 29, 'fourteen': 29, 'fifteen': 27, 'sixteen': 28}",0.355181999999992
87,"{'one': 30, 'two': 28, 'three': 26, 'four': 29, 'five': 29, 'six': 28, 'seven': 30, 'eight': 29, 'nine': 27, 'ten': 27, 'eleven': 29, 'twelve': 28, 'thirteen': 29, 'fourteen': 27, 'fifteen': 27, 'sixteen': 27}",-0.196325000000008
88,"{'one': 27, 'two': 29, 'three': 30, 'four': 29, 'five': 29, 'six': 30, 'seven': 27, 'eight': 30, 'nine': 26, 'ten': 29, 'eleven': 27, 'twelve': 26, 'thirteen': 28, 'fourteen': 30, 'fifteen': 28, 'sixteen': 29}",0.510769000000003
89,"{'one': 26, 'two': 27, 'three': 27, 'four': 26, 'five': 27, 'six': 30, 'seven': 26, 'eight': 28, 'nine': 27, 'ten': 29, 'eleven': 30, 'twelve': 26, 'thirteen': 26, 'fourteen': 30, 'fifteen': 28, 'sixteen': 29}",0.329295999999992
90,"{'one': 26, 'two': 27, 'three': 29, 'four': 29, 'five': 30, 'six': 27, 'seven': 26, 'eight': 27, 'nine': 28, 'ten': 28, 'eleven': 28, 'twelve': 30, 'thirteen': 26, 'fourteen': 28, 'fifteen': 27, 'sixteen': 27}",0.127590000000004
91,"{'one': 26, 'two': 27, 'three': 28, 'four': 28, 'five': 28, 'six': 29, 'seven': 26, 'eight': 28, 'nine': 30, 'ten': 27, 'eleven': 28, 'twelve': 26, 'thirteen': 28, 'fourteen': 28, 'fifteen': 29, 'sixteen': 30}",-0.0121850000000094
92,"{'one': 29, 'two': 26, 'three': 28, 'four': 27, 'five': 30, 'six': 28, 'seven': 29, 'eight': 26, 'nine': 28, 'ten': 29, 'eleven': 27, 'twelve': 30, 'thirteen': 27, 'fourteen': 28, 'fifteen': 26, 'sixteen': 29}",0.221353
94,"{'one': 27, 'two': 29, 'three': 29, 'four': 28, 'five': 29, 'six': 27, 'seven': 26, 'eight': 29, 'nine': 30, 'ten': 30, 'eleven': 29, 'twelve': 26, 'thirteen': 26, 'fourteen': 26, 'fifteen': 29, 'sixteen': 28}",0.0683740000000128
97,"{'one': 30, 'two': 26, 'three': 29, 'four': 30, 'five': 26, 'six': 30, 'seven': 30, 'eight': 26, 'nine': 28, 'ten': 26, 'eleven': 30, 'twelve': 27, 'thirteen': 27, 'fourteen': 27, 'fifteen': 28, 'sixteen': 27}",-0.238274000000011
98,"{'one': 28, 'two': 29, 'three': 27, 'four': 30, 'five': 27, 'six': 26, 'seven': 30, 'eight': 26, 'nine': 27, 'ten': 29, 'eleven': 26, 'twelve': 28, 'thirteen': 29, 'fourteen': 28, 'fifteen': 28, 'sixteen': 29}",0.413248000000002
99,"{'one': 29, 'two': 28, 'three': 30, 'four': 30, 'five': 30, 'six': 30, 'seven': 29, 'eight': 28, 'nine': 29, 'ten': 30, 'eleven': 29, 'twelve': 27, 'thirteen': 27, 'fourteen': 28, 'fifteen': 28, 'sixteen': 27}",0.247070000000007
100,"{'one': 29, 'two': 28, 'three': 30, 'four': 29, 'five': 30, 'six': 26, 'seven': 26, 'eight': 30, 'nine': 28, 'ten': 26, 'eleven': 26, 'twelve': 26, 'thirteen': 30, 'fourteen': 29, 'fifteen': 29, 'sixteen': 30}",-0.0476629999999929
101,"{'one': 27, 'two': 27, 'three': 26, 'four': 27, 'five': 26, 'six': 29, 'seven': 30, 'eight': 27, 'nine': 27, 'ten': 28, 'eleven': 27, 'twelve': 28, 'thirteen': 27, 'fourteen': 28, 'fifteen': 26, 'sixteen': 26}",0.163580000000003
102,"{'one': 30, 'two': 28, 'three': 30, 'four': 26, 'five': 26, 'six': 26, 'seven': 27, 'eight': 26, 'nine': 29, 'ten': 29, 'eleven': 29, 'twelve': 28, 'thirteen': 28, 'fourteen': 26, 'fifteen': 29, 'sixteen': 28}",-0.0362319999999911
103,"{'one': 30, 'two': 26, 'three': 28, 'four': 29, 'five': 30, 'six': 30, 'seven': 30, 'eight': 30, 'nine': 30, 'ten': 28, 'eleven': 30, 'twelve': 28, 'thirteen': 27, 'fourteen': 29, 'fifteen': 30, 'sixteen': 28}",0.341934999999992
104,"{'one': 28, 'two': 28, 'three': 29, 'four': 27, 'five': 26, 'six': 28, 'seven': 26, 'eight': 29, 'nine': 27, 'ten': 30, 'eleven': 26, 'twelve': 27, 'thirteen': 26, 'fourteen': 30, 'fifteen': 29, 'sixteen': 30}",0.426656000000001
105,"{'one': 27, 'two': 30, 'three': 28, 'four': 30, 'five': 30, 'six': 27, 'seven': 26, 'eight': 26, 'nine': 27, 'ten': 28, 'eleven': 27, 'twelve': 30, 'thirteen': 27, 'fourteen': 27, 'fifteen': 30, 'sixteen': 27}",0.0430100000000024
106,"{'one': 26, 'two': 26, 'three': 30, 'four': 27, 'five': 26, 'six': 26, 'seven': 29, 'eight': 28, 'nine': 27, 'ten': 29, 'eleven': 29, 'twelve': 29, 'thirteen': 28, 'fourteen': 29, 'fifteen': 30, 'sixteen': 30}",0.340165000000006
107,"{'one': 29, 'two': 28, 'three': 30, 'four': 27, 'five': 28, 'six': 29, 'seven': 26, 'eight': 29, 'nine': 28, 'ten': 29, 'eleven': 27, 'twelve': 29, 'thirteen': 30, 'fourteen': 29, 'fifteen': 30, 'sixteen': 30}",0.335088000000006
109,"{'one': 27, 'two': 28, 'three': 26, 'four': 27, 'five': 27, 'six': 28, 'seven': 30, 'eight': 30, 'nine': 28, 'ten': 28, 'eleven': 26, 'twelve': 28, 'thirteen': 26, 'fourteen': 29, 'fifteen': 27, 'sixteen': 26}",0.264171999999994
110,"{'one': 30, 'two': 26, 'three': 28, 'four': 28, 'five': 26, 'six': 27, 'seven': 30, 'eight': 28, 'nine': 29, 'ten': 26, 'eleven': 28, 'twelve': 26, 'thirteen': 30, 'fourteen': 28, 'fifteen': 30, 'sixteen': 27}",-0.222265
112,"{'one': 26, 'two': 30, 'three': 27, 'four': 26, 'five': 30, 'six': 27, 'seven': 28, 'eight': 27, 'nine': 27, 'ten': 28, 'eleven': 26, 'twelve': 29, 'thirteen': 30, 'fourteen': 26, 'fifteen': 28, 'sixteen': 30}",-0.0087430000000026
113,"{'one': 28, 'two': 27, 'three': 27, 'four': 29, 'five': 27, 'six': 28, 'seven': 27, 'eight': 26, 'nine': 28, 'ten': 28, 'eleven': 27, 'twelve': 29, 'thirteen': 26, 'fourteen': 29, 'fifteen': 26, 'sixteen': 26}",0.393111999999995
114,"{'one': 28, 'two': 29, 'three': 27, 'four': 26, 'five': 30, 'six': 30, 'seven': 30, 'eight': 30, 'nine': 28, 'ten': 27, 'eleven': 30, 'twelve': 28, 'thirteen': 26, 'fourteen': 26, 'fifteen': 28, 'sixteen': 26}",-0.346927999999998
115,"{'one': 26, 'two': 28, 'three': 29, 'four': 28, 'five': 26, 'six': 26, 'seven': 26, 'eight': 28, 'nine': 27, 'ten': 28, 'eleven': 27, 'twelve': 28, 'thirteen': 26, 'fourteen': 28, 'fifteen': 30, 'sixteen': 28}",0.104151000000008
116,"{'one': 27, 'two': 28, 'three': 27, 'four': 28, 'five': 29, 'six': 26, 'seven': 29, 'eight': 27, 'nine': 30, 'ten': 29, 'eleven': 26, 'twelve': 30, 'thirteen': 28, 'fourteen': 29, 'fifteen': 30, 'sixteen': 28}",0.279434999999999
117,"{'one': 28, 'two': 26, 'three': 28, 'four': 26, 'five': 29, 'six': 27, 'seven': 27, 'eight': 30, 'nine': 27, 'ten': 29, 'eleven': 27, 'twelve': 30, 'thirteen': 27, 'fourteen': 29, 'fifteen': 28, 'sixteen': 27}",0.525162999999999
119,"{'one': 30, 'two': 26, 'three': 29, 'four': 29, 'five': 28, 'six': 28, 'seven': 30, 'eight': 30, 'nine': 28, 'ten': 29, 'eleven': 26, 'twelve': 28, 'thirteen': 28, 'fourteen': 28, 'fifteen': 28, 'sixteen': 28}",0.231332000000001
120,"{'one': 29, 'two': 30, 'three': 29, 'four': 30, 'five': 26, 'six': 30, 'seven': 27, 'eight': 30, 'nine': 29, 'ten': 27, 'eleven': 29, 'twelve': 29, 'thirteen': 27, 'fourteen': 26, 'fifteen': 26, 'sixteen': 26}",-0.339525000000001
121,"{'one': 29, 'two': 27, 'three': 27, 'four': 26, 'five': 29, 'six': 28, 'seven': 27, 'eight': 28, 'nine': 29, 'ten': 26, 'eleven': 28, 'twelve': 27, 'thirteen': 29, 'fourteen': 29, 'fifteen': 28, 'sixteen': 29}",0.0215750000000056
122,"{'one': 29, 'two': 29, 'three': 26, 'four': 26, 'five': 29, 'six': 30, 'seven': 28, 'eight': 28, 'nine': 26, 'ten': 29, 'eleven': 30, 'twelve': 27, 'thirteen': 26, 'fourteen': 26, 'fifteen': 28, 'sixteen': 29}",0.105686000000012
124,"{'one': 29, 'two': 30, 'three': 30, 'four': 28, 'five': 26, 'six': 30, 'seven': 27, 'eight': 29, 'nine': 30, 'ten': 26, 'eleven': 30, 'twelve': 26, 'thirteen': 26, 'fourteen': 27, 'fifteen': 29, 'sixteen': 27}",-0.334848999999998
125,"{'one': 28, 'two': 28, 'three': 29, 'four': 29, 'five': 27, 'six': 29, 'seven': 29, 'eight': 29, 'nine': 26, 'ten': 29, 'eleven': 27, 'twelve': 29, 'thirteen': 27, 'fourteen': 26, 'fifteen': 28, 'sixteen': 29}",0.125751999999998
126,"{'one': 28, 'two': 28, 'three': 26, 'four': 30, 'five': 27, 'six': 30, 'seven': 29, 'eight': 27, 'nine': 27, 'ten': 30, 'eleven': 29, 'twelve': 30, 'thirteen': 26, 'fourteen': 27, 'fifteen': 26, 'sixteen': 27}",0.0782829999999918
127,"{'one': 28, 'two': 30, 'three': 30, 'four': 26, 'five': 27, 'six': 27, 'seven': 28, 'eight': 26, 'nine': 28, 'ten': 27, 'eleven': 28, 'twelve': 26, 'thirteen': 26, 'fourteen': 30, 'fifteen': 27, 'sixteen': 28}",0.0477539999999905
128,"{'one': 27, 'two': 30, 'three': 30, 'four': 28, 'five': 29, 'six': 26, 'seven': 28, 'eight': 27, 'nine': 29, 'ten': 30, 'eleven': 26, 'twelve': 26, 'thirteen': 28, 'fourteen': 26, 'fifteen': 28, 'sixteen': 28}",0.105916
129,"{'one': 27, 'two': 29, 'three': 27, 'four': 27, 'five': 28, 'six': 28, 'seven': 26, 'eight': 28, 'nine': 30, 'ten': 27, 'eleven': 27, 'twelve': 28, 'thirteen': 28, 'fourteen': 30, 'fifteen': 26, 'sixteen': 27}",0.0789279999999976
130,"{'one': 28, 'two': 30, 'three': 27, 'four': 27, 'five': 27, 'six': 27, 'seven': 28, 'eight': 27, 'nine': 30, 'ten': 27, 'eleven': 27, 'twelve': 30, 'thirteen': 28, 'fourteen': 29, 'fifteen': 30, 'sixteen': 26}",0.0160519999999948
132,"{'one': 27, 'two': 29, 'three': 28, 'four': 28, 'five': 27, 'six': 26, 'seven': 29, 'eight': 28, 'nine': 30, 'ten': 29, 'eleven': 26, 'twelve': 29, 'thirteen': 26, 'fourteen': 27, 'fifteen': 27, 'sixteen': 27}",0.291087999999994
133,"{'one': 29, 'two': 29, 'three': 28, 'four': 27, 'five': 28, 'six': 28, 'seven': 29, 'eight': 27, 'nine': 30, 'ten': 26, 'eleven': 29, 'twelve': 30, 'thirteen': 26, 'fourteen': 30, 'fifteen': 28, 'sixteen': 28}",-0.114545999999997
134,"{'one': 29, 'two': 27, 'three': 29, 'four': 28, 'five': 30, 'six': 27, 'seven': 27, 'eight': 26, 'nine': 27, 'ten': 26, 'eleven': 26, 'twelve': 30, 'thirteen': 28, 'fourteen': 30, 'fifteen': 29, 'sixteen': 29}",0.0514259999999993
135,"{'one': 26, 'two': 28, 'three': 27, 'four': 26, 'five': 27, 'six': 29, 'seven': 26, 'eight': 29, 'nine': 28, 'ten': 30, 'eleven': 26, 'twelve': 29, 'thirteen': 28, 'fourteen': 27, 'fifteen': 29, 'sixteen': 30}",0.0899920000000022
136,"{'one': 27, 'two': 28, 'three': 30, 'four': 30, 'five': 28, 'six': 28, 'seven': 26, 'eight': 30, 'nine': 26, 'ten': 28, 'eleven': 27, 'twelve': 26, 'thirteen': 30, 'fourteen': 28, 'fifteen': 28, 'sixteen': 27}",0.0156380000000027
137,"{'one': 28, 'two': 29, 'three': 29, 'four': 28, 'five': 30, 'six': 30, 'seven': 26, 'eight': 30, 'nine': 30, 'ten': 27, 'eleven': 28, 'twelve': 30, 'thirteen': 27, 'fourteen': 26, 'fifteen': 26, 'sixteen': 27}",-0.39114
139,"{'one': 29, 'two': 28, 'three': 27, 'four': 30, 'five': 27, 'six': 30, 'seven': 27, 'eight': 27, 'nine': 28, 'ten': 30, 'eleven': 27, 'twelve': 26, 'thirteen': 29, 'fourteen': 30, 'fifteen': 27, 'sixteen': 28}",0.408656
140,"{'one': 28, 'two': 29, 'three': 28, 'four': 30, 'five': 30, 'six': 30, 'seven': 26, 'eight': 29, 'nine': 29, 'ten': 26, 'eleven': 27, 'twelve': 30, 'thirteen': 28, 'fourteen': 28, 'fifteen': 30, 'sixteen': 29}",-0.136108
142,"{'one': 30, 'two': 27, 'three': 27, 'four': 29, 'five': 26, 'six': 29, 'seven': 26, 'eight': 30, 'nine': 28, 'ten': 28, 'eleven': 28, 'twelve': 28, 'thirteen': 28, 'fourteen': 26, 'fifteen': 28, 'sixteen': 29}",-0.141670999999995
143,"{'one': 29, 'two': 28, 'three': 27, 'four': 30, 'five': 28, 'six': 27, 'seven': 30, 'eight': 30, 'nine': 30, 'ten': 27, 'eleven': 30, 'twelve': 29, 'thirteen': 27, 'fourteen': 28, 'fifteen': 29, 'sixteen': 27}",-0.203079999999992
144,"{'one': 29, 'two': 27, 'three': 28, 'four': 29, 'five': 28, 'six': 30, 'seven': 26, 'eight': 28, 'nine': 26, 'ten': 28, 'eleven': 26, 'twelve': 26, 'thirteen': 27, 'fourteen': 30, 'fifteen': 27, 'sixteen': 27}",0.239431000000003
145,"{'one': 29, 'two': 28, 'three': 28, 'four': 27, 'five': 26, 'six': 27, 'seven': 26, 'eight': 26, 'nine': 28, 'ten': 28, 'eleven': 27, 'twelve': 28, 'thirteen': 28, 'fourteen': 26, 'fifteen': 30, 'sixteen': 30}",-0.176177000000002
146,"{'one': 29, 'two': 28, 'three': 28, 'four': 26, 'five': 28, 'six': 29, 'seven': 28, 'eight': 27, 'nine': 30, 'ten': 29, 'eleven': 26, 'twelve': 27, 'thirteen': 28, 'fourteen': 29, 'fifteen': 30, 'sixteen': 28}",0.315243999999999
147,"{'one': 28, 'two': 27, 'three': 27, 'four': 30, 'five': 27, 'six': 26, 'seven': 26, 'eight': 30, 'nine': 28, 'ten': 29, 'eleven': 30, 'twelve': 28, 'thirteen': 26, 'fourteen': 30, 'fifteen': 27, 'sixteen': 28}",0.360187000000003
148,"{'one': 30, 'two': 26, 'three': 29, 'four': 28, 'five': 30, 'six': 27, 'seven': 29, 'eight': 28, 'nine': 30, 'ten': 26, 'eleven': 27, 'twelve': 30, 'thirteen': 27, 'fourteen': 29, 'fifteen': 29, 'sixteen': 26}",0.0245609999999985
149,"{'one': 29, 'two': 28, 'three': 27, 'four': 30, 'five': 26, 'six': 27, 'seven': 28, 'eight': 29, 'nine': 30, 'ten': 28, 'eleven': 30, 'twelve': 27, 'thirteen': 26, 'fourteen': 26, 'fifteen': 26, 'sixteen': 26}",-0.232637000000003
150,"{'one': 28, 'two': 29, 'three': 28, 'four': 29, 'five': 30, 'six': 28, 'seven': 26, 'eight': 27, 'nine': 29, 'ten': 26, 'eleven': 30, 'twelve': 29, 'thirteen': 30, 'fourteen': 26, 'fifteen': 30, 'sixteen': 29}",-0.621553999999996
151,"{'one': 26, 'two': 29, 'three': 26, 'four': 26, 'five': 30, 'six': 28, 'seven': 28, 'eight': 26, 'nine': 26, 'ten': 29, 'eleven': 29, 'twelve': 29, 'thirteen': 27, 'fourteen': 27, 'fifteen': 29, 'sixteen': 28}",0.110071999999995
152,"{'one': 29, 'two': 30, 'three': 26, 'four': 27, 'five': 26, 'six': 30, 'seven': 30, 'eight': 27, 'nine': 29, 'ten': 27, 'eleven': 28, 'twelve': 27, 'thirteen': 26, 'fourteen': 26, 'fifteen': 26, 'sixteen': 27}",-0.348994999999995
153,"{'one': 27, 'two': 28, 'three': 27, 'four': 28, 'five': 30, 'six': 30, 'seven': 30, 'eight': 28, 'nine': 26, 'ten': 28, 'eleven': 28, 'twelve': 28, 'thirteen': 26, 'fourteen': 26, 'fifteen': 29, 'sixteen': 30}",-0.258144000000008
155,"{'one': 26, 'two': 26, 'three': 30, 'four': 30, 'five': 29, 'six': 28, 'seven': 29, 'eight': 28, 'nine': 27, 'ten': 29, 'eleven': 26, 'twelve': 26, 'thirteen': 30, 'fourteen': 28, 'fifteen': 27, 'sixteen': 28}",0.178170999999998
156,"{'one': 26, 'two': 28, 'three': 28, 'four': 26, 'five': 27, 'six': 27, 'seven': 30, 'eight': 28, 'nine': 28, 'ten': 27, 'eleven': 26, 'twelve': 29, 'thirteen': 30, 'fourteen': 28, 'fifteen': 27, 'sixteen': 27}",-0.0694930000000013
157,"{'one': 28, 'two': 26, 'three': 27, 'four': 28, 'five': 29, 'six': 30, 'seven': 27, 'eight': 27, 'nine': 29, 'ten': 27, 'eleven': 26, 'twelve': 28, 'thirteen': 26, 'fourteen': 26, 'fifteen': 26, 'sixteen': 28}",-0.215483999999996
158,"{'one': 26, 'two': 30, 'three': 26, 'four': 29, 'five': 30, 'six': 27, 'seven': 29, 'eight': 26, 'nine': 27, 'ten': 30, 'eleven': 28, 'twelve': 30, 'thirteen': 28, 'fourteen': 26, 'fifteen': 28, 'sixteen': 27}",0.133459999999992
159,"{'one': 30, 'two': 27, 'three': 30, 'four': 29, 'five': 26, 'six': 26, 'seven': 28, 'eight': 26, 'nine': 28, 'ten': 26, 'eleven': 27, 'twelve': 30, 'thirteen': 28, 'fourteen': 30, 'fifteen': 29, 'sixteen': 30}",-0.0020329999999901
161,"{'one': 30, 'two': 30, 'three': 26, 'four': 30, 'five': 27, 'six': 28, 'seven': 27, 'eight': 28, 'nine': 29, 'ten': 26, 'eleven': 30, 'twelve': 30, 'thirteen': 29, 'fourteen': 28, 'fifteen': 30, 'sixteen': 26}",-0.368884999999998
162,"{'one': 30, 'two': 26, 'three': 30, 'four': 30, 'five': 30, 'six': 28, 'seven': 28, 'eight': 26, 'nine': 26, 'ten': 29, 'eleven': 28, 'twelve': 30, 'thirteen': 28, 'fourteen': 28, 'fifteen': 26, 'sixteen': 30}",0.177782999999998
163,"{'one': 29, 'two': 30, 'three': 26, 'four': 26, 'five': 30, 'six': 26, 'seven': 29, 'eight': 27, 'nine': 27, 'ten': 27, 'eleven': 29, 'twelve': 29, 'thirteen': 26, 'fourteen': 29, 'fifteen': 28, 'sixteen': 29}",0.0784770000000136
164,"{'one': 27, 'two': 30, 'three': 30, 'four': 29, 'five': 26, 'six': 26, 'seven': 26, 'eight': 26, 'nine': 26, 'ten': 29, 'eleven': 26, 'twelve': 27, 'thirteen': 27, 'fourteen': 27, 'fifteen': 28, 'sixteen': 28}",0.324431999999994
165,"{'one': 27, 'two': 30, 'three': 30, 'four': 29, 'five': 28, 'six': 26, 'seven': 30, 'eight': 28, 'nine': 29, 'ten': 28, 'eleven': 26, 'twelve': 28, 'thirteen': 28, 'fourteen': 28, 'fifteen': 29, 'sixteen': 26}",0.240732000000001
168,"{'one': 26, 'two': 30, 'three': 26, 'four': 29, 'five': 28, 'six': 28, 'seven': 26, 'eight': 28, 'nine': 28, 'ten': 26, 'eleven': 30, 'twelve': 27, 'thirteen': 30, 'fourteen': 28, 'fifteen': 26, 'sixteen': 27}",-0.255889000000003
169,"{'one': 29, 'two': 27, 'three': 29, 'four': 30, 'five': 27, 'six': 27, 'seven': 27, 'eight': 30, 'nine': 26, 'ten': 28, 'eleven': 27, 'twelve': 27, 'thirteen': 28, 'fourteen': 30, 'fifteen': 26, 'sixteen': 27}",0.238824000000001
170,"{'one': 30, 'two': 29, 'three': 27, 'four': 30, 'five': 29, 'six': 28, 'seven': 27, 'eight': 28, 'nine': 29, 'ten': 27, 'eleven': 28, 'twelve': 27, 'thirteen': 30, 'fourteen': 27, 'fifteen': 26, 'sixteen': 26}",-0.218401000000007
172,"{'one': 30, 'two': 30, 'three': 30, 'four': 30, 'five': 29, 'six': 27, 'seven': 28, 'eight': 28, 'nine': 26, 'ten': 27, 'eleven': 30, 'twelve': 28, 'thirteen': 27, 'fourteen': 26, 'fifteen': 26, 'sixteen': 30}",-0.311191
173,"{'one': 28, 'two': 28, 'three': 30, 'four': 28, 'five': 28, 'six': 26, 'seven': 29, 'eight': 28, 'nine': 27, 'ten': 26, 'eleven': 26, 'twelve': 29, 'thirteen': 26, 'fourteen': 30, 'fifteen': 30, 'sixteen': 29}",0.0080190000000115
174,"{'one': 30, 'two': 30, 'three': 27, 'four': 30, 'five': 28, 'six': 27, 'seven': 26, 'eight': 29, 'nine': 28, 'ten': 28, 'eleven': 27, 'twelve': 26, 'thirteen': 30, 'fourteen': 26, 'fifteen': 30, 'sixteen': 27}",-0.0631619999999983
175,"{'one': 27, 'two': 30, 'three': 30, 'four': 28, 'five': 29, 'six': 30, 'seven': 30, 'eight': 30, 'nine': 26, 'ten': 28, 'eleven': 28, 'twelve': 30, 'thirteen': 26, 'fourteen': 27, 'fifteen': 29, 'sixteen': 30}",-0.0260219999999975
176,"{'one': 26, 'two': 30, 'three': 29, 'four': 29, 'five': 30, 'six': 26, 'seven': 30, 'eight': 30, 'nine': 27, 'ten': 26, 'eleven': 28, 'twelve': 30, 'thirteen': 30, 'fourteen': 30, 'fifteen': 28, 'sixteen': 27}",-0.052857000000003
177,"{'one': 30, 'two': 30, 'three': 28, 'four': 29, 'five': 27, 'six': 27, 'seven': 26, 'eight': 30, 'nine': 28, 'ten': 27, 'eleven': 26, 'twelve': 27, 'thirteen': 27, 'fourteen': 27, 'fifteen': 27, 'sixteen': 30}",-0.130914000000011
178,"{'one': 26, 'two': 26, 'three': 26, 'four': 26, 'five': 26, 'six': 26, 'seven': 28, 'eight': 29, 'nine': 27, 'ten': 28, 'eleven': 29, 'twelve': 26, 'thirteen': 26, 'fourteen': 27, 'fifteen': 28, 'sixteen': 28}",0.271993999999999
179,"{'one': 29, 'two': 28, 'three': 28, 'four': 26, 'five': 28, 'six': 27, 'seven': 26, 'eight': 26, 'nine': 29, 'ten': 30, 'eleven': 29, 'twelve': 26, 'thirteen': 30, 'fourteen': 28, 'fifteen': 27, 'sixteen': 27}",0.132962999999996
180,"{'one': 29, 'two': 27, 'three': 27, 'four': 30, 'five': 27, 'six': 30, 'seven': 28, 'eight': 29, 'nine': 27, 'ten': 29, 'eleven': 29, 'twelve': 26, 'thirteen': 28, 'fourteen': 28, 'fifteen': 29, 'sixteen': 29}",0.355718000000003
183,"{'one': 27, 'two': 30, 'three': 29, 'four': 27, 'five': 29, 'six': 29, 'seven': 30, 'eight': 27, 'nine': 29, 'ten': 28, 'eleven': 29, 'twelve': 28, 'thirteen': 26, 'fourteen': 27, 'fifteen': 28, 'sixteen': 26}",-0.014130999999999
184,"{'one': 30, 'two': 26, 'three': 29, 'four': 29, 'five': 28, 'six': 26, 'seven': 29, 'eight': 29, 'nine': 28, 'ten': 28, 'eleven': 28, 'twelve': 30, 'thirteen': 27, 'fourteen': 26, 'fifteen': 27, 'sixteen': 28}",0.0260010000000008
185,"{'one': 30, 'two': 26, 'three': 28, 'four': 26, 'five': 26, 'six': 29, 'seven': 28, 'eight': 28, 'nine': 29, 'ten': 26, 'eleven': 29, 'twelve': 29, 'thirteen': 28, 'fourteen': 26, 'fifteen': 28, 'sixteen': 29}",-0.429275999999994
186,"{'one': 27, 'two': 29, 'three': 27, 'four': 28, 'five': 28, 'six': 28, 'seven': 29, 'eight': 29, 'nine': 29, 'ten': 27, 'eleven': 27, 'twelve': 26, 'thirteen': 30, 'fourteen': 26, 'fifteen': 27, 'sixteen': 30}",-0.365049000000006
187,"{'one': 29, 'two': 29, 'three': 29, 'four': 28, 'five': 26, 'six': 26, 'seven': 28, 'eight': 28, 'nine': 29, 'ten': 27, 'eleven': 29, 'twelve': 29, 'thirteen': 30, 'fourteen': 26, 'fifteen': 30, 'sixteen': 28}",-0.437624000000006
188,"{'one': 26, 'two': 30, 'three': 27, 'four': 26, 'five': 30, 'six': 28, 'seven': 30, 'eight': 26, 'nine': 27, 'ten': 26, 'eleven': 26, 'twelve': 30, 'thirteen': 28, 'fourteen': 30, 'fifteen': 26, 'sixteen': 30}",0.0601119999999966
189,"{'one': 27, 'two': 30, 'three': 29, 'four': 27, 'five': 26, 'six': 29, 'seven': 26, 'eight': 29, 'nine': 27, 'ten': 26, 'eleven': 27, 'twelve': 30, 'thirteen': 28, 'fourteen': 27, 'fifteen': 29, 'sixteen': 28}",-0.315502999999999
190,"{'one': 28, 'two': 26, 'three': 30, 'four': 30, 'five': 29, 'six': 27, 'seven': 26, 'eight': 29, 'nine': 27, 'ten': 26, 'eleven': 28, 'twelve': 28, 'thirteen': 29, 'fourteen': 26, 'fifteen': 27, 'sixteen': 30}",-0.316205000000003
191,"{'one': 30, 'two': 29, 'three': 26, 'four': 28, 'five': 29, 'six': 29, 'seven': 30, 'eight': 26, 'nine': 29, 'ten': 29, 'eleven': 28, 'twelve': 26, 'thirteen': 30, 'fourteen': 29, 'fifteen': 27, 'sixteen': 29}",0.555382999999999
193,"{'one': 26, 'two': 27, 'three': 30, 'four': 28, 'five': 29, 'six': 29, 'seven': 26, 'eight': 29, 'nine': 28, 'ten': 30, 'eleven': 30, 'twelve': 27, 'thirteen': 28, 'fourteen': 26, 'fifteen': 30, 'sixteen': 30}",-0.0501500000000092
194,"{'one': 29, 'two': 30, 'three': 28, 'four': 26, 'five': 26, 'six': 27, 'seven': 27, 'eight': 26, 'nine': 29, 'ten': 27, 'eleven': 26, 'twelve': 27, 'thirteen': 29, 'fourteen': 29, 'fifteen': 30, 'sixteen': 26}",0.0069400000000072
195,"{'one': 27, 'two': 29, 'three': 29, 'four': 29, 'five': 28, 'six': 28, 'seven': 28, 'eight': 27, 'nine': 26, 'ten': 26, 'eleven': 29, 'twelve': 29, 'thirteen': 26, 'fourteen': 30, 'fifteen': 26, 'sixteen': 26}",0.0639429999999876
197,"{'one': 28, 'two': 28, 'three': 26, 'four': 30, 'five': 27, 'six': 26, 'seven': 30, 'eight': 27, 'nine': 26, 'ten': 28, 'eleven': 26, 'twelve': 26, 'thirteen': 30, 'fourteen': 27, 'fifteen': 26, 'sixteen': 26}",-0.0565539999999984
198,"{'one': 30, 'two': 27, 'three': 29, 'four': 26, 'five': 28, 'six': 30, 'seven': 28, 'eight': 26, 'nine': 27, 'ten': 28, 'eleven': 26, 'twelve': 28, 'thirteen': 29, 'fourteen': 27, 'fifteen': 30, 'sixteen': 27}",-0.0809539999999984
199,"{'one': 27, 'two': 28, 'three': 26, 'four': 27, 'five': 29, 'six': 27, 'seven': 28, 'eight': 26, 'nine': 30, 'ten': 29, 'eleven': 27, 'twelve': 29, 'thirteen': 27, 'fourteen': 27, 'fifteen': 29, 'sixteen': 28}",0.132052999999991
200,"{'one': 26, 'two': 29, 'three': 28, 'four': 26, 'five': 30, 'six': 27, 'seven': 27, 'eight': 30, 'nine': 27, 'ten': 26, 'eleven': 26, 'twelve': 30, 'thirteen': 28, 'fourteen': 26, 'fifteen': 28, 'sixteen': 29}",-0.368118000000002
201,"{'one': 27, 'two': 30, 'three': 26, 'four': 26, 'five': 28, 'six': 27, 'seven': 29, 'eight': 29, 'nine': 26, 'ten': 26, 'eleven': 28, 'twelve': 26, 'thirteen': 28, 'fourteen': 28, 'fifteen': 29, 'sixteen': 30}",-0.193744000000002
202,"{'one': 26, 'two': 28, 'three': 30, 'four': 30, 'five': 28, 'six': 27, 'seven': 30, 'eight': 30, 'nine': 30, 'ten': 27, 'eleven': 30, 'twelve': 30, 'thirteen': 28, 'fourteen': 26, 'fifteen': 30, 'sixteen': 26}",-0.41465999999999
205,"{'one': 29, 'two': 29, 'three': 30, 'four': 27, 'five': 26, 'six': 29, 'seven': 28, 'eight': 29, 'nine': 29, 'ten': 27, 'eleven': 28, 'twelve': 27, 'thirteen': 29, 'fourteen': 27, 'fifteen': 30, 'sixteen': 30}",-0.347493
206,"{'one': 27, 'two': 26, 'three': 30, 'four': 26, 'five': 26, 'six': 30, 'seven': 27, 'eight': 26, 'nine': 30, 'ten': 29, 'eleven': 26, 'twelve': 26, 'thirteen': 29, 'fourteen': 26, 'fifteen': 27, 'sixteen': 28}",-0.0170150000000077
207,"{'one': 27, 'two': 30, 'three': 29, 'four': 29, 'five': 26, 'six': 30, 'seven': 27, 'eight': 30, 'nine': 27, 'ten': 30, 'eleven': 30, 'twelve': 30, 'thirteen': 27, 'fourteen': 29, 'fifteen': 29, 'sixteen': 30}",0.381484999999997
209,"{'one': 29, 'two': 30, 'three': 28, 'four': 30, 'five': 26, 'six': 27, 'seven': 26, 'eight': 29, 'nine': 30, 'ten': 28, 'eleven': 27, 'twelve': 30, 'thirteen': 26, 'fourteen': 28, 'fifteen': 29, 'sixteen': 29}",0.0917799999999928
210,"{'one': 27, 'two': 26, 'three': 27, 'four': 30, 'five': 27, 'six': 27, 'seven': 27, 'eight': 28, 'nine': 27, 'ten': 30, 'eleven': 26, 'twelve': 30, 'thirteen': 30, 'fourteen': 27, 'fifteen': 27, 'sixteen': 30}",0.0403030000000015
211,"{'one': 27, 'two': 28, 'three': 29, 'four': 27, 'five': 30, 'six': 28, 'seven': 27, 'eight': 26, 'nine': 28, 'ten': 28, 'eleven': 29, 'twelve': 28, 'thirteen': 28, 'fourteen': 30, 'fifteen': 29, 'sixteen': 28}",0.0681590000000014
212,"{'one': 27, 'two': 27, 'three': 30, 'four': 26, 'five': 28, 'six': 29, 'seven': 30, 'eight': 28, 'nine': 28, 'ten': 30, 'eleven': 28, 'twelve': 30, 'thirteen': 29, 'fourteen': 30, 'fifteen': 27, 'sixteen': 30}",0.318470000000004
213,"{'one': 30, 'two': 30, 'three': 27, 'four': 26, 'five': 27, 'six': 28, 'seven': 29, 'eight': 26, 'nine': 28, 'ten': 27, 'eleven': 29, 'twelve': 30, 'thirteen': 26, 'fourteen': 27, 'fifteen': 26, 'sixteen': 28}",-0.250531999999999
214,"{'one': 30, 'two': 29, 'three': 30, 'four': 27, 'five': 27, 'six': 27, 'seven': 27, 'eight': 27, 'nine': 26, 'ten': 26, 'eleven': 26, 'twelve': 29, 'thirteen': 27, 'fourteen': 30, 'fifteen': 26, 'sixteen': 26}",0.0452810000000099
215,"{'one': 27, 'two': 29, 'three': 28, 'four': 29, 'five': 29, 'six': 27, 'seven': 28, 'eight': 26, 'nine': 28, 'ten': 27, 'eleven': 30, 'twelve': 29, 'thirteen': 28, 'fourteen': 27, 'fifteen': 28, 'sixteen': 28}",-0.201591999999998
216,"{'one': 27, 'two': 26, 'three': 29, 'four': 30, 'five': 29, 'six': 28, 'seven': 30, 'eight': 28, 'nine': 30, 'ten': 28, 'eleven': 26, 'twelve': 28, 'thirteen': 29, 'fourteen': 26, 'fifteen': 30, 'sixteen': 26}",-0.203415999999997
217,"{'one': 29, 'two': 28, 'three': 27, 'four': 26, 'five': 29, 'six': 29, 'seven': 28, 'eight': 26, 'nine': 26, 'ten': 30, 'eleven': 27, 'twelve': 26, 'thirteen': 29, 'fourteen': 27, 'fifteen': 27, 'sixteen': 28}",0.124967000000005
218,"{'one': 30, 'two': 26, 'three': 28, 'four': 26, 'five': 30, 'six': 29, 'seven': 30, 'eight': 29, 'nine': 30, 'ten': 28, 'eleven': 26, 'twelve': 26, 'thirteen': 29, 'fourteen': 27, 'fifteen': 26, 'sixteen': 28}",-0.0299690000000012
219,"{'one': 26, 'two': 26, 'three': 26, 'four': 28, 'five': 29, 'six': 30, 'seven': 30, 'eight': 26, 'nine': 27, 'ten': 29, 'eleven': 30, 'twelve': 27, 'thirteen': 26, 'fourteen': 30, 'fifteen': 26, 'sixteen': 27}",0.374527000000007
220,"{'one': 26, 'two': 29, 'three': 26, 'four': 26, 'five': 30, 'six': 29, 'seven': 26, 'eight': 27, 'nine': 28, 'ten': 29, 'eleven': 29, 'twelve': 30, 'thirteen': 30, 'fourteen': 27, 'fifteen': 26, 'sixteen': 29}",0.117122000000001
223,"{'one': 27, 'two': 27, 'three': 26, 'four': 27, 'five': 27, 'six': 28, 'seven': 29, 'eight': 26, 'nine': 29, 'ten': 28, 'eleven': 26, 'twelve': 28, 'thirteen': 27, 'fourteen': 29, 'fifteen': 30, 'sixteen': 26}",0.270268000000008
224,"{'one': 29, 'two': 30, 'three': 26, 'four': 30, 'five': 30, 'six': 30, 'seven': 27, 'eight': 27, 'nine': 26, 'ten': 28, 'eleven': 29, 'twelve': 30, 'thirteen': 28, 'fourteen': 26, 'fifteen': 30, 'sixteen': 29}",-0.0450559999999953
225,"{'one': 26, 'two': 26, 'three': 26, 'four': 28, 'five': 27, 'six': 29, 'seven': 29, 'eight': 30, 'nine': 30, 'ten': 28, 'eleven': 27, 'twelve': 26, 'thirteen': 28, 'fourteen': 26, 'fifteen': 29, 'sixteen': 29}",-0.213776000000002
226,"{'one': 30, 'two': 26, 'three': 27, 'four': 27, 'five': 26, 'six': 29, 'seven': 29, 'eight': 26, 'nine': 26, 'ten': 28, 'eleven': 28, 'twelve': 27, 'thirteen': 30, 'fourteen': 28, 'fifteen': 30, 'sixteen': 28}",0.0516640000000094
228,"{'one': 27, 'two': 27, 'three': 26, 'four': 30, 'five': 29, 'six': 30, 'seven': 26, 'eight': 28, 'nine': 28, 'ten': 27, 'eleven': 30, 'twelve': 27, 'thirteen': 29, 'fourteen': 27, 'fifteen': 29, 'sixteen': 28}",-0.123870000000003
229,"{'one': 28, 'two': 30, 'three': 26, 'four': 30, 'five': 27, 'six': 28, 'seven': 28, 'eight': 29, 'nine': 27, 'ten': 28, 'eleven': 26, 'twelve': 28, 'thirteen': 30, 'fourteen': 29, 'fifteen': 28, 'sixteen': 26}",0.40197100000001
230,"{'one': 30, 'two': 26, 'three': 29, 'four': 30, 'five': 29, 'six': 30, 'seven': 30, 'eight': 30, 'nine': 27, 'ten': 30, 'eleven': 29, 'twelve': 26, 'thirteen': 29, 'fourteen': 27, 'fifteen': 26, 'sixteen': 27}",0.0442440000000061
231,"{'one': 27, 'two': 29, 'three': 30, 'four': 29, 'five': 29, 'six': 30, 'seven': 26, 'eight': 26, 'nine': 29, 'ten': 28, 'eleven': 28, 'twelve': 26, 'thirteen': 27, 'fourteen': 26, 'fifteen': 28, 'sixteen': 26}",-0.134920999999998
233,"{'one': 30, 'two': 28, 'three': 29, 'four': 27, 'five': 26, 'six': 28, 'seven': 30, 'eight': 30, 'nine': 30, 'ten': 28, 'eleven': 29, 'twelve': 27, 'thirteen': 26, 'fourteen': 29, 'fifteen': 26, 'sixteen': 30}",0.106101999999999
234,"{'one': 30, 'two': 30, 'three': 28, 'four': 29, 'five': 28, 'six': 27, 'seven': 30, 'eight': 28, 'nine': 28, 'ten': 26, 'eleven': 29, 'twelve': 27, 'thirteen': 26, 'fourteen': 30, 'fifteen': 30, 'sixteen': 29}",-0.0182020000000093
236,"{'one': 28, 'two': 30, 'three': 30, 'four': 26, 'five': 26, 'six': 26, 'seven': 27, 'eight': 27, 'nine': 29, 'ten': 30, 'eleven': 27, 'twelve': 26, 'thirteen': 28, 'fourteen': 29, 'fifteen': 26, 'sixteen': 29}",0.455702999999992
237,"{'one': 26, 'two': 30, 'three': 26, 'four': 27, 'five': 27, 'six': 29, 'seven': 28, 'eight': 29, 'nine': 26, 'ten': 29, 'eleven': 26, 'twelve': 27, 'thirteen': 26, 'fourteen': 29, 'fifteen': 29, 'sixteen': 30}",0.495106999999997
238,"{'one': 26, 'two': 29, 'three': 27, 'four': 26, 'five': 28, 'six': 29, 'seven': 27, 'eight': 30, 'nine': 30, 'ten': 27, 'eleven': 28, 'twelve': 26, 'thirteen': 27, 'fourteen': 30, 'fifteen': 28, 'sixteen': 29}",0.0679799999999986
239,"{'one': 28, 'two': 28, 'three': 28, 'four': 29, 'five': 26, 'six': 29, 'seven': 27, 'eight': 29, 'nine': 26, 'ten': 30, 'eleven': 29, 'twelve': 30, 'thirteen': 28, 'fourteen': 27, 'fifteen': 26, 'sixteen': 30}",0.0690860000000057
240,"{'one': 28, 'two': 27, 'three': 29, 'four': 28, 'five': 30, 'six': 28, 'seven': 26, 'eight': 26, 'nine': 28, 'ten': 28, 'eleven': 27, 'twelve': 30, 'thirteen': 27, 'fourteen': 27, 'fifteen': 28, 'sixteen': 26}",-0.0368629999999896
241,"{'one': 27, 'two': 27, 'three': 30, 'four': 30, 'five': 28, 'six': 27, 'seven': 27, 'eight': 27, 'nine': 27, 'ten': 26, 'eleven': 27, 'twelve': 30, 'thirteen': 26, 'fourteen': 29, 'fifteen': 30, 'sixteen': 30}",0.0223080000000024
242,"{'one': 29, 'two': 29, 'three': 26, 'four': 29, 'five': 30, 'six': 26, 'seven': 28, 'eight': 26, 'nine': 27, 'ten': 29, 'eleven': 29, 'twelve': 28, 'thirteen': 26, 'fourteen': 30, 'fifteen': 28, 'sixteen': 29}",0.446241000000007
243,"{'one': 30, 'two': 28, 'three': 27, 'four': 28, 'five': 27, 'six': 26, 'seven': 27, 'eight': 26, 'nine': 27, 'ten': 28, 'eleven': 29, 'twelve': 26, 'thirteen': 26, 'fourteen': 30, 'fifteen': 27, 'sixteen': 26}",0.127521000000008
244,"{'one': 30, 'two': 26, 'three': 27, 'four': 30, 'five': 29, 'six': 26, 'seven': 27, 'eight': 29, 'nine': 28, 'ten': 29, 'eleven': 30, 'twelve': 28, 'thirteen': 27, 'fourteen': 30, 'fifteen': 26, 'sixteen': 28}",0.381925000000002
245,"{'one': 27, 'two': 30, 'three': 26, 'four': 29, 'five': 26, 'six': 29, 'seven': 30, 'eight': 27, 'nine': 27, 'ten': 27, 'eleven': 27, 'twelve': 28, 'thirteen': 30, 'fourteen': 27, 'fifteen': 29, 'sixteen': 26}",-0.187683999999997
247,"{'one': 28, 'two': 26, 'three': 29, 'four': 30, 'five': 26, 'six': 28, 'seven': 29, 'eight': 27, 'nine': 30, 'ten': 27, 'eleven': 26, 'twelve': 28, 'thirteen': 30, 'fourteen': 28, 'fifteen': 29, 'sixteen': 28}",-0.100107999999998
248,"{'one': 28, 'two': 30, 'three': 28, 'four': 28, 'five': 29, 'six': 29, 'seven': 30, 'eight': 29, 'nine': 28, 'ten': 30, 'eleven': 28, 'twelve': 27, 'thirteen': 26, 'fourteen': 30, 'fifteen': 29, 'sixteen': 29}",0.424616999999997
249,"{'one': 29, 'two': 29, 'three': 28, 'four': 28, 'five': 30, 'six': 29, 'seven': 28, 'eight': 27, 'nine': 30, 'ten': 28, 'eleven': 27, 'twelve': 30, 'thirteen': 29, 'fourteen': 30, 'fifteen': 28, 'sixteen': 29}",0.214503
250,"{'one': 29, 'two': 30, 'three': 27, 'four': 26, 'five': 27, 'six': 29, 'seven': 27, 'eight': 27, 'nine': 28, 'ten': 29, 'eleven': 29, 'twelve': 30, 'thirteen': 28, 'fourteen': 30, 'fifteen': 26, 'sixteen': 27}",0.437520999999996
251,"{'one': 29, 'two': 28, 'three': 29, 'four': 29, 'five': 28, 'six': 26, 'seven': 28, 'eight': 27, 'nine': 30, 'ten': 27, 'eleven': 29, 'twelve': 29, 'thirteen': 29, 'fourteen': 27, 'fifteen': 30, 'sixteen': 26}",-0.266510999999987
252,"{'one': 27, 'two': 29, 'three': 27, 'four': 27, 'five': 26, 'six': 28, 'seven': 26, 'eight': 26, 'nine': 26, 'ten': 29, 'eleven': 27, 'twelve': 30, 'thirteen': 27, 'fourteen': 26, 'fifteen': 28, 'sixteen': 29}",0.186772999999995
254,"{'one': 27, 'two': 29, 'three': 29, 'four': 28, 'five': 29, 'six': 28, 'seven': 27, 'eight': 26, 'nine': 27, 'ten': 30, 'eleven': 30, 'twelve': 29, 'thirteen': 29, 'fourteen': 28, 'fifteen': 26, 'sixteen': 29}",0.154945000000005
256,"{'one': 30, 'two': 29, 'three': 29, 'four': 26, 'five': 27, 'six': 28, 'seven': 30, 'eight': 26, 'nine': 28, 'ten': 28, 'eleven': 27, 'twelve': 26, 'thirteen': 28, 'fourteen': 30, 'fifteen': 30, 'sixteen': 29}",0.181235000000008
257,"{'one': 28, 'two': 27, 'three': 29, 'four': 26, 'five': 30, 'six': 27, 'seven': 27, 'eight': 26, 'nine': 28, 'ten': 28, 'eleven': 29, 'twelve': 28, 'thirteen': 27, 'fourteen': 26, 'fifteen': 28, 'sixteen': 28}",-0.121070999999993
258,"{'one': 30, 'two': 29, 'three': 27, 'four': 26, 'five': 28, 'six': 29, 'seven': 27, 'eight': 26, 'nine': 26, 'ten': 27, 'eleven': 26, 'twelve': 26, 'thirteen': 27, 'fourteen': 29, 'fifteen': 28, 'sixteen': 29}",0.24125
259,"{'one': 29, 'two': 29, 'three': 27, 'four': 29, 'five': 30, 'six': 28, 'seven': 28, 'eight': 29, 'nine': 28, 'ten': 30, 'eleven': 27, 'twelve': 29, 'thirteen': 26, 'fourteen': 27, 'fifteen': 30, 'sixteen': 30}",0.0933749999999946
260,"{'one': 29, 'two': 28, 'three': 26, 'four': 26, 'five': 28, 'six': 26, 'seven': 30, 'eight': 28, 'nine': 29, 'ten': 30, 'eleven': 29, 'twelve': 30, 'thirteen': 27, 'fourteen': 30, 'fifteen': 27, 'sixteen': 29}",0.364162
262,"{'one': 30, 'two': 27, 'three': 28, 'four': 27, 'five': 28, 'six': 30, 'seven': 27, 'eight': 28, 'nine': 29, 'ten': 30, 'eleven': 29, 'twelve': 26, 'thirteen': 29, 'fourteen': 29, 'fifteen': 30, 'sixteen': 27}",0.214245999999995
263,"{'one': 26, 'two': 30, 'three': 29, 'four': 27, 'five': 28, 'six': 28, 'seven': 28, 'eight': 26, 'nine': 28, 'ten': 27, 'eleven': 29, 'twelve': 27, 'thirteen': 28, 'fourteen': 30, 'fifteen': 30, 'sixteen': 27}",0.0716000000000107
265,"{'one': 29, 'two': 27, 'three': 29, 'four': 27, 'five': 30, 'six': 28, 'seven': 28, 'eight': 28, 'nine': 29, 'ten': 28, 'eleven': 29, 'twelve': 28, 'thirteen': 28, 'fourteen': 28, 'fifteen': 26, 'sixteen': 27}",-0.0375009999999988
266,"{'one': 30, 'two': 27, 'three': 29, 'four': 27, 'five': 27, 'six': 28, 'seven': 29, 'eight': 29, 'nine': 29, 'ten': 29, 'eleven': 28, 'twelve': 26, 'thirteen': 30, 'fourteen': 26, 'fifteen': 30, 'sixteen': 28}",-0.165055999999999
267,"{'one': 29, 'two': 29, 'three': 29, 'four': 30, 'five': 26, 'six': 28, 'seven': 30, 'eight': 27, 'nine': 29, 'ten': 30, 'eleven': 26, 'twelve': 29, 'thirteen': 26, 'fourteen': 26, 'fifteen': 30, 'sixteen': 29}",0.0511630000000025
268,"{'one': 26, 'two': 30, 'three': 30, 'four': 29, 'five': 27, 'six': 28, 'seven': 26, 'eight': 27, 'nine': 28, 'ten': 28, 'eleven': 29, 'twelve': 27, 'thirteen': 27, 'fourteen': 28, 'fifteen': 27, 'sixteen': 30}",0.0984890000000078
269,"{'one': 28, 'two': 30, 'three': 29, 'four': 28, 'five': 27, 'six': 28, 'seven': 30, 'eight': 28, 'nine': 27, 'ten': 28, 'eleven': 29, 'twelve': 29, 'thirteen': 26, 'fourteen': 30, 'fifteen': 27, 'sixteen': 30}",0.255059999999993
270,"{'one': 28, 'two': 26, 'three': 29, 'four': 30, 'five': 26, 'six': 26, 'seven': 29, 'eight': 26, 'nine': 28, 'ten': 26, 'eleven': 30, 'twelve': 27, 'thirteen': 26, 'fourteen': 29, 'fifteen': 29, 'sixteen': 30}",0.078483999999996
271,"{'one': 27, 'two': 30, 'three': 28, 'four': 26, 'five': 28, 'six': 28, 'seven': 26, 'eight': 30, 'nine': 28, 'ten': 28, 'eleven': 28, 'twelve': 26, 'thirteen': 29, 'fourteen': 26, 'fifteen': 30, 'sixteen': 27}",-0.114150000000002
272,"{'one': 27, 'two': 28, 'three': 26, 'four': 26, 'five': 29, 'six': 28, 'seven': 30, 'eight': 30, 'nine': 29, 'ten': 28, 'eleven': 28, 'twelve': 27, 'thirteen': 28, 'fourteen': 27, 'fifteen': 26, 'sixteen': 30}",-0.140602000000008
274,"{'one': 28, 'two': 28, 'three': 30, 'four': 29, 'five': 29, 'six': 27, 'seven': 28, 'eight': 29, 'nine': 29, 'ten': 26, 'eleven': 27, 'twelve': 28, 'thirteen': 27, 'fourteen': 30, 'fifteen': 29, 'sixteen': 27}",0.0093260000000086
275,"{'one': 27, 'two': 26, 'three': 28, 'four': 28, 'five': 29, 'six': 29, 'seven': 26, 'eight': 29, 'nine': 28, 'ten': 28, 'eleven': 30, 'twelve': 30, 'thirteen': 27, 'fourteen': 28, 'fifteen': 28, 'sixteen': 28}",0.137174999999992
276,"{'one': 28, 'two': 28, 'three': 26, 'four': 30, 'five': 29, 'six': 29, 'seven': 28, 'eight': 27, 'nine': 26, 'ten': 26, 'eleven': 26, 'twelve': 29, 'thirteen': 27, 'fourteen': 28, 'fifteen': 27, 'sixteen': 29}",-0.0675780000000045
277,"{'one': 28, 'two': 29, 'three': 28, 'four': 27, 'five': 27, 'six': 30, 'seven': 29, 'eight': 28, 'nine': 28, 'ten': 30, 'eleven': 26, 'twelve': 29, 'thirteen': 26, 'fourteen': 26, 'fifteen': 27, 'sixteen': 29}",0.0397089999999948
278,"{'one': 28, 'two': 27, 'three': 30, 'four': 28, 'five': 27, 'six': 26, 'seven': 27, 'eight': 27, 'nine': 28, 'ten': 28, 'eleven': 30, 'twelve': 29, 'thirteen': 29, 'fourteen': 26, 'fifteen': 29, 'sixteen': 27}",-0.186426000000004
279,"{'one': 26, 'two': 28, 'three': 29, 'four': 30, 'five': 28, 'six': 27, 'seven': 29, 'eight': 29, 'nine': 29, 'ten': 27, 'eleven': 28, 'twelve': 28, 'thirteen': 29, 'fourteen': 30, 'fifteen': 29, 'sixteen': 28}",0.0198699999999902
281,"{'one': 27, 'two': 29, 'three': 29, 'four': 27, 'five': 30, 'six': 27, 'seven': 28, 'eight': 28, 'nine': 29, 'ten': 29, 'eleven': 27, 'twelve': 30, 'thirteen': 30, 'fourteen': 27, 'fifteen': 27, 'sixteen': 26}",0.177313000000005
282,"{'one': 29, 'two': 26, 'three': 26, 'four': 26, 'five': 29, 'six': 28, 'seven': 30, 'eight': 26, 'nine': 30, 'ten': 27, 'eleven': 30, 'twelve': 30, 'thirteen': 26, 'fourteen': 28, 'fifteen': 30, 'sixteen': 28}",-0.121910000000006
283,"{'one': 28, 'two': 28, 'three': 29, 'four': 27, 'five': 26, 'six': 26, 'seven': 26, 'eight': 30, 'nine': 29, 'ten': 29, 'eleven': 28, 'twelve': 26, 'thirteen': 28, 'fourteen': 26, 'fifteen': 29, 'sixteen': 28}",0.0284380000000012
284,"{'one': 27, 'two': 30, 'three': 27, 'four': 27, 'five': 29, 'six': 29, 'seven': 29, 'eight': 29, 'nine': 30, 'ten': 26, 'eleven': 26, 'twelve': 26, 'thirteen': 30, 'fourteen': 26, 'fifteen': 29, 'sixteen': 29}",-0.43368800000001
285,"{'one': 27, 'two': 28, 'three': 29, 'four': 27, 'five': 30, 'six': 28, 'seven': 28, 'eight': 27, 'nine': 28, 'ten': 29, 'eleven': 28, 'twelve': 27, 'thirteen': 30, 'fourteen': 27, 'fifteen': 28, 'sixteen': 26}",0.0249919999999903
288,"{'one': 27, 'two': 29, 'three': 26, 'four': 30, 'five': 28, 'six': 29, 'seven': 28, 'eight': 27, 'nine': 28, 'ten': 26, 'eleven': 30, 'twelve': 29, 'thirteen': 29, 'fourteen': 30, 'fifteen': 27, 'sixteen': 27}",0.0161530000000098
289,"{'one': 29, 'two': 27, 'three': 29, 'four': 30, 'five': 27, 'six': 28, 'seven': 26, 'eight': 29, 'nine': 26, 'ten': 29, 'eleven': 27, 'twelve': 28, 'thirteen': 30, 'fourteen': 26, 'fifteen': 30, 'sixteen': 26}",-0.0587280000000092
291,"{'one': 30, 'two': 27, 'three': 27, 'four': 26, 'five': 26, 'six': 29, 'seven': 28, 'eight': 30, 'nine': 30, 'ten': 27, 'eleven': 28, 'twelve': 26, 'thirteen': 30, 'fourteen': 29, 'fifteen': 30, 'sixteen': 28}",0.070204000000011
292,"{'one': 27, 'two': 27, 'three': 27, 'four': 27, 'five': 26, 'six': 26, 'seven': 30, 'eight': 29, 'nine': 28, 'ten': 29, 'eleven': 28, 'twelve': 27, 'thirteen': 28, 'fourteen': 28, 'fifteen': 30, 'sixteen': 27}",0.29945
293,"{'one': 30, 'two': 27, 'three': 26, 'four': 28, 'five': 28, 'six': 26, 'seven': 29, 'eight': 28, 'nine': 28, 'ten': 29, 'eleven': 27, 'twelve': 27, 'thirteen': 30, 'fourteen': 29, 'fifteen': 29, 'sixteen': 28}",0.260218999999999
294,"{'one': 27, 'two': 30, 'three': 27, 'four': 30, 'five': 26, 'six': 27, 'seven': 26, 'eight': 29, 'nine': 29, 'ten': 26, 'eleven': 26, 'twelve': 27, 'thirteen': 30, 'fourteen': 29, 'fifteen': 26, 'sixteen': 26}",0.067777999999997
295,"{'one': 30, 'two': 30, 'three': 26, 'four': 30, 'five': 30, 'six': 29, 'seven': 29, 'eight': 30, 'nine': 27, 'ten': 29, 'eleven': 29, 'twelve': 28, 'thirteen': 30, 'fourteen': 29, 'fifteen': 26, 'sixteen': 29}",0.672762000000005
296,"{'one': 28, 'two': 28, 'three': 27, 'four': 28, 'five': 29, 'six': 30, 'seven': 26, 'eight': 28, 'nine': 28, 'ten': 29, 'eleven': 26, 'twelve': 28, 'thirteen': 29, 'fourteen': 27, 'fifteen': 26, 'sixteen': 26}",0.166282000000002
297,"{'one': 30, 'two': 28, 'three': 26, 'four': 26, 'five': 30, 'six': 27, 'seven': 28, 'eight': 27, 'nine': 28, 'ten': 26, 'eleven': 27, 'twelve': 29, 'thirteen': 26, 'fourteen': 26, 'fifteen': 26, 'sixteen': 27}",-0.420943999999998
298,"{'one': 27, 'two': 27, 'three': 27, 'four': 26, 'five': 28, 'six': 29, 'seven': 28, 'eight': 28, 'nine': 26, 'ten': 28, 'eleven': 28, 'twelve': 26, 'thirteen': 27, 'fourteen': 26, 'fifteen': 28, 'sixteen': 26}",-0.0653599999999912
299,"{'one': 26, 'two': 28, 'three': 26, 'four': 28, 'five': 27, 'six': 28, 'seven': 29, 'eight': 27, 'nine': 30, 'ten': 30, 'eleven': 29, 'twelve': 28, 'thirteen': 29, 'fourteen': 27, 'fifteen': 30, 'sixteen': 27}",0.0162480000000115
300,"{'one': 28, 'two': 28, 'three': 26, 'four': 26, 'five': 28, 'six': 30, 'seven': 30, 'eight': 29, 'nine': 27, 'ten': 30, 'eleven': 28, 'twelve': 29, 'thirteen': 27, 'fourteen': 29, 'fifteen': 29, 'sixteen': 27}",0.469296000000007
301,"{'one': 27, 'two': 26, 'three': 27, 'four': 26, 'five': 28, 'six': 28, 'seven': 26, 'eight': 26, 'nine': 29, 'ten': 26, 'eleven': 30, 'twelve': 30, 'thirteen': 29, 'fourteen': 27, 'fifteen': 26, 'sixteen': 26}",-0.367820999999999
302,"{'one': 26, 'two': 28, 'three': 26, 'four': 27, 'five': 30, 'six': 29, 'seven': 28, 'eight': 26, 'nine': 30, 'ten': 26, 'eleven': 27, 'twelve': 30, 'thirteen': 29, 'fourteen': 29, 'fifteen': 28, 'sixteen': 28}",0.0553969999999921
303,"{'one': 28, 'two': 27, 'three': 29, 'four': 26, 'five': 27, 'six': 26, 'seven': 27, 'eight': 30, 'nine': 30, 'ten': 26, 'eleven': 27, 'twelve': 27, 'thirteen': 27, 'fourteen': 28, 'fifteen': 28, 'sixteen': 29}",-0.106296000000007
305,"{'one': 27, 'two': 26, 'three': 27, 'four': 30, 'five': 26, 'six': 28, 'seven': 30, 'eight': 28, 'nine': 30, 'ten': 26, 'eleven': 27, 'twelve': 29, 'thirteen': 28, 'fourteen': 28, 'fifteen': 26, 'sixteen': 28}",-0.180171000000008
306,"{'one': 29, 'two': 30, 'three': 29, 'four': 26, 'five': 27, 'six': 29, 'seven': 30, 'eight': 28, 'nine': 26, 'ten': 29, 'eleven': 27, 'twelve': 30, 'thirteen': 29, 'fourteen': 28, 'fifteen': 26, 'sixteen': 27}",0.322621000000005
307,"{'one': 29, 'two': 28, 'three': 30, 'four': 29, 'five': 26, 'six': 26, 'seven': 29, 'eight': 28, 'nine': 30, 'ten': 28, 'eleven': 26, 'twelve': 28, 'thirteen': 26, 'fourteen': 26, 'fifteen': 30, 'sixteen': 26}",-0.238596999999991
308,"{'one': 27, 'two': 30, 'three': 30, 'four': 29, 'five': 29, 'six': 28, 'seven': 29, 'eight': 30, 'nine': 27, 'ten': 29, 'eleven': 26, 'twelve': 30, 'thirteen': 29, 'fourteen': 29, 'fifteen': 28, 'sixteen': 28}",0.526844999999994
309,"{'one': 28, 'two': 29, 'three': 28, 'four': 26, 'five': 26, 'six': 26, 'seven': 26, 'eight': 30, 'nine': 29, 'ten': 26, 'eleven': 30, 'twelve': 30, 'thirteen': 29, 'fourteen': 29, 'fifteen': 28, 'sixteen': 27}",-0.154006000000002
311,"{'one': 29, 'two': 29, 'three': 27, 'four': 29, 'five': 27, 'six': 30, 'seven': 28, 'eight': 26, 'nine': 27, 'ten': 30, 'eleven': 26, 'twelve': 28, 'thirteen': 29, 'fourteen': 30, 'fifteen': 27, 'sixteen': 29}",0.512569999999989
312,"{'one': 27, 'two': 30, 'three': 29, 'four': 27, 'five': 28, 'six': 30, 'seven': 27, 'eight': 26, 'nine': 28, 'ten': 27, 'eleven': 27, 'twelve': 29, 'thirteen': 29, 'fourteen': 27, 'fifteen': 27, 'sixteen': 28}",-0.191649999999988
313,"{'one': 27, 'two': 26, 'three': 30, 'four': 30, 'five': 27, 'six': 27, 'seven': 30, 'eight': 29, 'nine': 29, 'ten': 30, 'eleven': 28, 'twelve': 27, 'thirteen': 27, 'fourteen': 26, 'fifteen': 30, 'sixteen': 29}",0.0465309999999945
314,"{'one': 29, 'two': 30, 'three': 28, 'four': 26, 'five': 28, 'six': 28, 'seven': 28, 'eight': 27, 'nine': 28, 'ten': 28, 'eleven': 28, 'twelve': 29, 'thirteen': 27, 'fourteen': 29, 'fifteen': 27, 'sixteen': 28}",0.336475000000014
315,"{'one': 28, 'two': 27, 'three': 28, 'four': 30, 'five': 28, 'six': 29, 'seven': 30, 'eight': 27, 'nine': 29, 'ten': 29, 'eleven': 30, 'twelve': 28, 'thirteen': 29, 'fourteen': 27, 'fifteen': 30, 'sixteen': 26}",-0.0293519999999958
316,"{'one': 27, 'two': 28, 'three': 29, 'four': 28, 'five': 28, 'six': 29, 'seven': 30, 'eight': 30, 'nine': 26, 'ten': 26, 'eleven': 27, 'twelve': 28, 'thirteen': 29, 'fourteen': 28, 'fifteen': 28, 'sixteen': 26}",-0.0913310000000038
317,"{'one': 29, 'two': 26, 'three': 30, 'four': 27, 'five': 27, 'six': 29, 'seven': 29, 'eight': 28, 'nine': 28, 'ten': 30, 'eleven': 26, 'twelve': 30, 'thirteen': 29, 'fourteen': 30, 'fifteen': 27, 'sixteen': 27}",0.315264999999989
319,"{'one': 28, 'two': 29, 'three': 30, 'four': 30, 'five': 28, 'six': 26, 'seven': 27, 'eight': 30, 'nine': 26, 'ten': 27, 'eleven': 27, 'twelve': 30, 'thirteen': 30, 'fourteen': 29, 'fifteen': 27, 'sixteen': 30}",-0.0083060000000045
320,"{'one': 26, 'two': 30, 'three': 26, 'four': 26, 'five': 30, 'six': 30, 'seven': 27, 'eight': 28, 'nine': 29, 'ten': 27, 'eleven': 30, 'twelve': 27, 'thirteen': 29, 'fourteen': 27, 'fifteen': 27, 'sixteen': 26}",-0.233716999999991
321,"{'one': 28, 'two': 27, 'three': 28, 'four': 26, 'five': 29, 'six': 30, 'seven': 27, 'eight': 27, 'nine': 27, 'ten': 27, 'eleven': 29, 'twelve': 29, 'thirteen': 27, 'fourteen': 28, 'fifteen': 26, 'sixteen': 30}",0.0696359999999955
323,"{'one': 28, 'two': 27, 'three': 30, 'four': 26, 'five': 30, 'six': 30, 'seven': 29, 'eight': 26, 'nine': 28, 'ten': 26, 'eleven': 27, 'twelve': 28, 'thirteen': 26, 'fourteen': 27, 'fifteen': 27, 'sixteen': 29}",-0.307629999999996
324,"{'one': 28, 'two': 28, 'three': 30, 'four': 26, 'five': 28, 'six': 28, 'seven': 30, 'eight': 30, 'nine': 27, 'ten': 26, 'eleven': 28, 'twelve': 30, 'thirteen': 30, 'fourteen': 29, 'fifteen': 27, 'sixteen': 29}",-0.047421000000007
325,"{'one': 27, 'two': 29, 'three': 30, 'four': 26, 'five': 29, 'six': 29, 'seven': 26, 'eight': 30, 'nine': 30, 'ten': 26, 'eleven': 30, 'twelve': 27, 'thirteen': 26, 'fourteen': 28, 'fifteen': 30, 'sixteen': 30}",-0.175092999999996
326,"{'one': 30, 'two': 26, 'three': 28, 'four': 29, 'five': 28, 'six': 28, 'seven': 26, 'eight': 28, 'nine': 27, 'ten': 30, 'eleven': 27, 'twelve': 28, 'thirteen': 27, 'fourteen': 27, 'fifteen': 30, 'sixteen': 27}",0.0344619999999977
327,"{'one': 30, 'two': 26, 'three': 27, 'four': 27, 'five': 27, 'six': 30, 'seven': 27, 'eight': 29, 'nine': 30, 'ten': 26, 'eleven': 26, 'twelve': 29, 'thirteen': 28, 'fourteen': 28, 'fifteen': 26, 'sixteen': 26}",0.0289560000000008
328,"{'one': 27, 'two': 28, 'three': 29, 'four': 30, 'five': 29, 'six': 27, 'seven': 26, 'eight': 27, 'nine': 29, 'ten': 27, 'eleven': 26, 'twelve': 30, 'thirteen': 29, 'fourteen': 27, 'fifteen': 26, 'sixteen': 27}",-0.190891999999998
331,"{'one': 30, 'two': 29, 'three': 28, 'four': 27, 'five': 30, 'six': 29, 'seven': 27, 'eight': 26, 'nine': 27, 'ten': 28, 'eleven': 28, 'twelve': 28, 'thirteen': 27, 'fourteen': 30, 'fifteen': 28, 'sixteen': 30}",0.262003
332,"{'one': 26, 'two': 26, 'three': 27, 'four': 28, 'five': 30, 'six': 27, 'seven': 26, 'eight': 30, 'nine': 28, 'ten': 26, 'eleven': 28, 'twelve': 27, 'thirteen': 29, 'fourteen': 30, 'fifteen': 28, 'sixteen': 27}",0.109811
333,"{'one': 28, 'two': 28, 'three': 26, 'four': 27, 'five': 30, 'six': 27, 'seven': 29, 'eight': 28, 'nine': 29, 'ten': 30, 'eleven': 27, 'twelve': 30, 'thirteen': 27, 'fourteen': 27, 'fifteen': 29, 'sixteen': 27}",0.150145000000001
334,"{'one': 27, 'two': 30, 'three': 26, 'four': 28, 'five': 28, 'six': 30, 'seven': 27, 'eight': 27, 'nine': 28, 'ten': 26, 'eleven': 29, 'twelve': 30, 'thirteen': 29, 'fourteen': 27, 'fifteen': 26, 'sixteen': 29}",-0.374296999999991
335,"{'one': 28, 'two': 26, 'three': 28, 'four': 29, 'five': 27, 'six': 28, 'seven': 26, 'eight': 30, 'nine': 27, 'ten': 26, 'eleven': 30, 'twelve': 30, 'thirteen': 27, 'fourteen': 28, 'fifteen': 29, 'sixteen': 26}",-0.0959790000000069
338,"{'one': 27, 'two': 30, 'three': 28, 'four': 27, 'five': 27, 'six': 26, 'seven': 28, 'eight': 27, 'nine': 29, 'ten': 29, 'eleven': 27, 'twelve': 29, 'thirteen': 26, 'fourteen': 29, 'fifteen': 26, 'sixteen': 26}",0.498127000000003
339,"{'one': 30, 'two': 26, 'three': 30, 'four': 27, 'five': 26, 'six': 27, 'seven': 30, 'eight': 26, 'nine': 29, 'ten': 30, 'eleven': 29, 'twelve': 30, 'thirteen': 28, 'fourteen': 28, 'fifteen': 30, 'sixteen': 29}",0.0720120000000079
341,"{'one': 30, 'two': 29, 'three': 26, 'four': 28, 'five': 30, 'six': 28, 'seven': 29, 'eight': 28, 'nine': 30, 'ten': 29, 'eleven': 26, 'twelve': 27, 'thirteen': 27, 'fourteen': 28, 'fifteen': 26, 'sixteen': 28}",0.283411000000008
342,"{'one': 29, 'two': 29, 'three': 28, 'four': 27, 'five': 28, 'six': 26, 'seven': 29, 'eight': 29, 'nine': 29, 'ten': 28, 'eleven': 26, 'twelve': 26, 'thirteen': 30, 'fourteen': 28, 'fifteen': 28, 'sixteen': 26}",0.171392000000004
344,"{'one': 30, 'two': 28, 'three': 29, 'four': 26, 'five': 30, 'six': 27, 'seven': 27, 'eight': 26, 'nine': 27, 'ten': 26, 'eleven': 26, 'twelve': 30, 'thirteen': 26, 'fourteen': 26, 'fifteen': 30, 'sixteen': 29}",-0.443525000000001
345,"{'one': 29, 'two': 30, 'three': 30, 'four': 28, 'five': 27, 'six': 30, 'seven': 27, 'eight': 29, 'nine': 28, 'ten': 28, 'eleven': 28, 'twelve': 26, 'thirteen': 28, 'fourteen': 27, 'fifteen': 29, 'sixteen': 30}",0.0245090000000018
346,"{'one': 28, 'two': 29, 'three': 29, 'four': 30, 'five': 28, 'six': 29, 'seven': 27, 'eight': 29, 'nine': 30, 'ten': 26, 'eleven': 29, 'twelve': 29, 'thirteen': 28, 'fourteen': 30, 'fifteen': 29, 'sixteen': 28}",-0.0168940000000006
347,"{'one': 28, 'two': 26, 'three': 29, 'four': 27, 'five': 29, 'six': 29, 'seven': 26, 'eight': 30, 'nine': 29, 'ten': 28, 'eleven': 28, 'twelve': 26, 'thirteen': 28, 'fourteen': 30, 'fifteen': 28, 'sixteen': 30}",0.292830999999999
349,"{'one': 28, 'two': 29, 'three': 28, 'four': 29, 'five': 28, 'six': 30, 'seven': 27, 'eight': 30, 'nine': 28, 'ten': 27, 'eleven': 30, 'twelve': 27, 'thirteen': 29, 'fourteen': 27, 'fifteen': 29, 'sixteen': 30}",-0.220799999999997
350,"{'one': 26, 'two': 30, 'three': 27, 'four': 28, 'five': 29, 'six': 26, 'seven': 28, 'eight': 30, 'nine': 29, 'ten': 29, 'eleven': 27, 'twelve': 26, 'thirteen': 28, 'fourteen': 27, 'fifteen': 30, 'sixteen': 28}",0.308871000000003
351,"{'one': 27, 'two': 28, 'three': 29, 'four': 30, 'five': 30, 'six': 30, 'seven': 30, 'eight': 26, 'nine': 28, 'ten': 29, 'eleven': 28, 'twelve': 30, 'thirteen': 27, 'fourteen': 27, 'fifteen': 30, 'sixteen': 28}",0.0642270000000024
352,"{'one': 27, 'two': 30, 'three': 29, 'four': 28, 'five': 28, 'six': 29, 'seven': 29, 'eight': 29, 'nine': 26, 'ten': 26, 'eleven': 30, 'twelve': 30, 'thirteen': 26, 'fourteen': 27, 'fifteen': 27, 'sixteen': 26}",-0.354874999999999
353,"{'one': 26, 'two': 26, 'three': 27, 'four': 26, 'five': 30, 'six': 26, 'seven': 27, 'eight': 26, 'nine': 28, 'ten': 26, 'eleven': 28, 'twelve': 28, 'thirteen': 30, 'fourteen': 26, 'fifteen': 29, 'sixteen': 28}",-0.431522999999991
355,"{'one': 30, 'two': 28, 'three': 29, 'four': 30, 'five': 27, 'six': 29, 'seven': 28, 'eight': 27, 'nine': 28, 'ten': 27, 'eleven': 26, 'twelve': 26, 'thirteen': 26, 'fourteen': 28, 'fifteen': 30, 'sixteen': 27}",-0.0858309999999917
356,"{'one': 29, 'two': 30, 'three': 30, 'four': 29, 'five': 26, 'six': 29, 'seven': 29, 'eight': 26, 'nine': 29, 'ten': 28, 'eleven': 27, 'twelve': 28, 'thirteen': 27, 'fourteen': 28, 'fifteen': 27, 'sixteen': 29}",0.124354000000003
358,"{'one': 29, 'two': 27, 'three': 27, 'four': 26, 'five': 27, 'six': 28, 'seven': 30, 'eight': 27, 'nine': 26, 'ten': 30, 'eleven': 28, 'twelve': 27, 'thirteen': 30, 'fourteen': 30, 'fifteen': 27, 'sixteen': 26}",0.398248000000002
359,"{'one': 26, 'two': 29, 'three': 29, 'four': 27, 'five': 28, 'six': 27, 'seven': 29, 'eight': 26, 'nine': 30, 'ten': 26, 'eleven': 26, 'twelve': 27, 'thirteen': 28, 'fourteen': 30, 'fifteen': 28, 'sixteen': 29}",-0.015320999999993
360,"{'one': 28, 'two': 27, 'three': 26, 'four': 26, 'five': 30, 'six': 29, 'seven': 29, 'eight': 30, 'nine': 29, 'ten': 26, 'eleven': 29, 'twelve': 29, 'thirteen': 26, 'fourteen': 27, 'fifteen': 29, 'sixteen': 29}",-0.342184999999993
361,"{'one': 27, 'two': 27, 'three': 28, 'four': 28, 'five': 28, 'six': 30, 'seven': 27, 'eight': 27, 'nine': 27, 'ten': 29, 'eleven': 27, 'twelve': 27, 'thirteen': 27, 'fourteen': 27, 'fifteen': 30, 'sixteen': 28}",0.0875880000000037
362,"{'one': 28, 'two': 29, 'three': 27, 'four': 28, 'five': 27, 'six': 28, 'seven': 26, 'eight': 27, 'nine': 26, 'ten': 30, 'eleven': 28, 'twelve': 30, 'thirteen': 27, 'fourteen': 27, 'fifteen': 26, 'sixteen': 30}",0.0511100000000013
364,"{'one': 26, 'two': 27, 'three': 28, 'four': 28, 'five': 28, 'six': 28, 'seven': 27, 'eight': 26, 'nine': 26, 'ten': 28, 'eleven': 29, 'twelve': 27, 'thirteen': 27, 'fourteen': 29, 'fifteen': 27, 'sixteen': 29}",0.304827999999993
366,"{'one': 28, 'two': 29, 'three': 28, 'four': 27, 'five': 28, 'six': 29, 'seven': 29, 'eight': 28, 'nine': 30, 'ten': 30, 'eleven': 29, 'twelve': 30, 'thirteen': 27, 'fourteen': 30, 'fifteen': 30, 'sixteen': 27}",0.274131000000004
367,"{'one': 30, 'two': 30, 'three': 27, 'four': 27, 'five': 29, 'six': 28, 'seven': 26, 'eight': 28, 'nine': 29, 'ten': 26, 'eleven': 30, 'twelve': 28, 'thirteen': 28, 'fourteen': 30, 'fifteen': 29, 'sixteen': 28}",-0.0671819999999954
368,"{'one': 29, 'two': 30, 'three': 27, 'four': 26, 'five': 30, 'six': 26, 'seven': 28, 'eight': 29, 'nine': 28, 'ten': 30, 'eleven': 26, 'twelve': 30, 'thirteen': 26, 'fourteen': 26, 'fifteen': 29, 'sixteen': 30}",0.115637999999997
369,"{'one': 27, 'two': 30, 'three': 30, 'four': 26, 'five': 28, 'six': 26, 'seven': 29, 'eight': 28, 'nine': 28, 'ten': 27, 'eleven': 28, 'twelve': 27, 'thirteen': 28, 'fourteen': 28, 'fifteen': 26, 'sixteen': 26}",0.0329110000000056
371,"{'one': 27, 'two': 29, 'three': 27, 'four': 26, 'five': 27, 'six': 26, 'seven': 28, 'eight': 26, 'nine': 27, 'ten': 29, 'eleven': 26, 'twelve': 26, 'thirteen': 27, 'fourteen': 26, 'fifteen': 27, 'sixteen': 27}",0.225060000000006
375,"{'one': 29, 'two': 27, 'three': 30, 'four': 30, 'five': 28, 'six': 26, 'seven': 27, 'eight': 26, 'nine': 29, 'ten': 27, 'eleven': 30, 'twelve': 28, 'thirteen': 26, 'fourteen': 30, 'fifteen': 26, 'sixteen': 27}",0.155036000000002
376,"{'one': 29, 'two': 29, 'three': 29, 'four': 26, 'five': 26, 'six': 26, 'seven': 30, 'eight': 28, 'nine': 27, 'ten': 27, 'eleven': 28, 'twelve': 26, 'thirteen': 29, 'fourteen': 30, 'fifteen': 30, 'sixteen': 29}",0.0380409999999997
377,"{'one': 27, 'two': 27, 'three': 26, 'four': 30, 'five': 29, 'six': 29, 'seven': 30, 'eight': 29, 'nine': 26, 'ten': 30, 'eleven': 30, 'twelve': 29, 'thirteen': 30, 'fourteen': 30, 'fifteen': 28, 'sixteen': 30}",0.346372000000009
379,"{'one': 26, 'two': 28, 'three': 27, 'four': 27, 'five': 30, 'six': 30, 'seven': 30, 'eight': 28, 'nine': 28, 'ten': 29, 'eleven': 26, 'twelve': 28, 'thirteen': 28, 'fourteen': 28, 'fifteen': 28, 'sixteen': 30}",0.333479000000004
380,"{'one': 28, 'two': 30, 'three': 27, 'four': 26, 'five': 28, 'six': 26, 'seven': 27, 'eight': 29, 'nine': 26, 'ten': 28, 'eleven': 28, 'twelve': 26, 'thirteen': 27, 'fourteen': 29, 'fifteen': 29, 'sixteen': 28}",0.397667000000005
381,"{'one': 28, 'two': 26, 'three': 26, 'four': 26, 'five': 26, 'six': 29, 'seven': 30, 'eight': 28, 'nine': 30, 'ten': 26, 'eleven': 30, 'twelve': 26, 'thirteen': 26, 'fourteen': 28, 'fifteen': 30, 'sixteen': 26}",-0.131838999999992
382,"{'one': 27, 'two': 27, 'three': 29, 'four': 27, 'five': 29, 'six': 28, 'seven': 30, 'eight': 29, 'nine': 30, 'ten': 30, 'eleven': 29, 'twelve': 29, 'thirteen': 28, 'fourteen': 29, 'fifteen': 28, 'sixteen': 29}",0.264064000000004
383,"{'one': 27, 'two': 30, 'three': 29, 'four': 29, 'five': 28, 'six': 30, 'seven': 28, 'eight': 29, 'nine': 27, 'ten': 28, 'eleven': 29, 'twelve': 29, 'thirteen': 30, 'fourteen': 28, 'fifteen': 29, 'sixteen': 27}",0.144615999999992
384,"{'one': 28, 'two': 28, 'three': 28, 'four': 29, 'five': 27, 'six': 29, 'seven': 30, 'eight': 29, 'nine': 26, 'ten': 28, 'eleven': 29, 'twelve': 27, 'thirteen': 28, 'fourteen': 27, 'fifteen': 28, 'sixteen': 28}",-0.0629109999999926
385,"{'one': 27, 'two': 28, 'three': 26, 'four': 29, 'five': 29, 'six': 26, 'seven': 26, 'eight': 27, 'nine': 27, 'ten': 28, 'eleven': 28, 'twelve': 26, 'thirteen': 26, 'fourteen': 29, 'fifteen': 30, 'sixteen': 27}",0.235903
386,"{'one': 30, 'two': 30, 'three': 30, 'four': 27, 'five': 29, 'six': 30, 'seven': 26, 'eight': 29, 'nine': 29, 'ten': 29, 'eleven': 27, 'twelve': 28, 'thirteen': 29, 'fourteen': 30, 'fifteen': 29, 'sixteen': 27}",0.477256999999994
387,"{'one': 27, 'two': 27, 'three': 27, 'four': 26, 'five': 26, 'six': 26, 'seven': 29, 'eight': 30, 'nine': 28, 'ten': 26, 'eleven': 26, 'twelve': 26, 'thirteen': 27, 'fourteen': 27, 'fifteen': 27, 'sixteen': 26}",-0.114955000000001
388,"{'one': 29, 'two': 28, 'three': 26, 'four': 27, 'five': 30, 'six': 30, 'seven': 26, 'eight': 30, 'nine': 30, 'ten': 28, 'eleven': 29, 'twelve': 30, 'thirteen': 29, 'fourteen': 27, 'fifteen': 27, 'sixteen': 27}",-0.173063000000006
390,"{'one': 26, 'two': 29, 'three': 28, 'four': 28, 'five': 29, 'six': 26, 'seven': 26, 'eight': 30, 'nine': 30, 'ten': 30, 'eleven': 30, 'twelve': 29, 'thirteen': 26, 'fourteen': 28, 'fifteen': 28, 'sixteen': 28}",0.282247999999988
392,"{'one': 30, 'two': 29, 'three': 30, 'four': 29, 'five': 27, 'six': 29, 'seven': 27, 'eight': 27, 'nine': 26, 'ten': 28, 'eleven': 28, 'twelve': 26, 'thirteen': 28, 'fourteen': 26, 'fifteen': 26, 'sixteen': 27}",-0.0869470000000021
395,"{'one': 29, 'two': 29, 'three': 27, 'four': 30, 'five': 27, 'six': 26, 'seven': 27, 'eight': 30, 'nine': 27, 'ten': 27, 'eleven': 29, 'twelve': 29, 'thirteen': 30, 'fourteen': 27, 'fifteen': 30, 'sixteen': 28}",-0.232238000000002
396,"{'one': 29, 'two': 26, 'three': 26, 'four': 29, 'five': 30, 'six': 30, 'seven': 26, 'eight': 27, 'nine': 30, 'ten': 28, 'eleven': 28, 'twelve': 28, 'thirteen': 28, 'fourteen': 28, 'fifteen': 29, 'sixteen': 30}",0.212215000000007
397,"{'one': 26, 'two': 26, 'three': 26, 'four': 29, 'five': 29, 'six': 27, 'seven': 29, 'eight': 28, 'nine': 30, 'ten': 30, 'eleven': 26, 'twelve': 26, 'thirteen': 28, 'fourteen': 30, 'fifteen': 30, 'sixteen': 26}",0.405683000000003
398,"{'one': 26, 'two': 26, 'three': 29, 'four': 27, 'five': 26, 'six': 26, 'seven': 28, 'eight': 28, 'nine': 27, 'ten': 26, 'eleven': 29, 'twelve': 29, 'thirteen': 27, 'fourteen': 28, 'fifteen': 30, 'sixteen': 30}",0.0074859999999929
399,"{'one': 28, 'two': 26, 'three': 28, 'four': 26, 'five': 28, 'six': 30, 'seven': 27, 'eight': 30, 'nine': 28, 'ten': 29, 'eleven': 28, 'twelve': 30, 'thirteen': 28, 'fourteen': 28, 'fifteen': 27, 'sixteen': 29}",0.333874000000001
400,"{'one': 29, 'two': 29, 'three': 28, 'four': 26, 'five': 29, 'six': 27, 'seven': 30, 'eight': 27, 'nine': 26, 'ten': 26, 'eleven': 26, 'twelve': 29, 'thirteen': 29, 'fourteen': 26, 'fifteen': 29, 'sixteen': 30}",-0.436575999999995
401,"{'one': 26, 'two': 26, 'three': 29, 'four': 28, 'five': 29, 'six': 26, 'seven': 28, 'eight': 27, 'nine': 29, 'ten': 28, 'eleven': 30, 'twelve': 30, 'thirteen': 30, 'fourteen': 29, 'fifteen': 30, 'sixteen': 28}",0.206213999999995
402,"{'one': 28, 'two': 26, 'three': 30, 'four': 26, 'five': 30, 'six': 26, 'seven': 26, 'eight': 26, 'nine': 29, 'ten': 28, 'eleven': 26, 'twelve': 29, 'thirteen': 29, 'fourteen': 29, 'fifteen': 27, 'sixteen': 26}",0.257055999999998
403,"{'one': 28, 'two': 29, 'three': 29, 'four': 30, 'five': 28, 'six': 29, 'seven': 30, 'eight': 28, 'nine': 27, 'ten': 29, 'eleven': 29, 'twelve': 27, 'thirteen': 29, 'fourteen': 29, 'fifteen': 26, 'sixteen': 26}",0.585868999999995
404,"{'one': 26, 'two': 30, 'three': 26, 'four': 30, 'five': 28, 'six': 30, 'seven': 27, 'eight': 29, 'nine': 28, 'ten': 30, 'eleven': 29, 'twelve': 26, 'thirteen': 28, 'fourteen': 30, 'fifteen': 27, 'sixteen': 29}",0.394091999999993
405,"{'one': 27, 'two': 29, 'three': 29, 'four': 30, 'five': 30, 'six': 28, 'seven': 27, 'eight': 28, 'nine': 28, 'ten': 30, 'eleven': 27, 'twelve': 28, 'thirteen': 27, 'fourteen': 26, 'fifteen': 27, 'sixteen': 30}",0.0753249999999994
406,"{'one': 26, 'two': 26, 'three': 29, 'four': 26, 'five': 29, 'six': 26, 'seven': 27, 'eight': 28, 'nine': 28, 'ten': 28, 'eleven': 29, 'twelve': 27, 'thirteen': 29, 'fourteen': 30, 'fifteen': 26, 'sixteen': 27}",0.225733999999995
407,"{'one': 26, 'two': 27, 'three': 29, 'four': 26, 'five': 26, 'six': 29, 'seven': 29, 'eight': 30, 'nine': 27, 'ten': 30, 'eleven': 30, 'twelve': 27, 'thirteen': 30, 'fourteen': 28, 'fifteen': 29, 'sixteen': 30}",0.0534739999999942
408,"{'one': 26, 'two': 27, 'three': 26, 'four': 30, 'five': 29, 'six': 30, 'seven': 29, 'eight': 28, 'nine': 30, 'ten': 29, 'eleven': 29, 'twelve': 26, 'thirteen': 30, 'fourteen': 27, 'fifteen': 29, 'sixteen': 29}",0.0081699999999926
409,"{'one': 30, 'two': 30, 'three': 29, 'four': 28, 'five': 29, 'six': 28, 'seven': 28, 'eight': 28, 'nine': 29, 'ten': 26, 'eleven': 28, 'twelve': 30, 'thirteen': 30, 'fourteen': 29, 'fifteen': 26, 'sixteen': 29}",-0.0462019999999938
410,"{'one': 27, 'two': 26, 'three': 29, 'four': 30, 'five': 30, 'six': 28, 'seven': 28, 'eight': 30, 'nine': 28, 'ten': 30, 'eleven': 29, 'twelve': 29, 'thirteen': 26, 'fourteen': 26, 'fifteen': 29, 'sixteen': 29}",-0.0104729999999975
413,"{'one': 30, 'two': 28, 'three': 29, 'four': 29, 'five': 26, 'six': 26, 'seven': 26, 'eight': 27, 'nine': 30, 'ten': 29, 'eleven': 27, 'twelve': 27, 'thirteen': 27, 'fourteen': 27, 'fifteen': 30, 'sixteen': 28}",0.194656000000001
414,"{'one': 26, 'two': 30, 'three': 26, 'four': 30, 'five': 29, 'six': 29, 'seven': 27, 'eight': 26, 'nine': 28, 'ten': 30, 'eleven': 27, 'twelve': 29, 'thirteen': 30, 'fourteen': 30, 'fifteen': 26, 'sixteen': 28}",0.486347000000002
416,"{'one': 27, 'two': 29, 'three': 28, 'four': 29, 'five': 29, 'six': 27, 'seven': 29, 'eight': 26, 'nine': 26, 'ten': 26, 'eleven': 28, 'twelve': 29, 'thirteen': 29, 'fourteen': 27, 'fifteen': 26, 'sixteen': 27}",-0.319269999999995
417,"{'one': 26, 'two': 29, 'three': 28, 'four': 28, 'five': 28, 'six': 29, 'seven': 27, 'eight': 26, 'nine': 26, 'ten': 27, 'eleven': 30, 'twelve': 26, 'thirteen': 28, 'fourteen': 29, 'fifteen': 26, 'sixteen': 26}",0.157468999999998
419,"{'one': 30, 'two': 30, 'three': 30, 'four': 29, 'five': 29, 'six': 27, 'seven': 30, 'eight': 27, 'nine': 26, 'ten': 28, 'eleven': 26, 'twelve': 30, 'thirteen': 29, 'fourteen': 28, 'fifteen': 30, 'sixteen': 30}",0.0117380000000011
420,"{'one': 26, 'two': 26, 'three': 29, 'four': 28, 'five': 29, 'six': 26, 'seven': 29, 'eight': 30, 'nine': 28, 'ten': 26, 'eleven': 30, 'twelve': 30, 'thirteen': 26, 'fourteen': 26, 'fifteen': 26, 'sixteen': 29}",-0.430812999999993
421,"{'one': 27, 'two': 29, 'three': 29, 'four': 27, 'five': 27, 'six': 30, 'seven': 30, 'eight': 29, 'nine': 29, 'ten': 30, 'eleven': 30, 'twelve': 28, 'thirteen': 27, 'fourteen': 28, 'fifteen': 30, 'sixteen': 26}",0.289616999999999
422,"{'one': 28, 'two': 29, 'three': 29, 'four': 27, 'five': 30, 'six': 26, 'seven': 26, 'eight': 26, 'nine': 30, 'ten': 27, 'eleven': 28, 'twelve': 29, 'thirteen': 30, 'fourteen': 27, 'fifteen': 30, 'sixteen': 28}",-0.249419999999993
423,"{'one': 26, 'two': 30, 'three': 30, 'four': 27, 'five': 29, 'six': 27, 'seven': 29, 'eight': 26, 'nine': 26, 'ten': 28, 'eleven': 28, 'twelve': 28, 'thirteen': 30, 'fourteen': 30, 'fifteen': 27, 'sixteen': 26}",0.275270999999996
424,"{'one': 30, 'two': 28, 'three': 30, 'four': 28, 'five': 26, 'six': 30, 'seven': 30, 'eight': 27, 'nine': 30, 'ten': 27, 'eleven': 29, 'twelve': 26, 'thirteen': 29, 'fourteen': 30, 'fifteen': 29, 'sixteen': 27}",-0.0064469999999943
425,"{'one': 26, 'two': 27, 'three': 28, 'four': 28, 'five': 26, 'six': 29, 'seven': 26, 'eight': 29, 'nine': 26, 'ten': 29, 'eleven': 30, 'twelve': 29, 'thirteen': 28, 'fourteen': 26, 'fifteen': 28, 'sixteen': 28}",-0.0416760000000024
426,"{'one': 28, 'two': 28, 'three': 29, 'four': 28, 'five': 26, 'six': 28, 'seven': 28, 'eight': 30, 'nine': 29, 'ten': 28, 'eleven': 27, 'twelve': 26, 'thirteen': 30, 'fourteen': 27, 'fifteen': 27, 'sixteen': 27}",-0.108443000000001
427,"{'one': 30, 'two': 30, 'three': 29, 'four': 27, 'five': 27, 'six': 26, 'seven': 30, 'eight': 29, 'nine': 28, 'ten': 27, 'eleven': 29, 'twelve': 26, 'thirteen': 28, 'fourteen': 28, 'fifteen': 26, 'sixteen': 30}",0.0041179999999982
428,"{'one': 30, 'two': 29, 'three': 30, 'four': 26, 'five': 29, 'six': 28, 'seven': 27, 'eight': 30, 'nine': 27, 'ten': 30, 'eleven': 26, 'twelve': 29, 'thirteen': 28, 'fourteen': 30, 'fifteen': 27, 'sixteen': 28}",0.495583000000003
430,"{'one': 30, 'two': 27, 'three': 26, 'four': 30, 'five': 28, 'six': 29, 'seven': 28, 'eight': 29, 'nine': 28, 'ten': 27, 'eleven': 30, 'twelve': 26, 'thirteen': 30, 'fourteen': 27, 'fifteen': 26, 'sixteen': 30}",-0.232752999999995
431,"{'one': 28, 'two': 26, 'three': 28, 'four': 30, 'five': 27, 'six': 27, 'seven': 28, 'eight': 30, 'nine': 26, 'ten': 30, 'eleven': 26, 'twelve': 28, 'thirteen': 30, 'fourteen': 27, 'fifteen': 30, 'sixteen': 30}",-0.031930999999993
432,"{'one': 28, 'two': 28, 'three': 30, 'four': 26, 'five': 30, 'six': 29, 'seven': 28, 'eight': 28, 'nine': 27, 'ten': 29, 'eleven': 30, 'twelve': 29, 'thirteen': 29, 'fourteen': 26, 'fifteen': 30, 'sixteen': 27}",-0.0549240000000068
433,"{'one': 27, 'two': 27, 'three': 30, 'four': 29, 'five': 29, 'six': 28, 'seven': 28, 'eight': 30, 'nine': 26, 'ten': 29, 'eleven': 28, 'twelve': 26, 'thirteen': 27, 'fourteen': 29, 'fifteen': 30, 'sixteen': 30}",0.383333
434,"{'one': 27, 'two': 30, 'three': 27, 'four': 28, 'five': 27, 'six': 27, 'seven': 30, 'eight': 26, 'nine': 26, 'ten': 26, 'eleven': 28, 'twelve': 29, 'thirteen': 28, 'fourteen': 29, 'fifteen': 30, 'sixteen': 28}",-0.012133999999996
435,"{'one': 28, 'two': 26, 'three': 28, 'four': 28, 'five': 30, 'six': 30, 'seven': 30, 'eight': 28, 'nine': 28, 'ten': 28, 'eleven': 28, 'twelve': 27, 'thirteen': 27, 'fourteen': 29, 'fifteen': 30, 'sixteen': 27}",0.362023
436,"{'one': 27, 'two': 30, 'three': 29, 'four': 27, 'five': 28, 'six': 28, 'seven': 30, 'eight': 28, 'nine': 30, 'ten': 29, 'eleven': 30, 'twelve': 27, 'thirteen': 26, 'fourteen': 30, 'fifteen': 26, 'sixteen': 29}",0.452770000000008
437,"{'one': 30, 'two': 29, 'three': 27, 'four': 30, 'five': 27, 'six': 30, 'seven': 26, 'eight': 29, 'nine': 26, 'ten': 26, 'eleven': 28, 'twelve': 26, 'thirteen': 29, 'fourteen': 29, 'fifteen': 29, 'sixteen': 29}",0.0982430000000036
438,"{'one': 30, 'two': 28, 'three': 26, 'four': 29, 'five': 28, 'six': 28, 'seven': 26, 'eight': 27, 'nine': 27, 'ten': 27, 'eleven': 26, 'twelve': 28, 'thirteen': 28, 'fourteen': 28, 'fifteen': 27, 'sixteen': 27}",-0.0039509999999935
439,"{'one': 26, 'two': 30, 'three': 30, 'four': 28, 'five': 26, 'six': 27, 'seven': 29, 'eight': 30, 'nine': 30, 'ten': 27, 'eleven': 27, 'twelve': 30, 'thirteen': 28, 'fourteen': 27, 'fifteen': 26, 'sixteen': 28}",-0.143413999999999
440,"{'one': 26, 'two': 28, 'three': 26, 'four': 30, 'five': 30, 'six': 26, 'seven': 26, 'eight': 27, 'nine': 30, 'ten': 27, 'eleven': 29, 'twelve': 30, 'thirteen': 30, 'fourteen': 29, 'fifteen': 27, 'sixteen': 27}",0.0342489999999955
441,"{'one': 29, 'two': 29, 'three': 29, 'four': 29, 'five': 28, 'six': 28, 'seven': 30, 'eight': 26, 'nine': 27, 'ten': 29, 'eleven': 30, 'twelve': 29, 'thirteen': 28, 'fourteen': 28, 'fifteen': 30, 'sixteen': 29}",0.273796000000004
442,"{'one': 27, 'two': 27, 'three': 28, 'four': 28, 'five': 29, 'six': 29, 'seven': 27, 'eight': 27, 'nine': 27, 'ten': 26, 'eleven': 30, 'twelve': 27, 'thirteen': 27, 'fourteen': 27, 'fifteen': 29, 'sixteen': 26}",-0.260359999999998
443,"{'one': 29, 'two': 29, 'three': 30, 'four': 28, 'five': 29, 'six': 30, 'seven': 30, 'eight': 29, 'nine': 29, 'ten': 28, 'eleven': 26, 'twelve': 27, 'thirteen': 30, 'fourteen': 29, 'fifteen': 29, 'sixteen': 26}",0.219636999999998
444,"{'one': 27, 'two': 26, 'three': 28, 'four': 26, 'five': 29, 'six': 29, 'seven': 26, 'eight': 28, 'nine': 28, 'ten': 30, 'eleven': 28, 'twelve': 28, 'thirteen': 30, 'fourteen': 26, 'fifteen': 28, 'sixteen': 29}",-0.0605040000000016
445,"{'one': 30, 'two': 30, 'three': 29, 'four': 27, 'five': 30, 'six': 30, 'seven': 27, 'eight': 27, 'nine': 27, 'ten': 27, 'eleven': 29, 'twelve': 26, 'thirteen': 29, 'fourteen': 30, 'fifteen': 27, 'sixteen': 27}",0.0831080000000028
446,"{'one': 30, 'two': 28, 'three': 29, 'four': 27, 'five': 27, 'six': 30, 'seven': 26, 'eight': 26, 'nine': 28, 'ten': 30, 'eleven': 30, 'twelve': 28, 'thirteen': 30, 'fourteen': 26, 'fifteen': 28, 'sixteen': 28}",-0.0514769999999984
447,"{'one': 28, 'two': 28, 'three': 29, 'four': 26, 'five': 30, 'six': 29, 'seven': 27, 'eight': 27, 'nine': 28, 'ten': 28, 'eleven': 28, 'twelve': 27, 'thirteen': 26, 'fourteen': 29, 'fifteen': 27, 'sixteen': 29}",0.256092999999999
448,"{'one': 30, 'two': 30, 'three': 28, 'four': 29, 'five': 27, 'six': 29, 'seven': 27, 'eight': 27, 'nine': 27, 'ten': 29, 'eleven': 28, 'twelve': 28, 'thirteen': 30, 'fourteen': 30, 'fifteen': 30, 'sixteen': 26}",0.361150000000002
449,"{'one': 28, 'two': 30, 'three': 27, 'four': 29, 'five': 30, 'six': 28, 'seven': 28, 'eight': 27, 'nine': 28, 'ten': 26, 'eleven': 30, 'twelve': 26, 'thirteen': 30, 'fourteen': 29, 'fifteen': 29, 'sixteen': 28}",-0.172001000000001
451,"{'one': 26, 'two': 26, 'three': 26, 'four': 30, 'five': 30, 'six': 28, 'seven': 29, 'eight': 28, 'nine': 26, 'ten': 26, 'eleven': 30, 'twelve': 26, 'thirteen': 26, 'fourteen': 26, 'fifteen': 28, 'sixteen': 28}",-0.366614999999988
452,"{'one': 28, 'two': 29, 'three': 27, 'four': 29, 'five': 28, 'six': 27, 'seven': 27, 'eight': 28, 'nine': 30, 'ten': 26, 'eleven': 27, 'twelve': 30, 'thirteen': 30, 'fourteen': 26, 'fifteen': 27, 'sixteen': 29}",-0.41452499999999
453,"{'one': 29, 'two': 28, 'three': 26, 'four': 29, 'five': 28, 'six': 27, 'seven': 26, 'eight': 29, 'nine': 26, 'ten': 26, 'eleven': 26, 'twelve': 28, 'thirteen': 27, 'fourteen': 28, 'fifteen': 30, 'sixteen': 27}",-0.129268000000003
454,"{'one': 27, 'two': 27, 'three': 30, 'four': 28, 'five': 30, 'six': 28, 'seven': 29, 'eight': 30, 'nine': 26, 'ten': 30, 'eleven': 26, 'twelve': 26, 'thirteen': 26, 'fourteen': 26, 'fifteen': 27, 'sixteen': 29}",0.0681420000000017
456,"{'one': 28, 'two': 27, 'three': 27, 'four': 28, 'five': 29, 'six': 26, 'seven': 30, 'eight': 26, 'nine': 28, 'ten': 29, 'eleven': 28, 'twelve': 27, 'thirteen': 29, 'fourteen': 27, 'fifteen': 27, 'sixteen': 28}",0.239527999999999
457,"{'one': 28, 'two': 26, 'three': 30, 'four': 29, 'five': 26, 'six': 30, 'seven': 30, 'eight': 26, 'nine': 26, 'ten': 30, 'eleven': 27, 'twelve': 30, 'thirteen': 28, 'fourteen': 27, 'fifteen': 26, 'sixteen': 30}",0.0390749999999897
459,"{'one': 29, 'two': 30, 'three': 30, 'four': 26, 'five': 27, 'six': 27, 'seven': 28, 'eight': 27, 'nine': 28, 'ten': 29, 'eleven': 28, 'twelve': 30, 'thirteen': 29, 'fourteen': 28, 'fifteen': 28, 'sixteen': 29}",0.378733000000004
460,"{'one': 29, 'two': 29, 'three': 27, 'four': 29, 'five': 26, 'six': 27, 'seven': 30, 'eight': 27, 'nine': 26, 'ten': 28, 'eleven': 27, 'twelve': 28, 'thirteen': 29, 'fourteen': 27, 'fifteen': 27, 'sixteen': 28}",-0.0039130000000042
461,"{'one': 29, 'two': 29, 'three': 28, 'four': 28, 'five': 27, 'six': 28, 'seven': 26, 'eight': 27, 'nine': 27, 'ten': 26, 'eleven': 27, 'twelve': 27, 'thirteen': 29, 'fourteen': 28, 'fifteen': 29, 'sixteen': 29}",-0.139806
465,"{'one': 27, 'two': 27, 'three': 27, 'four': 26, 'five': 30, 'six': 29, 'seven': 29, 'eight': 26, 'nine': 30, 'ten': 29, 'eleven': 29, 'twelve': 30, 'thirteen': 30, 'fourteen': 26, 'fifteen': 27, 'sixteen': 30}",-0.0813130000000015
466,"{'one': 29, 'two': 26, 'three': 26, 'four': 30, 'five': 29, 'six': 26, 'seven': 27, 'eight': 28, 'nine': 29, 'ten': 28, 'eleven': 30, 'twelve': 27, 'thirteen': 26, 'fourteen': 26, 'fifteen': 26, 'sixteen': 30}",-0.0741729999999947
467,"{'one': 27, 'two': 27, 'three': 26, 'four': 28, 'five': 30, 'six': 26, 'seven': 26, 'eight': 27, 'nine': 29, 'ten': 28, 'eleven': 30, 'twelve': 27, 'thirteen': 28, 'fourteen': 27, 'fifteen': 27, 'sixteen': 26}",0.0761139999999969
468,"{'one': 28, 'two': 30, 'three': 29, 'four': 28, 'five': 26, 'six': 29, 'seven': 27, 'eight': 28, 'nine': 28, 'ten': 29, 'eleven': 30, 'twelve': 29, 'thirteen': 27, 'fourteen': 27, 'fifteen': 26, 'sixteen': 30}",0.0835240000000041
469,"{'one': 26, 'two': 29, 'three': 27, 'four': 27, 'five': 29, 'six': 29, 'seven': 30, 'eight': 27, 'nine': 30, 'ten': 26, 'eleven': 29, 'twelve': 27, 'thirteen': 29, 'fourteen': 27, 'fifteen': 29, 'sixteen': 28}",-0.550366000000003
470,"{'one': 29, 'two': 28, 'three': 30, 'four': 28, 'five': 26, 'six': 30, 'seven': 29, 'eight': 30, 'nine': 26, 'ten': 26, 'eleven': 27, 'twelve': 26, 'thirteen': 26, 'fourteen': 26, 'fifteen': 29, 'sixteen': 26}",-0.407763999999993
471,"{'one': 30, 'two': 27, 'three': 29, 'four': 30, 'five': 30, 'six': 26, 'seven': 26, 'eight': 28, 'nine': 28, 'ten': 26, 'eleven': 27, 'twelve': 28, 'thirteen': 30, 'fourteen': 28, 'fifteen': 27, 'sixteen': 27}",-0.0131500000000031
472,"{'one': 29, 'two': 26, 'three': 26, 'four': 27, 'five': 27, 'six': 28, 'seven': 29, 'eight': 29, 'nine': 27, 'ten': 29, 'eleven': 26, 'twelve': 26, 'thirteen': 28, 'fourteen': 26, 'fifteen': 26, 'sixteen': 26}",0.134019000000002
473,"{'one': 26, 'two': 29, 'three': 26, 'four': 27, 'five': 27, 'six': 29, 'seven': 28, 'eight': 29, 'nine': 26, 'ten': 29, 'eleven': 29, 'twelve': 26, 'thirteen': 30, 'fourteen': 30, 'fifteen': 26, 'sixteen': 30}",0.415016000000001
474,"{'one': 26, 'two': 27, 'three': 27, 'four': 29, 'five': 29, 'six': 30, 'seven': 26, 'eight': 26, 'nine': 28, 'ten': 26, 'eleven': 30, 'twelve': 28, 'thirteen': 26, 'fourteen': 27, 'fifteen': 30, 'sixteen': 27}",-0.295874999999988
475,"{'one': 26, 'two': 29, 'three': 27, 'four': 30, 'five': 26, 'six': 29, 'seven': 26, 'eight': 29, 'nine': 30, 'ten': 29, 'eleven': 28, 'twelve': 30, 'thirteen': 27, 'fourteen': 29, 'fifteen': 28, 'sixteen': 29}",0.577537999999997
476,"{'one': 27, 'two': 30, 'three': 29, 'four': 26, 'five': 26, 'six': 27, 'seven': 28, 'eight': 29, 'nine': 27, 'ten': 26, 'eleven': 26, 'twelve': 29, 'thirteen': 30, 'fourteen': 28, 'fifteen': 27, 'sixteen': 28}",-0.159673000000005
477,"{'one': 30, 'two': 30, 'three': 29, 'four': 28, 'five': 26, 'six': 27, 'seven': 26, 'eight': 29, 'nine': 28, 'ten': 30, 'eleven': 30, 'twelve': 29, 'thirteen': 28, 'fourteen': 26, 'fifteen': 26, 'sixteen': 26}",0.129742999999997
479,"{'one': 27, 'two': 30, 'three': 28, 'four': 30, 'five': 28, 'six': 27, 'seven': 30, 'eight': 28, 'nine': 29, 'ten': 26, 'eleven': 28, 'twelve': 30, 'thirteen': 26, 'fourteen': 26, 'fifteen': 29, 'sixteen': 29}",-0.439040999999996
480,"{'one': 26, 'two': 29, 'three': 27, 'four': 27, 'five': 30, 'six': 26, 'seven': 26, 'eight': 30, 'nine': 29, 'ten': 28, 'eleven': 27, 'twelve': 30, 'thirteen': 27, 'fourteen': 28, 'fifteen': 27, 'sixteen': 28}",0.194919000000005
481,"{'one': 26, 'two': 29, 'three': 28, 'four': 26, 'five': 28, 'six': 26, 'seven': 26, 'eight': 26, 'nine': 27, 'ten': 27, 'eleven': 26, 'twelve': 27, 'thirteen': 28, 'fourteen': 30, 'fifteen': 30, 'sixteen': 28}",0.0649670000000028
483,"{'one': 29, 'two': 28, 'three': 26, 'four': 30, 'five': 29, 'six': 27, 'seven': 26, 'eight': 30, 'nine': 29, 'ten': 29, 'eleven': 30, 'twelve': 30, 'thirteen': 26, 'fourteen': 27, 'fifteen': 26, 'sixteen': 27}",0.152142000000004
484,"{'one': 26, 'two': 28, 'three': 29, 'four': 29, 'five': 29, 'six': 30, 'seven': 27, 'eight': 28, 'nine': 26, 'ten': 29, 'eleven': 29, 'twelve': 30, 'thirteen': 30, 'fourteen': 28, 'fifteen': 26, 'sixteen': 29}",0.183838000000001
486,"{'one': 29, 'two': 28, 'three': 29, 'four': 26, 'five': 27, 'six': 28, 'seven': 30, 'eight': 29, 'nine': 30, 'ten': 26, 'eleven': 29, 'twelve': 28, 'thirteen': 30, 'fourteen': 29, 'fifteen': 28, 'sixteen': 28}",-0.176831999999997
487,"{'one': 26, 'two': 26, 'three': 29, 'four': 27, 'five': 28, 'six': 29, 'seven': 26, 'eight': 30, 'nine': 29, 'ten': 30, 'eleven': 28, 'twelve': 27, 'thirteen': 30, 'fourteen': 26, 'fifteen': 27, 'sixteen': 29}",-0.0544669999999953
488,"{'one': 29, 'two': 29, 'three': 28, 'four': 26, 'five': 26, 'six': 28, 'seven': 26, 'eight': 30, 'nine': 30, 'ten': 28, 'eleven': 28, 'twelve': 26, 'thirteen': 27, 'fourteen': 30, 'fifteen': 29, 'sixteen': 26}",0.188521999999998
489,"{'one': 28, 'two': 27, 'three': 26, 'four': 27, 'five': 27, 'six': 30, 'seven': 30, 'eight': 30, 'nine': 28, 'ten': 26, 'eleven': 29, 'twelve': 29, 'thirteen': 28, 'fourteen': 29, 'fifteen': 26, 'sixteen': 29}",0.165243999999994
490,"{'one': 28, 'two': 26, 'three': 28, 'four': 29, 'five': 27, 'six': 26, 'seven': 26, 'eight': 26, 'nine': 28, 'ten': 27, 'eleven': 30, 'twelve': 26, 'thirteen': 30, 'fourteen': 26, 'fifteen': 30, 'sixteen': 30}",-0.173834000000006
491,"{'one': 30, 'two': 28, 'three': 26, 'four': 26, 'five': 30, 'six': 30, 'seven': 30, 'eight': 28, 'nine': 30, 'ten': 28, 'eleven': 27, 'twelve': 27, 'thirteen': 30, 'fourteen': 29, 'fifteen': 28, 'sixteen': 28}",0.198584000000003
492,"{'one': 27, 'two': 29, 'three': 30, 'four': 26, 'five': 28, 'six': 30, 'seven': 28, 'eight': 29, 'nine': 27, 'ten': 29, 'eleven': 28, 'twelve': 30, 'thirteen': 29, 'fourteen': 30, 'fifteen': 27, 'sixteen': 27}",0.457867
493,"{'one': 28, 'two': 26, 'three': 27, 'four': 29, 'five': 30, 'six': 27, 'seven': 26, 'eight': 29, 'nine': 28, 'ten': 26, 'eleven': 29, 'twelve': 29, 'thirteen': 27, 'fourteen': 29, 'fifteen': 27, 'sixteen': 30}",0.0267009999999956
494,"{'one': 30, 'two': 29, 'three': 29, 'four': 27, 'five': 26, 'six': 30, 'seven': 30, 'eight': 29, 'nine': 28, 'ten': 29, 'eleven': 27, 'twelve': 28, 'thirteen': 26, 'fourteen': 28, 'fifteen': 30, 'sixteen': 26}",0.338477000000004
495,"{'one': 26, 'two': 30, 'three': 28, 'four': 30, 'five': 26, 'six': 28, 'seven': 26, 'eight': 27, 'nine': 28, 'ten': 29, 'eleven': 26, 'twelve': 27, 'thirteen': 29, 'fourteen': 30, 'fifteen': 26, 'sixteen': 28}",0.507570999999991
496,"{'one': 26, 'two': 28, 'three': 27, 'four': 28, 'five': 27, 'six': 29, 'seven': 28, 'eight': 26, 'nine': 27, 'ten': 26, 'eleven': 26, 'twelve': 29, 'thirteen': 29, 'fourteen': 26, 'fifteen': 26, 'sixteen': 28}",-0.347355999999997
497,"{'one': 30, 'two': 26, 'three': 29, 'four': 27, 'five': 30, 'six': 29, 'seven': 26, 'eight': 28, 'nine': 27, 'ten': 26, 'eleven': 29, 'twelve': 27, 'thirteen': 30, 'fourteen': 26, 'fifteen': 30, 'sixteen': 29}",-0.481830999999992
498,"{'one': 30, 'two': 27, 'three': 28, 'four': 30, 'five': 29, 'six': 30, 'seven': 26, 'eight': 28, 'nine': 27, 'ten': 27, 'eleven': 30, 'twelve': 28, 'thirteen': 27, 'fourteen': 29, 'fifteen': 29, 'sixteen': 27}",0.247171000000001
499,"{'one': 30, 'two': 26, 'three': 29, 'four': 28, 'five': 29, 'six': 26, 'seven': 28, 'eight': 27, 'nine': 27, 'ten': 28, 'eleven': 28, 'twelve': 28, 'thirteen': 29, 'fourteen': 29, 'fifteen': 29, 'sixteen': 26}",0.296675999999997
500,"{'one': 26, 'two': 28, 'three': 27, 'four': 28, 'five': 26, 'six': 26, 'seven': 30, 'eight': 29, 'nine': 27, 'ten': 28, 'eleven': 30, 'twelve': 30, 'thirteen': 29, 'fourteen': 27, 'fifteen': 26, 'sixteen': 30}",-0.0509819999999976
501,"{'one': 28, 'two': 28, 'three': 29, 'four': 29, 'five': 27, 'six': 29, 'seven': 28, 'eight': 27, 'nine': 26, 'ten': 27, 'eleven': 26, 'twelve': 28, 'thirteen': 27, 'fourteen': 27, 'fifteen': 29, 'sixteen': 26}",-0.155733999999988
502,"{'one': 26, 'two': 27, 'three': 29, 'four': 28, 'five': 26, 'six': 30, 'seven': 28, 'eight': 27, 'nine': 29, 'ten': 27, 'eleven': 30, 'twelve': 26, 'thirteen': 28, 'fourteen': 29, 'fifteen': 26, 'sixteen': 28}",0.177835999999992
503,"{'one': 26, 'two': 26, 'three': 27, 'four': 29, 'five': 29, 'six': 28, 'seven': 29, 'eight': 26, 'nine': 29, 'ten': 28, 'eleven': 27, 'twelve': 30, 'thirteen': 28, 'fourteen': 30, 'fifteen': 28, 'sixteen': 26}",0.315424999999997
504,"{'one': 27, 'two': 27, 'three': 27, 'four': 28, 'five': 29, 'six': 28, 'seven': 28, 'eight': 27, 'nine': 26, 'ten': 27, 'eleven': 29, 'twelve': 26, 'thirteen': 29, 'fourteen': 27, 'fifteen': 30, 'sixteen': 28}",-0.208465999999994
505,"{'one': 30, 'two': 27, 'three': 27, 'four': 27, 'five': 28, 'six': 28, 'seven': 29, 'eight': 28, 'nine': 30, 'ten': 26, 'eleven': 28, 'twelve': 30, 'thirteen': 28, 'fourteen': 29, 'fifteen': 30, 'sixteen': 29}",-0.0045220000000014
506,"{'one': 26, 'two': 28, 'three': 27, 'four': 26, 'five': 27, 'six': 30, 'seven': 29, 'eight': 28, 'nine': 28, 'ten': 26, 'eleven': 30, 'twelve': 30, 'thirteen': 28, 'fourteen': 30, 'fifteen': 26, 'sixteen': 28}",0.0316310000000115
508,"{'one': 26, 'two': 26, 'three': 29, 'four': 28, 'five': 27, 'six': 30, 'seven': 27, 'eight': 26, 'nine': 28, 'ten': 27, 'eleven': 29, 'twelve': 27, 'thirteen': 29, 'fourteen': 27, 'fifteen': 26, 'sixteen': 29}",-0.0581460000000007
509,"{'one': 30, 'two': 28, 'three': 29, 'four': 26, 'five': 28, 'six': 26, 'seven': 30, 'eight': 27, 'nine': 29, 'ten': 30, 'eleven': 30, 'twelve': 27, 'thirteen': 29, 'fourteen': 30, 'fifteen': 29, 'sixteen': 29}",0.305748999999991
511,"{'one': 27, 'two': 26, 'three': 27, 'four': 26, 'five': 26, 'six': 26, 'seven': 26, 'eight': 29, 'nine': 26, 'ten': 29, 'eleven': 29, 'twelve': 28, 'thirteen': 29, 'fourteen': 27, 'fifteen': 28, 'sixteen': 28}",0.231533000000005
512,"{'one': 27, 'two': 28, 'three': 29, 'four': 26, 'five': 27, 'six': 27, 'seven': 28, 'eight': 27, 'nine': 28, 'ten': 26, 'eleven': 30, 'twelve': 28, 'thirteen': 26, 'fourteen': 29, 'fifteen': 30, 'sixteen': 28}",-0.134766000000006
513,"{'one': 27, 'two': 30, 'three': 26, 'four': 29, 'five': 27, 'six': 29, 'seven': 29, 'eight': 30, 'nine': 29, 'ten': 29, 'eleven': 28, 'twelve': 30, 'thirteen': 27, 'fourteen': 28, 'fifteen': 27, 'sixteen': 28}",0.365653000000001
514,"{'one': 27, 'two': 26, 'three': 26, 'four': 28, 'five': 30, 'six': 27, 'seven': 28, 'eight': 26, 'nine': 30, 'ten': 27, 'eleven': 26, 'twelve': 28, 'thirteen': 27, 'fourteen': 26, 'fifteen': 29, 'sixteen': 29}",-0.192796000000008
516,"{'one': 26, 'two': 26, 'three': 27, 'four': 26, 'five': 27, 'six': 27, 'seven': 29, 'eight': 27, 'nine': 26, 'ten': 26, 'eleven': 29, 'twelve': 27, 'thirteen': 28, 'fourteen': 30, 'fifteen': 26, 'sixteen': 26}",0.0827450000000098
517,"{'one': 30, 'two': 27, 'three': 29, 'four': 28, 'five': 27, 'six': 28, 'seven': 28, 'eight': 29, 'nine': 28, 'ten': 26, 'eleven': 29, 'twelve': 30, 'thirteen': 28, 'fourteen': 26, 'fifteen': 26, 'sixteen': 28}",-0.411778000000005
519,"{'one': 27, 'two': 29, 'three': 26, 'four': 29, 'five': 27, 'six': 30, 'seven': 26, 'eight': 29, 'nine': 27, 'ten': 27, 'eleven': 28, 'twelve': 29, 'thirteen': 28, 'fourteen': 28, 'fifteen': 29, 'sixteen': 27}",0.0647750000000044
520,"{'one': 30, 'two': 26, 'three': 29, 'four': 27, 'five': 28, 'six': 27, 'seven': 30, 'eight': 28, 'nine': 28, 'ten': 29, 'eleven': 27, 'twelve': 28, 'thirteen': 27, 'fourteen': 30, 'fifteen': 26, 'sixteen': 30}",0.371474000000013
524,"{'one': 28, 'two': 28, 'three': 26, 'four': 30, 'five': 28, 'six': 27, 'seven': 29, 'eight': 30, 'nine': 27, 'ten': 30, 'eleven': 28, 'twelve': 26, 'thirteen': 29, 'fourteen': 28, 'fifteen': 29, 'sixteen': 30}",0.198804000000002
525,"{'one': 26, 'two': 28, 'three': 26, 'four': 29, 'five': 30, 'six': 30, 'seven': 26, 'eight': 30, 'nine': 26, 'ten': 26, 'eleven': 29, 'twelve': 27, 'thirteen': 28, 'fourteen': 29, 'fifteen': 29, 'sixteen': 29}",0.147055999999999
526,"{'one': 29, 'two': 26, 'three': 27, 'four': 30, 'five': 30, 'six': 27, 'seven': 29, 'eight': 28, 'nine': 27, 'ten': 30, 'eleven': 26, 'twelve': 27, 'thirteen': 27, 'fourteen': 30, 'fifteen': 30, 'sixteen': 28}",0.379697
527,"{'one': 26, 'two': 29, 'three': 28, 'four': 30, 'five': 26, 'six': 26, 'seven': 30, 'eight': 29, 'nine': 30, 'ten': 28, 'eleven': 29, 'twelve': 29, 'thirteen': 29, 'fourteen': 26, 'fifteen': 27, 'sixteen': 28}",-0.139642999999999
528,"{'one': 28, 'two': 26, 'three': 27, 'four': 28, 'five': 26, 'six': 26, 'seven': 27, 'eight': 30, 'nine': 27, 'ten': 26, 'eleven': 27, 'twelve': 30, 'thirteen': 30, 'fourteen': 29, 'fifteen': 29, 'sixteen': 27}",0.0292030000000025
529,"{'one': 27, 'two': 30, 'three': 29, 'four': 29, 'five': 26, 'six': 28, 'seven': 29, 'eight': 27, 'nine': 27, 'ten': 26, 'eleven': 27, 'twelve': 27, 'thirteen': 27, 'fourteen': 28, 'fifteen': 29, 'sixteen': 28}",-0.116053999999998
530,"{'one': 27, 'two': 29, 'three': 28, 'four': 30, 'five': 28, 'six': 27, 'seven': 26, 'eight': 30, 'nine': 28, 'ten': 26, 'eleven': 27, 'twelve': 30, 'thirteen': 29, 'fourteen': 29, 'fifteen': 29, 'sixteen': 29}",-0.0200689999999994
532,"{'one': 29, 'two': 30, 'three': 28, 'four': 28, 'five': 27, 'six': 27, 'seven': 30, 'eight': 28, 'nine': 28, 'ten': 30, 'eleven': 29, 'twelve': 29, 'thirteen': 26, 'fourteen': 29, 'fifteen': 26, 'sixteen': 29}",0.399333000000005
533,"{'one': 29, 'two': 28, 'three': 27, 'four': 30, 'five': 30, 'six': 27, 'seven': 28, 'eight': 30, 'nine': 27, 'ten': 28, 'eleven': 27, 'twelve': 30, 'thirteen': 29, 'fourteen': 27, 'fifteen': 29, 'sixteen': 30}",-0.115325999999996
534,"{'one': 26, 'two': 27, 'three': 26, 'four': 30, 'five': 29, 'six': 27, 'seven': 30, 'eight': 30, 'nine': 29, 'ten': 27, 'eleven': 28, 'twelve': 26, 'thirteen': 29, 'fourteen': 26, 'fifteen': 28, 'sixteen': 28}",-0.195148999999993
537,"{'one': 26, 'two': 29, 'three': 29, 'four': 30, 'five': 26, 'six': 26, 'seven': 30, 'eight': 26, 'nine': 28, 'ten': 28, 'eleven': 28, 'twelve': 29, 'thirteen': 27, 'fourteen': 27, 'fifteen': 29, 'sixteen': 30}",0.0647130000000046
538,"{'one': 30, 'two': 30, 'three': 28, 'four': 27, 'five': 28, 'six': 28, 'seven': 30, 'eight': 28, 'nine': 30, 'ten': 30, 'eleven': 29, 'twelve': 26, 'thirteen': 29, 'fourteen': 26, 'fifteen': 29, 'sixteen': 27}",-0.0964389999999966
539,"{'one': 28, 'two': 30, 'three': 27, 'four': 29, 'five': 30, 'six': 29, 'seven': 28, 'eight': 29, 'nine': 26, 'ten': 27, 'eleven': 27, 'twelve': 26, 'thirteen': 30, 'fourteen': 30, 'fifteen': 29, 'sixteen': 28}",0.19442399999999
540,"{'one': 28, 'two': 30, 'three': 26, 'four': 30, 'five': 30, 'six': 27, 'seven': 30, 'eight': 28, 'nine': 29, 'ten': 28, 'eleven': 27, 'twelve': 28, 'thirteen': 30, 'fourteen': 27, 'fifteen': 26, 'sixteen': 27}",0.0881089999999957
541,"{'one': 30, 'two': 30, 'three': 26, 'four': 27, 'five': 28, 'six': 26, 'seven': 30, 'eight': 27, 'nine': 29, 'ten': 26, 'eleven': 28, 'twelve': 28, 'thirteen': 29, 'fourteen': 27, 'fifteen': 30, 'sixteen': 26}",-0.337628999999999
542,"{'one': 26, 'two': 30, 'three': 30, 'four': 30, 'five': 28, 'six': 30, 'seven': 30, 'eight': 26, 'nine': 28, 'ten': 27, 'eleven': 28, 'twelve': 28, 'thirteen': 26, 'fourteen': 28, 'fifteen': 28, 'sixteen': 26}",0.0957809999999952
543,"{'one': 28, 'two': 29, 'three': 29, 'four': 27, 'five': 27, 'six': 30, 'seven': 30, 'eight': 29, 'nine': 26, 'ten': 27, 'eleven': 28, 'twelve': 28, 'thirteen': 26, 'fourteen': 26, 'fifteen': 30, 'sixteen': 26}",-0.297859000000009
544,"{'one': 30, 'two': 26, 'three': 27, 'four': 30, 'five': 27, 'six': 29, 'seven': 28, 'eight': 29, 'nine': 26, 'ten': 26, 'eleven': 30, 'twelve': 26, 'thirteen': 30, 'fourteen': 28, 'fifteen': 29, 'sixteen': 28}",-0.12716000000001
545,"{'one': 28, 'two': 26, 'three': 28, 'four': 27, 'five': 26, 'six': 27, 'seven': 26, 'eight': 29, 'nine': 28, 'ten': 27, 'eleven': 30, 'twelve': 27, 'thirteen': 27, 'fourteen': 29, 'fifteen': 29, 'sixteen': 27}",0.165291000000003
546,"{'one': 29, 'two': 30, 'three': 26, 'four': 29, 'five': 27, 'six': 29, 'seven': 28, 'eight': 28, 'nine': 27, 'ten': 28, 'eleven': 27, 'twelve': 26, 'thirteen': 30, 'fourteen': 27, 'fifteen': 29, 'sixteen': 27}",0.0529870000000087
547,"{'one': 30, 'two': 26, 'three': 30, 'four': 30, 'five': 27, 'six': 27, 'seven': 30, 'eight': 30, 'nine': 26, 'ten': 29, 'eleven': 29, 'twelve': 26, 'thirteen': 29, 'fourteen': 28, 'fifteen': 29, 'sixteen': 26}",0.183255999999992
548,"{'one': 28, 'two': 26, 'three': 27, 'four': 29, 'five': 26, 'six': 26, 'seven': 26, 'eight': 29, 'nine': 28, 'ten': 29, 'eleven': 27, 'twelve': 27, 'thirteen': 28, 'fourteen': 26, 'fifteen': 30, 'sixteen': 30}",0.042006999999991
549,"{'one': 27, 'two': 30, 'three': 26, 'four': 26, 'five': 27, 'six': 28, 'seven': 29, 'eight': 26, 'nine': 28, 'ten': 28, 'eleven': 29, 'twelve': 28, 'thirteen': 26, 'fourteen': 29, 'fifteen': 27, 'sixteen': 27}",0.369756000000002
550,"{'one': 26, 'two': 30, 'three': 26, 'four': 26, 'five': 30, 'six': 26, 'seven': 30, 'eight': 26, 'nine': 26, 'ten': 30, 'eleven': 29, 'twelve': 29, 'thirteen': 30, 'fourteen': 29, 'fifteen': 26, 'sixteen': 26}",0.423217999999998
552,"{'one': 27, 'two': 27, 'three': 27, 'four': 29, 'five': 30, 'six': 30, 'seven': 27, 'eight': 26, 'nine': 26, 'ten': 26, 'eleven': 28, 'twelve': 28, 'thirteen': 30, 'fourteen': 26, 'fifteen': 27, 'sixteen': 28}",-0.390352999999997
554,"{'one': 27, 'two': 26, 'three': 27, 'four': 26, 'five': 30, 'six': 27, 'seven': 28, 'eight': 30, 'nine': 30, 'ten': 30, 'eleven': 30, 'twelve': 29, 'thirteen': 29, 'fourteen': 30, 'fifteen': 28, 'sixteen': 30}",0.266849999999998
555,"{'one': 28, 'two': 30, 'three': 26, 'four': 30, 'five': 30, 'six': 26, 'seven': 28, 'eight': 29, 'nine': 27, 'ten': 30, 'eleven': 29, 'twelve': 29, 'thirteen': 27, 'fourteen': 29, 'fifteen': 26, 'sixteen': 28}",0.495692999999995
557,"{'one': 30, 'two': 26, 'three': 26, 'four': 27, 'five': 29, 'six': 26, 'seven': 27, 'eight': 29, 'nine': 27, 'ten': 28, 'eleven': 26, 'twelve': 29, 'thirteen': 30, 'fourteen': 29, 'fifteen': 29, 'sixteen': 26}",0.307983999999997
558,"{'one': 29, 'two': 27, 'three': 29, 'four': 26, 'five': 28, 'six': 26, 'seven': 27, 'eight': 26, 'nine': 29, 'ten': 26, 'eleven': 30, 'twelve': 27, 'thirteen': 26, 'fourteen': 30, 'fifteen': 27, 'sixteen': 30}",0.0036089999999902
559,"{'one': 27, 'two': 26, 'three': 30, 'four': 27, 'five': 29, 'six': 27, 'seven': 28, 'eight': 28, 'nine': 28, 'ten': 29, 'eleven': 27, 'twelve': 30, 'thirteen': 30, 'fourteen': 29, 'fifteen': 26, 'sixteen': 30}",0.303571999999995
562,"{'one': 27, 'two': 28, 'three': 26, 'four': 27, 'five': 30, 'six': 26, 'seven': 30, 'eight': 26, 'nine': 28, 'ten': 27, 'eleven': 29, 'twelve': 28, 'thirteen': 26, 'fourteen': 26, 'fifteen': 27, 'sixteen': 26}",-0.334259999999993
563,"{'one': 27, 'two': 30, 'three': 28, 'four': 28, 'five': 29, 'six': 27, 'seven': 27, 'eight': 26, 'nine': 26, 'ten': 27, 'eleven': 26, 'twelve': 28, 'thirteen': 28, 'fourteen': 29, 'fifteen': 30, 'sixteen': 26}",0.0726989999999929
564,"{'one': 30, 'two': 28, 'three': 28, 'four': 29, 'five': 26, 'six': 27, 'seven': 30, 'eight': 26, 'nine': 26, 'ten': 29, 'eleven': 29, 'twelve': 28, 'thirteen': 30, 'fourteen': 26, 'fifteen': 29, 'sixteen': 26}",-0.016619999999996
565,"{'one': 30, 'two': 26, 'three': 29, 'four': 30, 'five': 26, 'six': 27, 'seven': 29, 'eight': 27, 'nine': 29, 'ten': 27, 'eleven': 29, 'twelve': 26, 'thirteen': 28, 'fourteen': 28, 'fifteen': 27, 'sixteen': 30}",0.124079000000001
566,"{'one': 27, 'two': 28, 'three': 28, 'four': 29, 'five': 26, 'six': 29, 'seven': 30, 'eight': 28, 'nine': 26, 'ten': 30, 'eleven': 29, 'twelve': 29, 'thirteen': 27, 'fourteen': 27, 'fifteen': 28, 'sixteen': 30}",0.0558449999999979
567,"{'one': 26, 'two': 30, 'three': 27, 'four': 29, 'five': 28, 'six': 30, 'seven': 28, 'eight': 27, 'nine': 28, 'ten': 28, 'eleven': 30, 'twelve': 28, 'thirteen': 27, 'fourteen': 29, 'fifteen': 27, 'sixteen': 30}",0.390895000000007
568,"{'one': 26, 'two': 26, 'three': 30, 'four': 30, 'five': 30, 'six': 26, 'seven': 26, 'eight': 28, 'nine': 28, 'ten': 27, 'eleven': 28, 'twelve': 26, 'thirteen': 30, 'fourteen': 28, 'fifteen': 26, 'sixteen': 28}",0.0900389999999973
569,"{'one': 30, 'two': 29, 'three': 26, 'four': 27, 'five': 27, 'six': 29, 'seven': 28, 'eight': 30, 'nine': 30, 'ten': 27, 'eleven': 30, 'twelve': 27, 'thirteen': 27, 'fourteen': 29, 'fifteen': 29, 'sixteen': 29}",0.0268720000000044
570,"{'one': 28, 'two': 29, 'three': 27, 'four': 27, 'five': 29, 'six': 26, 'seven': 30, 'eight': 30, 'nine': 28, 'ten': 29, 'eleven': 27, 'twelve': 26, 'thirteen': 26, 'fourteen': 28, 'fifteen': 29, 'sixteen': 28}",0.371990000000003
571,"{'one': 26, 'two': 29, 'three': 27, 'four': 28, 'five': 26, 'six': 27, 'seven': 29, 'eight': 29, 'nine': 28, 'ten': 27, 'eleven': 29, 'twelve': 27, 'thirteen': 28, 'fourteen': 27, 'fifteen': 26, 'sixteen': 28}",-0.0766020000000011
572,"{'one': 29, 'two': 30, 'three': 29, 'four': 27, 'five': 29, 'six': 27, 'seven': 27, 'eight': 30, 'nine': 30, 'ten': 29, 'eleven': 27, 'twelve': 29, 'thirteen': 29, 'fourteen': 30, 'fifteen': 28, 'sixteen': 26}",0.336294999999992
573,"{'one': 30, 'two': 26, 'three': 29, 'four': 28, 'five': 28, 'six': 26, 'seven': 28, 'eight': 28, 'nine': 29, 'ten': 28, 'eleven': 29, 'twelve': 29, 'thirteen': 29, 'fourteen': 28, 'fifteen': 26, 'sixteen': 28}",0.245561999999999
574,"{'one': 30, 'two': 26, 'three': 30, 'four': 28, 'five': 26, 'six': 26, 'seven': 27, 'eight': 30, 'nine': 29, 'ten': 29, 'eleven': 30, 'twelve': 29, 'thirteen': 29, 'fourteen': 30, 'fifteen': 27, 'sixteen': 27}",0.234548999999994
575,"{'one': 26, 'two': 28, 'three': 26, 'four': 30, 'five': 26, 'six': 30, 'seven': 30, 'eight': 26, 'nine': 30, 'ten': 29, 'eleven': 27, 'twelve': 28, 'thirteen': 29, 'fourteen': 30, 'fifteen': 30, 'sixteen': 29}",0.428767000000007
576,"{'one': 29, 'two': 30, 'three': 27, 'four': 30, 'five': 26, 'six': 26, 'seven': 26, 'eight': 29, 'nine': 28, 'ten': 27, 'eleven': 28, 'twelve': 26, 'thirteen': 28, 'fourteen': 26, 'fifteen': 29, 'sixteen': 30}",-0.220787999999991
579,"{'one': 30, 'two': 30, 'three': 26, 'four': 26, 'five': 27, 'six': 30, 'seven': 27, 'eight': 27, 'nine': 27, 'ten': 27, 'eleven': 29, 'twelve': 29, 'thirteen': 30, 'fourteen': 27, 'fifteen': 29, 'sixteen': 29}",-0.237395999999996
581,"{'one': 28, 'two': 30, 'three': 29, 'four': 27, 'five': 30, 'six': 29, 'seven': 28, 'eight': 30, 'nine': 30, 'ten': 26, 'eleven': 30, 'twelve': 26, 'thirteen': 28, 'fourteen': 28, 'fifteen': 28, 'sixteen': 28}",-0.260688999999992
582,"{'one': 28, 'two': 27, 'three': 29, 'four': 27, 'five': 29, 'six': 29, 'seven': 27, 'eight': 29, 'nine': 29, 'ten': 28, 'eleven': 29, 'twelve': 28, 'thirteen': 30, 'fourteen': 27, 'fifteen': 26, 'sixteen': 26}",-0.135174999999996
583,"{'one': 28, 'two': 28, 'three': 28, 'four': 29, 'five': 28, 'six': 28, 'seven': 26, 'eight': 29, 'nine': 27, 'ten': 28, 'eleven': 26, 'twelve': 30, 'thirteen': 27, 'fourteen': 28, 'fifteen': 27, 'sixteen': 26}",0.0619809999999958
584,"{'one': 29, 'two': 26, 'three': 27, 'four': 27, 'five': 26, 'six': 30, 'seven': 30, 'eight': 29, 'nine': 30, 'ten': 29, 'eleven': 28, 'twelve': 27, 'thirteen': 29, 'fourteen': 26, 'fifteen': 28, 'sixteen': 29}",-0.0853000000000108
585,"{'one': 27, 'two': 27, 'three': 29, 'four': 30, 'five': 29, 'six': 27, 'seven': 28, 'eight': 26, 'nine': 29, 'ten': 28, 'eleven': 30, 'twelve': 28, 'thirteen': 28, 'fourteen': 29, 'fifteen': 30, 'sixteen': 30}",0.192859999999988
587,"{'one': 27, 'two': 27, 'three': 30, 'four': 29, 'five': 26, 'six': 27, 'seven': 28, 'eight': 28, 'nine': 28, 'ten': 26, 'eleven': 29, 'twelve': 30, 'thirteen': 27, 'fourteen': 26, 'fifteen': 28, 'sixteen': 29}",-0.310721999999991
588,"{'one': 28, 'two': 27, 'three': 26, 'four': 28, 'five': 27, 'six': 29, 'seven': 26, 'eight': 27, 'nine': 28, 'ten': 29, 'eleven': 27, 'twelve': 26, 'thirteen': 28, 'fourteen': 26, 'fifteen': 26, 'sixteen': 30}",0.0418129999999976
589,"{'one': 30, 'two': 29, 'three': 30, 'four': 27, 'five': 26, 'six': 30, 'seven': 27, 'eight': 28, 'nine': 26, 'ten': 28, 'eleven': 27, 'twelve': 26, 'thirteen': 27, 'fourteen': 27, 'fifteen': 28, 'sixteen': 27}",0.0046759999999963
590,"{'one': 26, 'two': 27, 'three': 27, 'four': 27, 'five': 27, 'six': 30, 'seven': 30, 'eight': 30, 'nine': 27, 'ten': 28, 'eleven': 28, 'twelve': 26, 'thirteen': 29, 'fourteen': 26, 'fifteen': 28, 'sixteen': 26}",-0.162810999999997
592,"{'one': 26, 'two': 29, 'three': 28, 'four': 28, 'five': 30, 'six': 26, 'seven': 26, 'eight': 26, 'nine': 30, 'ten': 27, 'eleven': 28, 'twelve': 30, 'thirteen': 26, 'fourteen': 26, 'fifteen': 30, 'sixteen': 28}",-0.397854999999999
594,"{'one': 30, 'two': 30, 'three': 28, 'four': 26, 'five': 26, 'six': 30, 'seven': 27, 'eight': 26, 'nine': 29, 'ten': 28, 'eleven': 28, 'twelve': 29, 'thirteen': 29, 'fourteen': 30, 'fifteen': 29, 'sixteen': 29}",0.321522000000008
596,"{'one': 28, 'two': 27, 'three': 30, 'four': 30, 'five': 30, 'six': 30, 'seven': 29, 'eight': 30, 'nine': 29, 'ten': 28, 'eleven': 30, 'twelve': 29, 'thirteen': 30, 'fourteen': 27, 'fifteen': 28, 'sixteen': 28}",-0.127646000000005
597,"{'one': 30, 'two': 26, 'three': 29, 'four': 26, 'five': 28, 'six': 29, 'seven': 28, 'eight': 28, 'nine': 30, 'ten': 28, 'eleven': 26, 'twelve': 28, 'thirteen': 27, 'fourteen': 29, 'fifteen': 27, 'sixteen': 30}",0.315748999999989
598,"{'one': 28, 'two': 28, 'three': 30, 'four': 28, 'five': 26, 'six': 28, 'seven': 30, 'eight': 27, 'nine': 28, 'ten': 27, 'eleven': 29, 'twelve': 26, 'thirteen': 27, 'fourteen': 27, 'fifteen': 26, 'sixteen': 28}",-0.262374000000001
599,"{'one': 30, 'two': 29, 'three': 28, 'four': 28, 'five': 29, 'six': 29, 'seven': 27, 'eight': 28, 'nine': 30, 'ten': 26, 'eleven': 27, 'twelve': 27, 'thirteen': 30, 'fourteen': 28, 'fifteen': 30, 'sixteen': 29}",-0.155401000000004
600,"{'one': 28, 'two': 26, 'three': 26, 'four': 27, 'five': 29, 'six': 29, 'seven': 29, 'eight': 29, 'nine': 27, 'ten': 27, 'eleven': 26, 'twelve': 30, 'thirteen': 29, 'fourteen': 27, 'fifteen': 30, 'sixteen': 30}",-0.208353000000009
601,"{'one': 29, 'two': 30, 'three': 26, 'four': 28, 'five': 26, 'six': 27, 'seven': 29, 'eight': 28, 'nine': 27, 'ten': 30, 'eleven': 30, 'twelve': 26, 'thirteen': 30, 'fourteen': 27, 'fifteen': 29, 'sixteen': 28}",0.102291999999998
602,"{'one': 29, 'two': 27, 'three': 29, 'four': 28, 'five': 28, 'six': 26, 'seven': 27, 'eight': 28, 'nine': 30, 'ten': 26, 'eleven': 26, 'twelve': 29, 'thirteen': 29, 'fourteen': 29, 'fifteen': 29, 'sixteen': 28}",-0.0251700000000099
603,"{'one': 29, 'two': 30, 'three': 30, 'four': 27, 'five': 26, 'six': 26, 'seven': 27, 'eight': 26, 'nine': 28, 'ten': 29, 'eleven': 30, 'twelve': 30, 'thirteen': 29, 'fourteen': 27, 'fifteen': 27, 'sixteen': 28}",0.280114000000004
604,"{'one': 30, 'two': 29, 'three': 27, 'four': 29, 'five': 29, 'six': 26, 'seven': 30, 'eight': 29, 'nine': 28, 'ten': 26, 'eleven': 27, 'twelve': 29, 'thirteen': 29, 'fourteen': 29, 'fifteen': 30, 'sixteen': 27}",-0.0419559999999918
605,"{'one': 28, 'two': 26, 'three': 30, 'four': 28, 'five': 28, 'six': 30, 'seven': 27, 'eight': 28, 'nine': 27, 'ten': 30, 'eleven': 28, 'twelve': 29, 'thirteen': 26, 'fourteen': 27, 'fifteen': 30, 'sixteen': 29}",0.0277079999999969
607,"{'one': 27, 'two': 29, 'three': 28, 'four': 30, 'five': 26, 'six': 29, 'seven': 26, 'eight': 30, 'nine': 27, 'ten': 30, 'eleven': 27, 'twelve': 28, 'thirteen': 29, 'fourteen': 28, 'fifteen': 27, 'sixteen': 28}",0.314960000000006
610,"{'one': 27, 'two': 30, 'three': 29, 'four': 29, 'five': 26, 'six': 27, 'seven': 27, 'eight': 28, 'nine': 26, 'ten': 30, 'eleven': 26, 'twelve': 30, 'thirteen': 30, 'fourteen': 26, 'fifteen': 30, 'sixteen': 30}",-0.0593489999999903
611,"{'one': 26, 'two': 30, 'three': 29, 'four': 27, 'five': 28, 'six': 26, 'seven': 28, 'eight': 29, 'nine': 27, 'ten': 28, 'eleven': 27, 'twelve': 26, 'thirteen': 27, 'fourteen': 26, 'fifteen': 28, 'sixteen': 26}",0.0965960000000123
612,"{'one': 28, 'two': 28, 'three': 29, 'four': 26, 'five': 27, 'six': 28, 'seven': 28, 'eight': 29, 'nine': 27, 'ten': 29, 'eleven': 30, 'twelve': 26, 'thirteen': 27, 'fourteen': 30, 'fifteen': 26, 'sixteen': 27}",0.394828000000011
613,"{'one': 26, 'two': 29, 'three': 27, 'four': 30, 'five': 28, 'six': 26, 'seven': 28, 'eight': 26, 'nine': 28, 'ten': 30, 'eleven': 26, 'twelve': 30, 'thirteen': 29, 'fourteen': 26, 'fifteen': 30, 'sixteen': 27}",0.0470980000000125
614,"{'one': 28, 'two': 28, 'three': 27, 'four': 30, 'five': 27, 'six': 30, 'seven': 26, 'eight': 27, 'nine': 27, 'ten': 27, 'eleven': 26, 'twelve': 30, 'thirteen': 30, 'fourteen': 27, 'fifteen': 26, 'sixteen': 27}",-0.229126
615,"{'one': 28, 'two': 27, 'three': 27, 'four': 26, 'five': 30, 'six': 28, 'seven': 26, 'eight': 26, 'nine': 26, 'ten': 28, 'eleven': 29, 'twelve': 29, 'thirteen': 26, 'fourteen': 30, 'fifteen': 30, 'sixteen': 28}",0.135950999999998
616,"{'one': 29, 'two': 29, 'three': 27, 'four': 26, 'five': 29, 'six': 30, 'seven': 27, 'eight': 29, 'nine': 30, 'ten': 30, 'eleven': 28, 'twelve': 30, 'thirteen': 29, 'fourteen': 27, 'fifteen': 29, 'sixteen': 29}",0.0794369999999986
617,"{'one': 27, 'two': 30, 'three': 28, 'four': 30, 'five': 30, 'six': 29, 'seven': 29, 'eight': 27, 'nine': 30, 'ten': 27, 'eleven': 27, 'twelve': 29, 'thirteen': 28, 'fourteen': 26, 'fifteen': 27, 'sixteen': 27}",-0.285194000000011
619,"{'one': 30, 'two': 26, 'three': 26, 'four': 26, 'five': 30, 'six': 28, 'seven': 28, 'eight': 27, 'nine': 29, 'ten': 28, 'eleven': 30, 'twelve': 29, 'thirteen': 26, 'fourteen': 28, 'fifteen': 30, 'sixteen': 30}",0.0284430000000028
620,"{'one': 26, 'two': 29, 'three': 28, 'four': 28, 'five': 28, 'six': 28, 'seven': 29, 'eight': 29, 'nine': 27, 'ten': 28, 'eleven': 26, 'twelve': 28, 'thirteen': 30, 'fourteen': 29, 'fifteen': 28, 'sixteen': 30}",0.233635999999997
622,"{'one': 27, 'two': 29, 'three': 26, 'four': 28, 'five': 28, 'six': 26, 'seven': 26, 'eight': 26, 'nine': 28, 'ten': 27, 'eleven': 30, 'twelve': 26, 'thirteen': 30, 'fourteen': 29, 'fifteen': 27, 'sixteen': 28}",0.010787999999998
623,"{'one': 26, 'two': 28, 'three': 30, 'four': 27, 'five': 27, 'six': 27, 'seven': 30, 'eight': 29, 'nine': 26, 'ten': 26, 'eleven': 30, 'twelve': 27, 'thirteen': 28, 'fourteen': 28, 'fifteen': 27, 'sixteen': 29}",-0.155003999999998
625,"{'one': 27, 'two': 28, 'three': 29, 'four': 26, 'five': 29, 'six': 26, 'seven': 26, 'eight': 29, 'nine': 30, 'ten': 29, 'eleven': 29, 'twelve': 28, 'thirteen': 28, 'fourteen': 30, 'fifteen': 29, 'sixteen': 30}",0.228056999999999
627,"{'one': 27, 'two': 29, 'three': 28, 'four': 27, 'five': 29, 'six': 28, 'seven': 30, 'eight': 28, 'nine': 29, 'ten': 26, 'eleven': 28, 'twelve': 28, 'thirteen': 26, 'fourteen': 29, 'fifteen': 28, 'sixteen': 27}",-0.0483660000000085
628,"{'one': 27, 'two': 28, 'three': 30, 'four': 30, 'five': 26, 'six': 29, 'seven': 26, 'eight': 28, 'nine': 28, 'ten': 27, 'eleven': 27, 'twelve': 27, 'thirteen': 27, 'fourteen': 30, 'fifteen': 30, 'sixteen': 30}",0.175173999999991
629,"{'one': 28, 'two': 28, 'three': 27, 'four': 27, 'five': 27, 'six': 26, 'seven': 29, 'eight': 27, 'nine': 29, 'ten': 26, 'eleven': 30, 'twelve': 27, 'thirteen': 27, 'fourteen': 28, 'fifteen': 26, 'sixteen': 27}",-0.13033699999999
631,"{'one': 29, 'two': 27, 'three': 30, 'four': 27, 'five': 28, 'six': 26, 'seven': 28, 'eight': 26, 'nine': 29, 'ten': 27, 'eleven': 28, 'twelve': 30, 'thirteen': 27, 'fourteen': 29, 'fifteen': 28, 'sixteen': 28}",0.209880000000005
632,"{'one': 26, 'two': 30, 'three': 27, 'four': 27, 'five': 30, 'six': 29, 'seven': 30, 'eight': 30, 'nine': 26, 'ten': 28, 'eleven': 27, 'twelve': 28, 'thirteen': 29, 'fourteen': 27, 'fifteen': 26, 'sixteen': 30}",-0.0099020000000038
633,"{'one': 28, 'two': 30, 'three': 29, 'four': 28, 'five': 26, 'six': 27, 'seven': 29, 'eight': 30, 'nine': 26, 'ten': 28, 'eleven': 27, 'twelve': 26, 'thirteen': 26, 'fourteen': 30, 'fifteen': 30, 'sixteen': 26}",0.239486999999989
634,"{'one': 27, 'two': 26, 'three': 30, 'four': 28, 'five': 27, 'six': 26, 'seven': 30, 'eight': 30, 'nine': 29, 'ten': 29, 'eleven': 27, 'twelve': 26, 'thirteen': 28, 'fourteen': 28, 'fifteen': 28, 'sixteen': 27}",0.388139000000002
635,"{'one': 27, 'two': 28, 'three': 29, 'four': 29, 'five': 30, 'six': 30, 'seven': 28, 'eight': 30, 'nine': 26, 'ten': 27, 'eleven': 28, 'twelve': 27, 'thirteen': 28, 'fourteen': 28, 'fifteen': 28, 'sixteen': 26}",0.124161000000007
636,"{'one': 28, 'two': 30, 'three': 30, 'four': 30, 'five': 28, 'six': 28, 'seven': 30, 'eight': 26, 'nine': 30, 'ten': 28, 'eleven': 28, 'twelve': 28, 'thirteen': 26, 'fourteen': 27, 'fifteen': 27, 'sixteen': 29}",-0.0618899999999982
637,"{'one': 30, 'two': 29, 'three': 29, 'four': 29, 'five': 28, 'six': 29, 'seven': 28, 'eight': 30, 'nine': 28, 'ten': 27, 'eleven': 29, 'twelve': 30, 'thirteen': 30, 'fourteen': 29, 'fifteen': 26, 'sixteen': 29}",0.0674419999999926
639,"{'one': 30, 'two': 28, 'three': 30, 'four': 26, 'five': 29, 'six': 29, 'seven': 28, 'eight': 30, 'nine': 29, 'ten': 29, 'eleven': 29, 'twelve': 30, 'thirteen': 29, 'fourteen': 29, 'fifteen': 28, 'sixteen': 27}",0.350903000000002
640,"{'one': 29, 'two': 26, 'three': 26, 'four': 29, 'five': 30, 'six': 27, 'seven': 26, 'eight': 27, 'nine': 30, 'ten': 30, 'eleven': 30, 'twelve': 27, 'thirteen': 27, 'fourteen': 28, 'fifteen': 28, 'sixteen': 29}",0.118287999999999
641,"{'one': 28, 'two': 29, 'three': 27, 'four': 29, 'five': 29, 'six': 27, 'seven': 29, 'eight': 29, 'nine': 27, 'ten': 26, 'eleven': 30, 'twelve': 29, 'thirteen': 30, 'fourteen': 28, 'fifteen': 28, 'sixteen': 26}",-0.235539000000009
642,"{'one': 29, 'two': 30, 'three': 27, 'four': 27, 'five': 30, 'six': 29, 'seven': 27, 'eight': 30, 'nine': 26, 'ten': 29, 'eleven': 28, 'twelve': 30, 'thirteen': 30, 'fourteen': 28, 'fifteen': 29, 'sixteen': 26}",0.280149999999999
643,"{'one': 30, 'two': 28, 'three': 30, 'four': 29, 'five': 30, 'six': 26, 'seven': 27, 'eight': 30, 'nine': 28, 'ten': 29, 'eleven': 28, 'twelve': 30, 'thirteen': 26, 'fourteen': 27, 'fifteen': 30, 'sixteen': 29}",0.150667000000005
644,"{'one': 26, 'two': 27, 'three': 26, 'four': 29, 'five': 26, 'six': 29, 'seven': 26, 'eight': 26, 'nine': 30, 'ten': 28, 'eleven': 27, 'twelve': 27, 'thirteen': 27, 'fourteen': 30, 'fifteen': 29, 'sixteen': 29}",0.240863000000011
646,"{'one': 29, 'two': 26, 'three': 29, 'four': 29, 'five': 26, 'six': 29, 'seven': 26, 'eight': 30, 'nine': 27, 'ten': 28, 'eleven': 29, 'twelve': 30, 'thirteen': 30, 'fourteen': 28, 'fifteen': 29, 'sixteen': 26}",0.126667000000004
647,"{'one': 28, 'two': 28, 'three': 27, 'four': 26, 'five': 30, 'six': 28, 'seven': 28, 'eight': 30, 'nine': 26, 'ten': 29, 'eleven': 30, 'twelve': 30, 'thirteen': 28, 'fourteen': 28, 'fifteen': 27, 'sixteen': 28}",0.161611999999998
649,"{'one': 28, 'two': 28, 'three': 26, 'four': 27, 'five': 28, 'six': 29, 'seven': 27, 'eight': 27, 'nine': 29, 'ten': 26, 'eleven': 26, 'twelve': 27, 'thirteen': 26, 'fourteen': 28, 'fifteen': 26, 'sixteen': 26}",-0.032480999999997
650,"{'one': 28, 'two': 27, 'three': 27, 'four': 29, 'five': 27, 'six': 26, 'seven': 30, 'eight': 27, 'nine': 27, 'ten': 28, 'eleven': 27, 'twelve': 30, 'thirteen': 26, 'fourteen': 27, 'fifteen': 28, 'sixteen': 28}",0.0882259999999988
651,"{'one': 27, 'two': 26, 'three': 30, 'four': 29, 'five': 26, 'six': 29, 'seven': 29, 'eight': 29, 'nine': 29, 'ten': 29, 'eleven': 29, 'twelve': 26, 'thirteen': 28, 'fourteen': 28, 'fifteen': 30, 'sixteen': 29}",0.261924999999997
652,"{'one': 29, 'two': 26, 'three': 26, 'four': 27, 'five': 26, 'six': 30, 'seven': 28, 'eight': 29, 'nine': 29, 'ten': 29, 'eleven': 30, 'twelve': 28, 'thirteen': 26, 'fourteen': 27, 'fifteen': 30, 'sixteen': 30}",0.0301030000000039
653,"{'one': 27, 'two': 29, 'three': 28, 'four': 27, 'five': 26, 'six': 27, 'seven': 26, 'eight': 26, 'nine': 30, 'ten': 26, 'eleven': 27, 'twelve': 27, 'thirteen': 29, 'fourteen': 30, 'fifteen': 30, 'sixteen': 30}",-0.0446049999999971
654,"{'one': 26, 'two': 28, 'three': 26, 'four': 26, 'five': 27, 'six': 27, 'seven': 26, 'eight': 29, 'nine': 26, 'ten': 27, 'eleven': 28, 'twelve': 27, 'thirteen': 28, 'fourteen': 26, 'fifteen': 27, 'sixteen': 30}",-0.264034000000002
655,"{'one': 29, 'two': 28, 'three': 30, 'four': 28, 'five': 27, 'six': 30, 'seven': 29, 'eight': 28, 'nine': 26, 'ten': 26, 'eleven': 28, 'twelve': 28, 'thirteen': 29, 'fourteen': 29, 'fifteen': 26, 'sixteen': 26}",0.0466060000000041
656,"{'one': 30, 'two': 30, 'three': 26, 'four': 26, 'five': 30, 'six': 28, 'seven': 28, 'eight': 29, 'nine': 30, 'ten': 30, 'eleven': 27, 'twelve': 27, 'thirteen': 29, 'fourteen': 28, 'fifteen': 27, 'sixteen': 26}",0.210040999999996
657,"{'one': 29, 'two': 26, 'three': 28, 'four': 30, 'five': 30, 'six': 27, 'seven': 30, 'eight': 26, 'nine': 28, 'ten': 30, 'eleven': 30, 'twelve': 26, 'thirteen': 28, 'fourteen': 27, 'fifteen': 27, 'sixteen': 29}",0.11328799999999
659,"{'one': 26, 'two': 26, 'three': 30, 'four': 28, 'five': 28, 'six': 28, 'seven': 28, 'eight': 29, 'nine': 30, 'ten': 26, 'eleven': 30, 'twelve': 30, 'thirteen': 28, 'fourteen': 27, 'fifteen': 27, 'sixteen': 27}",-0.328796000000004
660,"{'one': 27, 'two': 26, 'three': 30, 'four': 28, 'five': 30, 'six': 27, 'seven': 29, 'eight': 27, 'nine': 29, 'ten': 26, 'eleven': 27, 'twelve': 29, 'thirteen': 29, 'fourteen': 30, 'fifteen': 26, 'sixteen': 28}",0.060459999999999
661,"{'one': 27, 'two': 28, 'three': 28, 'four': 30, 'five': 28, 'six': 26, 'seven': 26, 'eight': 28, 'nine': 30, 'ten': 28, 'eleven': 29, 'twelve': 29, 'thirteen': 29, 'fourteen': 28, 'fifteen': 30, 'sixteen': 28}",0.0052110000000098
663,"{'one': 27, 'two': 27, 'three': 26, 'four': 29, 'five': 30, 'six': 27, 'seven': 29, 'eight': 30, 'nine': 29, 'ten': 27, 'eleven': 29, 'twelve': 28, 'thirteen': 29, 'fourteen': 27, 'fifteen': 26, 'sixteen': 26}",-0.0788620000000079
664,"{'one': 28, 'two': 27, 'three': 29, 'four': 26, 'five': 27, 'six': 26, 'seven': 27, 'eight': 29, 'nine': 29, 'ten': 26, 'eleven': 28, 'twelve': 30, 'thirteen': 30, 'fourteen': 29, 'fifteen': 30, 'sixteen': 28}",-0.0729629999999943
665,"{'one': 27, 'two': 27, 'three': 30, 'four': 29, 'five': 27, 'six': 30, 'seven': 26, 'eight': 27, 'nine': 27, 'ten': 30, 'eleven': 26, 'twelve': 29, 'thirteen': 30, 'fourteen': 26, 'fifteen': 29, 'sixteen': 30}",-0.0233940000000032
666,"{'one': 29, 'two': 28, 'three': 27, 'four': 27, 'five': 29, 'six': 29, 'seven': 27, 'eight': 29, 'nine': 26, 'ten': 29, 'eleven': 30, 'twelve': 27, 'thirteen': 28, 'fourteen': 28, 'fifteen': 28, 'sixteen': 29}",0.212026999999999
668,"{'one': 27, 'two': 26, 'three': 29, 'four': 30, 'five': 30, 'six': 26, 'seven': 30, 'eight': 27, 'nine': 26, 'ten': 29, 'eleven': 29, 'twelve': 29, 'thirteen': 30, 'fourteen': 26, 'fifteen': 26, 'sixteen': 30}",0.0098139999999986
669,"{'one': 28, 'two': 28, 'three': 26, 'four': 26, 'five': 30, 'six': 29, 'seven': 26, 'eight': 26, 'nine': 30, 'ten': 28, 'eleven': 29, 'twelve': 26, 'thirteen': 30, 'fourteen': 30, 'fifteen': 30, 'sixteen': 26}",0.0506659999999996
670,"{'one': 30, 'two': 27, 'three': 26, 'four': 29, 'five': 30, 'six': 28, 'seven': 26, 'eight': 30, 'nine': 27, 'ten': 29, 'eleven': 28, 'twelve': 29, 'thirteen': 28, 'fourteen': 26, 'fifteen': 26, 'sixteen': 29}",0.0815089999999898
671,"{'one': 26, 'two': 29, 'three': 26, 'four': 29, 'five': 30, 'six': 27, 'seven': 29, 'eight': 29, 'nine': 27, 'ten': 26, 'eleven': 29, 'twelve': 29, 'thirteen': 28, 'fourteen': 29, 'fifteen': 30, 'sixteen': 30}",-0.0050949999999971
672,"{'one': 29, 'two': 26, 'three': 29, 'four': 29, 'five': 30, 'six': 27, 'seven': 29, 'eight': 27, 'nine': 26, 'ten': 29, 'eleven': 26, 'twelve': 28, 'thirteen': 30, 'fourteen': 30, 'fifteen': 26, 'sixteen': 29}",0.487426999999989
674,"{'one': 27, 'two': 30, 'three': 30, 'four': 30, 'five': 27, 'six': 30, 'seven': 27, 'eight': 28, 'nine': 27, 'ten': 26, 'eleven': 27, 'twelve': 28, 'thirteen': 30, 'fourteen': 27, 'fifteen': 30, 'sixteen': 27}",-0.367612000000001
677,"{'one': 27, 'two': 28, 'three': 26, 'four': 29, 'five': 26, 'six': 30, 'seven': 28, 'eight': 27, 'nine': 27, 'ten': 26, 'eleven': 30, 'twelve': 29, 'thirteen': 30, 'fourteen': 29, 'fifteen': 28, 'sixteen': 28}",0.0710199999999972
678,"{'one': 28, 'two': 26, 'three': 27, 'four': 30, 'five': 27, 'six': 29, 'seven': 30, 'eight': 30, 'nine': 27, 'ten': 28, 'eleven': 27, 'twelve': 29, 'thirteen': 27, 'fourteen': 30, 'fifteen': 27, 'sixteen': 29}",0.425542999999997
680,"{'one': 28, 'two': 27, 'three': 27, 'four': 30, 'five': 26, 'six': 26, 'seven': 28, 'eight': 27, 'nine': 27, 'ten': 27, 'eleven': 29, 'twelve': 27, 'thirteen': 30, 'fourteen': 27, 'fifteen': 27, 'sixteen': 29}",-0.026444000000005
681,"{'one': 29, 'two': 30, 'three': 27, 'four': 28, 'five': 28, 'six': 26, 'seven': 28, 'eight': 29, 'nine': 26, 'ten': 26, 'eleven': 26, 'twelve': 26, 'thirteen': 28, 'fourteen': 26, 'fifteen': 28, 'sixteen': 27}",-0.371689999999993
683,"{'one': 30, 'two': 28, 'three': 27, 'four': 27, 'five': 29, 'six': 29, 'seven': 30, 'eight': 27, 'nine': 30, 'ten': 29, 'eleven': 30, 'twelve': 26, 'thirteen': 29, 'fourteen': 27, 'fifteen': 26, 'sixteen': 27}",-0.0162340000000043
684,"{'one': 30, 'two': 27, 'three': 26, 'four': 30, 'five': 27, 'six': 29, 'seven': 28, 'eight': 30, 'nine': 27, 'ten': 27, 'eleven': 27, 'twelve': 26, 'thirteen': 30, 'fourteen': 28, 'fifteen': 26, 'sixteen': 26}",0.0517989999999954
685,"{'one': 26, 'two': 30, 'three': 30, 'four': 28, 'five': 27, 'six': 29, 'seven': 29, 'eight': 27, 'nine': 27, 'ten': 28, 'eleven': 27, 'twelve': 30, 'thirteen': 29, 'fourteen': 27, 'fifteen': 30, 'sixteen': 26}",-0.01880400000001
686,"{'one': 29, 'two': 29, 'three': 29, 'four': 26, 'five': 30, 'six': 27, 'seven': 29, 'eight': 30, 'nine': 28, 'ten': 27, 'eleven': 29, 'twelve': 30, 'thirteen': 27, 'fourteen': 28, 'fifteen': 28, 'sixteen': 27}",-0.0334769999999977
687,"{'one': 29, 'two': 27, 'three': 29, 'four': 27, 'five': 26, 'six': 30, 'seven': 26, 'eight': 30, 'nine': 30, 'ten': 26, 'eleven': 30, 'twelve': 26, 'thirteen': 27, 'fourteen': 29, 'fifteen': 28, 'sixteen': 26}",0.0632550000000051
690,"{'one': 30, 'two': 27, 'three': 29, 'four': 29, 'five': 30, 'six': 27, 'seven': 26, 'eight': 27, 'nine': 28, 'ten': 28, 'eleven': 26, 'twelve': 30, 'thirteen': 26, 'fourteen': 30, 'fifteen': 26, 'sixteen': 29}",0.219091999999996
693,"{'one': 27, 'two': 26, 'three': 27, 'four': 29, 'five': 27, 'six': 26, 'seven': 27, 'eight': 28, 'nine': 29, 'ten': 29, 'eleven': 28, 'twelve': 30, 'thirteen': 29, 'fourteen': 26, 'fifteen': 28, 'sixteen': 28}",0.0356949999999969
694,"{'one': 27, 'two': 28, 'three': 27, 'four': 26, 'five': 27, 'six': 26, 'seven': 26, 'eight': 27, 'nine': 26, 'ten': 26, 'eleven': 28, 'twelve': 30, 'thirteen': 29, 'fourteen': 27, 'fifteen': 27, 'sixteen': 29}",-0.181238
696,"{'one': 28, 'two': 29, 'three': 28, 'four': 27, 'five': 26, 'six': 29, 'seven': 27, 'eight': 30, 'nine': 27, 'ten': 29, 'eleven': 28, 'twelve': 28, 'thirteen': 28, 'fourteen': 26, 'fifteen': 26, 'sixteen': 29}",0.137797999999996
697,"{'one': 30, 'two': 28, 'three': 29, 'four': 27, 'five': 27, 'six': 30, 'seven': 30, 'eight': 30, 'nine': 27, 'ten': 27, 'eleven': 29, 'twelve': 30, 'thirteen': 29, 'fourteen': 30, 'fifteen': 27, 'sixteen': 26}",0.0743350000000049
699,"{'one': 29, 'two': 29, 'three': 30, 'four': 26, 'five': 29, 'six': 30, 'seven': 27, 'eight': 26, 'nine': 27, 'ten': 27, 'eleven': 26, 'twelve': 26, 'thirteen': 30, 'fourteen': 28, 'fifteen': 30, 'sixteen': 26}",-0.0139360000000081
700,"{'one': 28, 'two': 26, 'three': 27, 'four': 28, 'five': 28, 'six': 30, 'seven': 27, 'eight': 30, 'nine': 26, 'ten': 29, 'eleven': 27, 'twelve': 27, 'thirteen': 30, 'fourteen': 30, 'fifteen': 30, 'sixteen': 29}",0.239162999999997
702,"{'one': 28, 'two': 28, 'three': 28, 'four': 30, 'five': 27, 'six': 26, 'seven': 26, 'eight': 30, 'nine': 28, 'ten': 26, 'eleven': 27, 'twelve': 28, 'thirteen': 30, 'fourteen': 26, 'fifteen': 26, 'sixteen': 29}",-0.396454999999996
703,"{'one': 27, 'two': 29, 'three': 27, 'four': 30, 'five': 27, 'six': 30, 'seven': 27, 'eight': 29, 'nine': 27, 'ten': 29, 'eleven': 30, 'twelve': 30, 'thirteen': 28, 'fourteen': 27, 'fifteen': 26, 'sixteen': 27}",0.127687000000001
704,"{'one': 28, 'two': 30, 'three': 28, 'four': 27, 'five': 29, 'six': 28, 'seven': 29, 'eight': 27, 'nine': 27, 'ten': 26, 'eleven': 27, 'twelve': 27, 'thirteen': 26, 'fourteen': 26, 'fifteen': 27, 'sixteen': 29}",-0.398536999999997
705,"{'one': 28, 'two': 30, 'three': 28, 'four': 27, 'five': 28, 'six': 28, 'seven': 29, 'eight': 30, 'nine': 30, 'ten': 30, 'eleven': 29, 'twelve': 27, 'thirteen': 29, 'fourteen': 29, 'fifteen': 28, 'sixteen': 28}",0.313470999999999
706,"{'one': 26, 'two': 30, 'three': 27, 'four': 27, 'five': 29, 'six': 29, 'seven': 26, 'eight': 29, 'nine': 29, 'ten': 28, 'eleven': 26, 'twelve': 28, 'thirteen': 30, 'fourteen': 27, 'fifteen': 29, 'sixteen': 30}",-0.0183800000000005
707,"{'one': 30, 'two': 28, 'three': 30, 'four': 30, 'five': 27, 'six': 26, 'seven': 26, 'eight': 29, 'nine': 28, 'ten': 26, 'eleven': 28, 'twelve': 29, 'thirteen': 27, 'fourteen': 29, 'fifteen': 26, 'sixteen': 30}",0.022430000000007
708,"{'one': 26, 'two': 28, 'three': 26, 'four': 30, 'five': 29, 'six': 26, 'seven': 26, 'eight': 29, 'nine': 26, 'ten': 27, 'eleven': 28, 'twelve': 27, 'thirteen': 30, 'fourteen': 27, 'fifteen': 30, 'sixteen': 30}",-0.184941999999999
711,"{'one': 27, 'two': 28, 'three': 30, 'four': 28, 'five': 29, 'six': 29, 'seven': 26, 'eight': 30, 'nine': 26, 'ten': 30, 'eleven': 30, 'twelve': 26, 'thirteen': 28, 'fourteen': 27, 'fifteen': 28, 'sixteen': 27}",0.0609190000000055
714,"{'one': 30, 'two': 26, 'three': 28, 'four': 26, 'five': 29, 'six': 30, 'seven': 26, 'eight': 29, 'nine': 26, 'ten': 29, 'eleven': 29, 'twelve': 30, 'thirteen': 30, 'fourteen': 27, 'fifteen': 26, 'sixteen': 28}",0.0485009999999945
715,"{'one': 30, 'two': 27, 'three': 28, 'four': 30, 'five': 29, 'six': 27, 'seven': 30, 'eight': 27, 'nine': 26, 'ten': 27, 'eleven': 30, 'twelve': 30, 'thirteen': 27, 'fourteen': 26, 'fifteen': 26, 'sixteen': 28}",-0.242004000000001
717,"{'one': 26, 'two': 27, 'three': 30, 'four': 27, 'five': 29, 'six': 26, 'seven': 30, 'eight': 30, 'nine': 28, 'ten': 26, 'eleven': 26, 'twelve': 26, 'thirteen': 29, 'fourteen': 30, 'fifteen': 27, 'sixteen': 26}",0.0511070000000088
718,"{'one': 26, 'two': 29, 'three': 29, 'four': 30, 'five': 29, 'six': 28, 'seven': 27, 'eight': 29, 'nine': 28, 'ten': 27, 'eleven': 29, 'twelve': 29, 'thirteen': 27, 'fourteen': 26, 'fifteen': 26, 'sixteen': 28}",-0.327137
722,"{'one': 30, 'two': 30, 'three': 26, 'four': 29, 'five': 28, 'six': 28, 'seven': 30, 'eight': 29, 'nine': 27, 'ten': 28, 'eleven': 27, 'twelve': 28, 'thirteen': 29, 'fourteen': 29, 'fifteen': 29, 'sixteen': 27}",0.370938000000002
723,"{'one': 27, 'two': 27, 'three': 28, 'four': 28, 'five': 29, 'six': 29, 'seven': 30, 'eight': 26, 'nine': 28, 'ten': 27, 'eleven': 27, 'twelve': 26, 'thirteen': 29, 'fourteen': 28, 'fifteen': 30, 'sixteen': 27}",-0.0292139999999889
724,"{'one': 30, 'two': 30, 'three': 30, 'four': 27, 'five': 30, 'six': 30, 'seven': 27, 'eight': 28, 'nine': 30, 'ten': 29, 'eleven': 29, 'twelve': 28, 'thirteen': 29, 'fourteen': 28, 'fifteen': 30, 'sixteen': 30}",0.232923999999997
726,"{'one': 28, 'two': 28, 'three': 29, 'four': 29, 'five': 26, 'six': 30, 'seven': 28, 'eight': 26, 'nine': 28, 'ten': 27, 'eleven': 27, 'twelve': 28, 'thirteen': 29, 'fourteen': 30, 'fifteen': 30, 'sixteen': 26}",0.0851439999999925
727,"{'one': 28, 'two': 28, 'three': 29, 'four': 27, 'five': 28, 'six': 28, 'seven': 29, 'eight': 30, 'nine': 30, 'ten': 27, 'eleven': 26, 'twelve': 30, 'thirteen': 28, 'fourteen': 30, 'fifteen': 26, 'sixteen': 28}",0.0496559999999917
728,"{'one': 27, 'two': 28, 'three': 30, 'four': 26, 'five': 28, 'six': 28, 'seven': 26, 'eight': 27, 'nine': 30, 'ten': 26, 'eleven': 30, 'twelve': 27, 'thirteen': 28, 'fourteen': 27, 'fifteen': 27, 'sixteen': 30}",-0.473671000000003
729,"{'one': 27, 'two': 26, 'three': 27, 'four': 26, 'five': 27, 'six': 27, 'seven': 26, 'eight': 29, 'nine': 26, 'ten': 28, 'eleven': 27, 'twelve': 30, 'thirteen': 26, 'fourteen': 28, 'fifteen': 26, 'sixteen': 27}",0.209291
730,"{'one': 26, 'two': 29, 'three': 28, 'four': 28, 'five': 30, 'six': 27, 'seven': 27, 'eight': 26, 'nine': 28, 'ten': 26, 'eleven': 26, 'twelve': 29, 'thirteen': 27, 'fourteen': 26, 'fifteen': 29, 'sixteen': 26}",-0.393136000000005
731,"{'one': 30, 'two': 27, 'three': 26, 'four': 27, 'five': 28, 'six': 26, 'seven': 27, 'eight': 26, 'nine': 29, 'ten': 28, 'eleven': 26, 'twelve': 30, 'thirteen': 30, 'fourteen': 26, 'fifteen': 30, 'sixteen': 30}",-0.147255000000008
733,"{'one': 29, 'two': 26, 'three': 26, 'four': 26, 'five': 26, 'six': 26, 'seven': 27, 'eight': 27, 'nine': 28, 'ten': 28, 'eleven': 27, 'twelve': 28, 'thirteen': 27, 'fourteen': 30, 'fifteen': 29, 'sixteen': 29}",0.289465999999997
734,"{'one': 28, 'two': 26, 'three': 28, 'four': 30, 'five': 27, 'six': 29, 'seven': 29, 'eight': 26, 'nine': 27, 'ten': 29, 'eleven': 28, 'twelve': 28, 'thirteen': 28, 'fourteen': 28, 'fifteen': 26, 'sixteen': 26}",0.353791999999991
735,"{'one': 30, 'two': 29, 'three': 29, 'four': 28, 'five': 29, 'six': 26, 'seven': 30, 'eight': 30, 'nine': 30, 'ten': 28, 'eleven': 27, 'twelve': 26, 'thirteen': 28, 'fourteen': 27, 'fifteen': 26, 'sixteen': 29}",0.0840190000000049
736,"{'one': 27, 'two': 27, 'three': 26, 'four': 30, 'five': 30, 'six': 30, 'seven': 27, 'eight': 27, 'nine': 27, 'ten': 26, 'eleven': 28, 'twelve': 28, 'thirteen': 29, 'fourteen': 29, 'fifteen': 29, 'sixteen': 27}",0.138733000000009
738,"{'one': 29, 'two': 30, 'three': 28, 'four': 27, 'five': 30, 'six': 30, 'seven': 28, 'eight': 26, 'nine': 28, 'ten': 29, 'eleven': 27, 'twelve': 30, 'thirteen': 28, 'fourteen': 27, 'fifteen': 30, 'sixteen': 30}",0.121892000000002
739,"{'one': 28, 'two': 28, 'three': 30, 'four': 27, 'five': 26, 'six': 29, 'seven': 29, 'eight': 27, 'nine': 29, 'ten': 28, 'eleven': 28, 'twelve': 26, 'thirteen': 26, 'fourteen': 30, 'fifteen': 28, 'sixteen': 28}",0.140721000000006
740,"{'one': 30, 'two': 29, 'three': 26, 'four': 29, 'five': 26, 'six': 30, 'seven': 30, 'eight': 27, 'nine': 30, 'ten': 26, 'eleven': 29, 'twelve': 30, 'thirteen': 27, 'fourteen': 27, 'fifteen': 30, 'sixteen': 29}",-0.39929099999999
741,"{'one': 27, 'two': 26, 'three': 28, 'four': 28, 'five': 27, 'six': 28, 'seven': 26, 'eight': 30, 'nine': 28, 'ten': 30, 'eleven': 26, 'twelve': 30, 'thirteen': 30, 'fourteen': 26, 'fifteen': 29, 'sixteen': 27}",-0.0613509999999948
742,"{'one': 30, 'two': 28, 'three': 27, 'four': 30, 'five': 29, 'six': 29, 'seven': 30, 'eight': 30, 'nine': 27, 'ten': 26, 'eleven': 26, 'twelve': 28, 'thirteen': 30, 'fourteen': 30, 'fifteen': 29, 'sixteen': 26}",-0.0008420000000057
744,"{'one': 26, 'two': 28, 'three': 28, 'four': 26, 'five': 27, 'six': 27, 'seven': 29, 'eight': 28, 'nine': 30, 'ten': 26, 'eleven': 27, 'twelve': 27, 'thirteen': 30, 'fourteen': 27, 'fifteen': 30, 'sixteen': 29}",-0.404641000000005
745,"{'one': 30, 'two': 30, 'three': 28, 'four': 28, 'five': 27, 'six': 30, 'seven': 26, 'eight': 28, 'nine': 26, 'ten': 30, 'eleven': 26, 'twelve': 26, 'thirteen': 28, 'fourteen': 26, 'fifteen': 26, 'sixteen': 28}",0.115491000000012
747,"{'one': 30, 'two': 28, 'three': 29, 'four': 26, 'five': 27, 'six': 27, 'seven': 26, 'eight': 28, 'nine': 30, 'ten': 30, 'eleven': 29, 'twelve': 27, 'thirteen': 26, 'fourteen': 27, 'fifteen': 27, 'sixteen': 30}",0.141138000000005
749,"{'one': 29, 'two': 30, 'three': 30, 'four': 26, 'five': 27, 'six': 27, 'seven': 27, 'eight': 28, 'nine': 29, 'ten': 30, 'eleven': 30, 'twelve': 28, 'thirteen': 28, 'fourteen': 26, 'fifteen': 26, 'sixteen': 30}",0.0817900000000051
750,"{'one': 26, 'two': 28, 'three': 29, 'four': 29, 'five': 27, 'six': 30, 'seven': 27, 'eight': 26, 'nine': 27, 'ten': 26, 'eleven': 28, 'twelve': 28, 'thirteen': 30, 'fourteen': 28, 'fifteen': 30, 'sixteen': 29}",-0.125259000000006
751,"{'one': 27, 'two': 27, 'three': 27, 'four': 26, 'five': 26, 'six': 29, 'seven': 26, 'eight': 28, 'nine': 27, 'ten': 26, 'eleven': 28, 'twelve': 26, 'thirteen': 26, 'fourteen': 27, 'fifteen': 26, 'sixteen': 29}",-0.22146
752,"{'one': 30, 'two': 29, 'three': 30, 'four': 30, 'five': 28, 'six': 30, 'seven': 30, 'eight': 29, 'nine': 26, 'ten': 28, 'eleven': 29, 'twelve': 26, 'thirteen': 30, 'fourteen': 28, 'fifteen': 27, 'sixteen': 27}",0.0759029999999967
753,"{'one': 29, 'two': 27, 'three': 29, 'four': 28, 'five': 30, 'six': 28, 'seven': 27, 'eight': 27, 'nine': 30, 'ten': 27, 'eleven': 28, 'twelve': 30, 'thirteen': 26, 'fourteen': 30, 'fifteen': 30, 'sixteen': 26}",0.0302870000000083
754,"{'one': 26, 'two': 27, 'three': 27, 'four': 27, 'five': 29, 'six': 29, 'seven': 26, 'eight': 27, 'nine': 28, 'ten': 30, 'eleven': 30, 'twelve': 27, 'thirteen': 26, 'fourteen': 28, 'fifteen': 26, 'sixteen': 28}",0.190643999999998
755,"{'one': 30, 'two': 30, 'three': 27, 'four': 26, 'five': 27, 'six': 26, 'seven': 26, 'eight': 29, 'nine': 29, 'ten': 27, 'eleven': 27, 'twelve': 26, 'thirteen': 26, 'fourteen': 27, 'fifteen': 26, 'sixteen': 30}",-0.0909519999999943
756,"{'one': 30, 'two': 27, 'three': 27, 'four': 30, 'five': 28, 'six': 26, 'seven': 28, 'eight': 30, 'nine': 27, 'ten': 28, 'eleven': 28, 'twelve': 28, 'thirteen': 29, 'fourteen': 27, 'fifteen': 30, 'sixteen': 26}",0.0788259999999994
757,"{'one': 28, 'two': 26, 'three': 29, 'four': 27, 'five': 29, 'six': 26, 'seven': 30, 'eight': 29, 'nine': 30, 'ten': 27, 'eleven': 27, 'twelve': 26, 'thirteen': 27, 'fourteen': 28, 'fifteen': 30, 'sixteen': 29}",0.0749070000000031
758,"{'one': 29, 'two': 30, 'three': 29, 'four': 29, 'five': 28, 'six': 29, 'seven': 27, 'eight': 26, 'nine': 29, 'ten': 27, 'eleven': 28, 'twelve': 30, 'thirteen': 30, 'fourteen': 29, 'fifteen': 27, 'sixteen': 26}",0.118516000000006
759,"{'one': 29, 'two': 29, 'three': 26, 'four': 30, 'five': 28, 'six': 27, 'seven': 30, 'eight': 27, 'nine': 27, 'ten': 29, 'eleven': 26, 'twelve': 30, 'thirteen': 26, 'fourteen': 26, 'fifteen': 29, 'sixteen': 26}",0.0673470000000051
760,"{'one': 26, 'two': 28, 'three': 27, 'four': 27, 'five': 26, 'six': 28, 'seven': 27, 'eight': 26, 'nine': 29, 'ten': 27, 'eleven': 29, 'twelve': 27, 'thirteen': 27, 'fourteen': 26, 'fifteen': 30, 'sixteen': 27}",-0.400724000000003
761,"{'one': 30, 'two': 28, 'three': 27, 'four': 28, 'five': 28, 'six': 29, 'seven': 26, 'eight': 26, 'nine': 26, 'ten': 29, 'eleven': 26, 'twelve': 26, 'thirteen': 26, 'fourteen': 27, 'fifteen': 26, 'sixteen': 26}",0.201331000000003
762,"{'one': 26, 'two': 28, 'three': 27, 'four': 30, 'five': 28, 'six': 27, 'seven': 30, 'eight': 26, 'nine': 28, 'ten': 26, 'eleven': 28, 'twelve': 27, 'thirteen': 27, 'fourteen': 26, 'fifteen': 28, 'sixteen': 29}",-0.336767999999999
763,"{'one': 30, 'two': 30, 'three': 26, 'four': 28, 'five': 30, 'six': 28, 'seven': 27, 'eight': 27, 'nine': 30, 'ten': 30, 'eleven': 29, 'twelve': 30, 'thirteen': 30, 'fourteen': 26, 'fifteen': 27, 'sixteen': 27}",0.0070519999999945
764,"{'one': 27, 'two': 27, 'three': 27, 'four': 26, 'five': 28, 'six': 28, 'seven': 29, 'eight': 30, 'nine': 26, 'ten': 30, 'eleven': 26, 'twelve': 27, 'thirteen': 30, 'fourteen': 27, 'fifteen': 30, 'sixteen': 28}",0.0775460000000052
765,"{'one': 27, 'two': 27, 'three': 27, 'four': 30, 'five': 28, 'six': 27, 'seven': 27, 'eight': 30, 'nine': 26, 'ten': 27, 'eleven': 29, 'twelve': 29, 'thirteen': 26, 'fourteen': 29, 'fifteen': 26, 'sixteen': 26}",0.144787
766,"{'one': 27, 'two': 26, 'three': 28, 'four': 30, 'five': 28, 'six': 29, 'seven': 30, 'eight': 30, 'nine': 30, 'ten': 30, 'eleven': 29, 'twelve': 28, 'thirteen': 27, 'fourteen': 27, 'fifteen': 26, 'sixteen': 29}",0.0161269999999902
767,"{'one': 27, 'two': 27, 'three': 29, 'four': 28, 'five': 30, 'six': 26, 'seven': 27, 'eight': 26, 'nine': 29, 'ten': 26, 'eleven': 26, 'twelve': 29, 'thirteen': 29, 'fourteen': 27, 'fifteen': 29, 'sixteen': 30}",-0.163824999999995
768,"{'one': 27, 'two': 30, 'three': 29, 'four': 27, 'five': 27, 'six': 26, 'seven': 30, 'eight': 28, 'nine': 30, 'ten': 28, 'eleven': 28, 'twelve': 30, 'thirteen': 26, 'fourteen': 27, 'fifteen': 27, 'sixteen': 26}",0.161825999999997
769,"{'one': 29, 'two': 28, 'three': 27, 'four': 27, 'five': 27, 'six': 27, 'seven': 26, 'eight': 30, 'nine': 26, 'ten': 26, 'eleven': 26, 'twelve': 30, 'thirteen': 30, 'fourteen': 29, 'fifteen': 30, 'sixteen': 27}",-0.113259999999989
770,"{'one': 29, 'two': 26, 'three': 26, 'four': 28, 'five': 27, 'six': 30, 'seven': 28, 'eight': 29, 'nine': 28, 'ten': 29, 'eleven': 29, 'twelve': 29, 'thirteen': 27, 'fourteen': 26, 'fifteen': 27, 'sixteen': 27}",-0.0151479999999892
772,"{'one': 29, 'two': 29, 'three': 26, 'four': 27, 'five': 30, 'six': 30, 'seven': 28, 'eight': 26, 'nine': 30, 'ten': 30, 'eleven': 26, 'twelve': 29, 'thirteen': 27, 'fourteen': 29, 'fifteen': 27, 'sixteen': 27}",0.522838999999997
773,"{'one': 29, 'two': 26, 'three': 29, 'four': 29, 'five': 26, 'six': 28, 'seven': 29, 'eight': 29, 'nine': 27, 'ten': 29, 'eleven': 28, 'twelve': 27, 'thirteen': 28, 'fourteen': 26, 'fifteen': 26, 'sixteen': 30}",0.0999120000000104
774,"{'one': 26, 'two': 27, 'three': 28, 'four': 28, 'five': 27, 'six': 27, 'seven': 28, 'eight': 26, 'nine': 27, 'ten': 26, 'eleven': 26, 'twelve': 27, 'thirteen': 30, 'fourteen': 27, 'fifteen': 29, 'sixteen': 26}",-0.223879000000003
778,"{'one': 28, 'two': 27, 'three': 30, 'four': 26, 'five': 27, 'six': 30, 'seven': 27, 'eight': 29, 'nine': 29, 'ten': 30, 'eleven': 30, 'twelve': 26, 'thirteen': 29, 'fourteen': 26, 'fifteen': 30, 'sixteen': 29}",-0.0799939999999992
779,"{'one': 30, 'two': 26, 'three': 28, 'four': 28, 'five': 27, 'six': 28, 'seven': 27, 'eight': 27, 'nine': 26, 'ten': 29, 'eleven': 28, 'twelve': 27, 'thirteen': 30, 'fourteen': 28, 'fifteen': 26, 'sixteen': 26}",0.148877000000005
780,"{'one': 26, 'two': 30, 'three': 26, 'four': 28, 'five': 26, 'six': 27, 'seven': 27, 'eight': 29, 'nine': 26, 'ten': 28, 'eleven': 28, 'twelve': 27, 'thirteen': 30, 'fourteen': 26, 'fifteen': 29, 'sixteen': 30}",-0.0558930000000046
781,"{'one': 28, 'two': 28, 'three': 28, 'four': 26, 'five': 30, 'six': 27, 'seven': 26, 'eight': 29, 'nine': 26, 'ten': 27, 'eleven': 30, 'twelve': 28, 'thirteen': 26, 'fourteen': 30, 'fifteen': 27, 'sixteen': 29}",0.0418189999999967
784,"{'one': 27, 'two': 27, 'three': 27, 'four': 28, 'five': 28, 'six': 28, 'seven': 28, 'eight': 28, 'nine': 27, 'ten': 27, 'eleven': 26, 'twelve': 29, 'thirteen': 28, 'fourteen': 26, 'fifteen': 27, 'sixteen': 28}",-0.223393999999991
785,"{'one': 26, 'two': 27, 'three': 27, 'four': 26, 'five': 29, 'six': 29, 'seven': 30, 'eight': 29, 'nine': 29, 'ten': 26, 'eleven': 28, 'twelve': 26, 'thirteen': 30, 'fourteen': 30, 'fifteen': 27, 'sixteen': 28}",0.0806210000000007
787,"{'one': 27, 'two': 28, 'three': 27, 'four': 26, 'five': 28, 'six': 30, 'seven': 27, 'eight': 28, 'nine': 30, 'ten': 29, 'eleven': 26, 'twelve': 27, 'thirteen': 29, 'fourteen': 26, 'fifteen': 29, 'sixteen': 30}",-0.0516909999999981
788,"{'one': 27, 'two': 28, 'three': 27, 'four': 28, 'five': 30, 'six': 26, 'seven': 28, 'eight': 28, 'nine': 28, 'ten': 27, 'eleven': 27, 'twelve': 29, 'thirteen': 26, 'fourteen': 29, 'fifteen': 28, 'sixteen': 26}",0.157143999999995
791,"{'one': 28, 'two': 28, 'three': 28, 'four': 30, 'five': 27, 'six': 27, 'seven': 27, 'eight': 30, 'nine': 26, 'ten': 28, 'eleven': 28, 'twelve': 28, 'thirteen': 28, 'fourteen': 28, 'fifteen': 26, 'sixteen': 30}",0.0494490000000027
792,"{'one': 29, 'two': 27, 'three': 29, 'four': 28, 'five': 28, 'six': 29, 'seven': 28, 'eight': 30, 'nine': 28, 'ten': 30, 'eleven': 29, 'twelve': 27, 'thirteen': 29, 'fourteen': 28, 'fifteen': 26, 'sixteen': 28}",0.166792999999991
793,"{'one': 29, 'two': 28, 'three': 29, 'four': 26, 'five': 30, 'six': 29, 'seven': 27, 'eight': 27, 'nine': 27, 'ten': 29, 'eleven': 30, 'twelve': 28, 'thirteen': 28, 'fourteen': 28, 'fifteen': 27, 'sixteen': 27}",0.167193000000004
794,"{'one': 27, 'two': 28, 'three': 28, 'four': 27, 'five': 30, 'six': 30, 'seven': 27, 'eight': 29, 'nine': 30, 'ten': 28, 'eleven': 26, 'twelve': 28, 'thirteen': 29, 'fourteen': 27, 'fifteen': 26, 'sixteen': 30}",-0.0630329999999972
795,"{'one': 27, 'two': 29, 'three': 30, 'four': 28, 'five': 29, 'six': 29, 'seven': 28, 'eight': 28, 'nine': 26, 'ten': 28, 'eleven': 30, 'twelve': 28, 'thirteen': 26, 'fourteen': 27, 'fifteen': 27, 'sixteen': 26}",-0.0279799999999923
797,"{'one': 30, 'two': 28, 'three': 27, 'four': 26, 'five': 29, 'six': 30, 'seven': 26, 'eight': 27, 'nine': 26, 'ten': 27, 'eleven': 27, 'twelve': 30, 'thirteen': 26, 'fourteen': 29, 'fifteen': 29, 'sixteen': 30}",0.188720999999993
798,"{'one': 27, 'two': 27, 'three': 28, 'four': 28, 'five': 27, 'six': 29, 'seven': 27, 'eight': 27, 'nine': 30, 'ten': 28, 'eleven': 30, 'twelve': 29, 'thirteen': 29, 'fourteen': 29, 'fifteen': 30, 'sixteen': 26}",0.150787999999998
799,"{'one': 30, 'two': 27, 'three': 28, 'four': 27, 'five': 27, 'six': 27, 'seven': 30, 'eight': 27, 'nine': 28, 'ten': 30, 'eleven': 30, 'twelve': 29, 'thirteen': 26, 'fourteen': 27, 'fifteen': 29, 'sixteen': 26}",0.0529510000000001
800,"{'one': 30, 'two': 29, 'three': 30, 'four': 28, 'five': 28, 'six': 26, 'seven': 27, 'eight': 28, 'nine': 27, 'ten': 27, 'eleven': 27, 'twelve': 29, 'thirteen': 30, 'fourteen': 26, 'fifteen': 30, 'sixteen': 28}",-0.353996000000002
801,"{'one': 26, 'two': 29, 'three': 27, 'four': 30, 'five': 27, 'six': 26, 'seven': 26, 'eight': 29, 'nine': 30, 'ten': 28, 'eleven': 28, 'twelve': 27, 'thirteen': 29, 'fourteen': 28, 'fifteen': 27, 'sixteen': 27}",0.160366000000003
802,"{'one': 30, 'two': 28, 'three': 28, 'four': 30, 'five': 28, 'six': 26, 'seven': 27, 'eight': 26, 'nine': 28, 'ten': 30, 'eleven': 28, 'twelve': 29, 'thirteen': 29, 'fourteen': 30, 'fifteen': 27, 'sixteen': 30}",0.286566999999998
803,"{'one': 28, 'two': 27, 'three': 28, 'four': 27, 'five': 29, 'six': 27, 'seven': 29, 'eight': 27, 'nine': 29, 'ten': 30, 'eleven': 26, 'twelve': 27, 'thirteen': 30, 'fourteen': 28, 'fifteen': 26, 'sixteen': 29}",0.0751649999999912
804,"{'one': 28, 'two': 30, 'three': 26, 'four': 30, 'five': 28, 'six': 28, 'seven': 27, 'eight': 29, 'nine': 30, 'ten': 28, 'eleven': 27, 'twelve': 29, 'thirteen': 28, 'fourteen': 26, 'fifteen': 30, 'sixteen': 29}",-0.0966749999999976
805,"{'one': 26, 'two': 30, 'three': 30, 'four': 28, 'five': 27, 'six': 28, 'seven': 28, 'eight': 30, 'nine': 28, 'ten': 30, 'eleven': 28, 'twelve': 27, 'thirteen': 26, 'fourteen': 29, 'fifteen': 28, 'sixteen': 30}",0.409649999999992
807,"{'one': 26, 'two': 28, 'three': 30, 'four': 28, 'five': 30, 'six': 27, 'seven': 30, 'eight': 26, 'nine': 26, 'ten': 27, 'eleven': 29, 'twelve': 28, 'thirteen': 29, 'fourteen': 26, 'fifteen': 26, 'sixteen': 26}",-0.354959999999998
808,"{'one': 27, 'two': 28, 'three': 29, 'four': 28, 'five': 27, 'six': 28, 'seven': 27, 'eight': 29, 'nine': 26, 'ten': 28, 'eleven': 28, 'twelve': 26, 'thirteen': 29, 'fourteen': 29, 'fifteen': 29, 'sixteen': 30}",0.197999000000002
809,"{'one': 29, 'two': 30, 'three': 27, 'four': 27, 'five': 28, 'six': 26, 'seven': 29, 'eight': 26, 'nine': 26, 'ten': 30, 'eleven': 27, 'twelve': 29, 'thirteen': 28, 'fourteen': 29, 'fifteen': 30, 'sixteen': 27}",0.381349000000007
810,"{'one': 27, 'two': 30, 'three': 30, 'four': 26, 'five': 29, 'six': 27, 'seven': 30, 'eight': 29, 'nine': 29, 'ten': 26, 'eleven': 26, 'twelve': 30, 'thirteen': 28, 'fourteen': 26, 'fifteen': 30, 'sixteen': 28}",-0.424104000000006
811,"{'one': 27, 'two': 26, 'three': 29, 'four': 27, 'five': 30, 'six': 27, 'seven': 28, 'eight': 26, 'nine': 30, 'ten': 26, 'eleven': 26, 'twelve': 30, 'thirteen': 30, 'fourteen': 28, 'fifteen': 30, 'sixteen': 27}",-0.187232000000001
813,"{'one': 29, 'two': 30, 'three': 26, 'four': 29, 'five': 30, 'six': 30, 'seven': 26, 'eight': 26, 'nine': 28, 'ten': 27, 'eleven': 29, 'twelve': 27, 'thirteen': 28, 'fourteen': 29, 'fifteen': 29, 'sixteen': 27}",0.145012999999998
814,"{'one': 30, 'two': 28, 'three': 30, 'four': 29, 'five': 30, 'six': 28, 'seven': 26, 'eight': 30, 'nine': 28, 'ten': 29, 'eleven': 30, 'twelve': 29, 'thirteen': 27, 'fourteen': 29, 'fifteen': 27, 'sixteen': 27}",0.345239999999996
815,"{'one': 30, 'two': 28, 'three': 27, 'four': 26, 'five': 27, 'six': 30, 'seven': 29, 'eight': 26, 'nine': 26, 'ten': 27, 'eleven': 30, 'twelve': 28, 'thirteen': 29, 'fourteen': 28, 'fifteen': 29, 'sixteen': 29}",-0.0352240000000065
816,"{'one': 27, 'two': 29, 'three': 26, 'four': 27, 'five': 30, 'six': 26, 'seven': 29, 'eight': 29, 'nine': 26, 'ten': 27, 'eleven': 28, 'twelve': 30, 'thirteen': 27, 'fourteen': 30, 'fifteen': 28, 'sixteen': 26}",0.0355709999999973
817,"{'one': 26, 'two': 26, 'three': 27, 'four': 26, 'five': 29, 'six': 26, 'seven': 29, 'eight': 27, 'nine': 28, 'ten': 30, 'eleven': 29, 'twelve': 26, 'thirteen': 27, 'fourteen': 28, 'fifteen': 27, 'sixteen': 30}",0.272671000000009
818,"{'one': 30, 'two': 28, 'three': 30, 'four': 27, 'five': 26, 'six': 27, 'seven': 26, 'eight': 28, 'nine': 26, 'ten': 30, 'eleven': 26, 'twelve': 29, 'thirteen': 29, 'fourteen': 27, 'fifteen': 29, 'sixteen': 28}",0.162813000000006
820,"{'one': 29, 'two': 29, 'three': 29, 'four': 29, 'five': 27, 'six': 28, 'seven': 26, 'eight': 30, 'nine': 27, 'ten': 30, 'eleven': 26, 'twelve': 27, 'thirteen': 27, 'fourteen': 29, 'fifteen': 30, 'sixteen': 27}",0.433370000000003
821,"{'one': 30, 'two': 26, 'three': 29, 'four': 26, 'five': 27, 'six': 30, 'seven': 27, 'eight': 28, 'nine': 27, 'ten': 30, 'eleven': 26, 'twelve': 26, 'thirteen': 29, 'fourteen': 26, 'fifteen': 29, 'sixteen': 29}",-0.0375689999999977
823,"{'one': 30, 'two': 29, 'three': 26, 'four': 28, 'five': 27, 'six': 30, 'seven': 30, 'eight': 26, 'nine': 30, 'ten': 27, 'eleven': 28, 'twelve': 26, 'thirteen': 30, 'fourteen': 26, 'fifteen': 26, 'sixteen': 29}",-0.262858000000001
824,"{'one': 26, 'two': 27, 'three': 28, 'four': 26, 'five': 30, 'six': 28, 'seven': 30, 'eight': 29, 'nine': 29, 'ten': 30, 'eleven': 27, 'twelve': 28, 'thirteen': 26, 'fourteen': 28, 'fifteen': 27, 'sixteen': 30}",0.178525
825,"{'one': 30, 'two': 26, 'three': 30, 'four': 28, 'five': 29, 'six': 27, 'seven': 26, 'eight': 27, 'nine': 26, 'ten': 26, 'eleven': 28, 'twelve': 30, 'thirteen': 27, 'fourteen': 28, 'fifteen': 27, 'sixteen': 28}",-0.114967999999997
826,"{'one': 28, 'two': 28, 'three': 30, 'four': 27, 'five': 26, 'six': 30, 'seven': 29, 'eight': 27, 'nine': 29, 'ten': 29, 'eleven': 26, 'twelve': 26, 'thirteen': 29, 'fourteen': 28, 'fifteen': 28, 'sixteen': 27}",0.268507000000006
827,"{'one': 26, 'two': 26, 'three': 27, 'four': 26, 'five': 27, 'six': 26, 'seven': 27, 'eight': 27, 'nine': 28, 'ten': 30, 'eleven': 28, 'twelve': 28, 'thirteen': 28, 'fourteen': 28, 'fifteen': 26, 'sixteen': 29}",0.324422000000005
828,"{'one': 30, 'two': 27, 'three': 28, 'four': 27, 'five': 27, 'six': 26, 'seven': 26, 'eight': 29, 'nine': 28, 'ten': 30, 'eleven': 30, 'twelve': 28, 'thirteen': 30, 'fourteen': 28, 'fifteen': 30, 'sixteen': 28}",0.0587599999999994
829,"{'one': 28, 'two': 30, 'three': 26, 'four': 30, 'five': 26, 'six': 30, 'seven': 26, 'eight': 29, 'nine': 29, 'ten': 28, 'eleven': 29, 'twelve': 30, 'thirteen': 27, 'fourteen': 26, 'fifteen': 27, 'sixteen': 30}",-0.150668000000003
830,"{'one': 29, 'two': 28, 'three': 26, 'four': 27, 'five': 27, 'six': 29, 'seven': 27, 'eight': 27, 'nine': 28, 'ten': 26, 'eleven': 29, 'twelve': 30, 'thirteen': 30, 'fourteen': 30, 'fifteen': 29, 'sixteen': 27}",-0.0541839999999993
831,"{'one': 26, 'two': 28, 'three': 29, 'four': 28, 'five': 30, 'six': 29, 'seven': 26, 'eight': 26, 'nine': 27, 'ten': 30, 'eleven': 27, 'twelve': 29, 'thirteen': 26, 'fourteen': 29, 'fifteen': 30, 'sixteen': 30}",0.472174000000002
832,"{'one': 29, 'two': 26, 'three': 29, 'four': 28, 'five': 29, 'six': 29, 'seven': 28, 'eight': 26, 'nine': 27, 'ten': 27, 'eleven': 29, 'twelve': 28, 'thirteen': 28, 'fourteen': 30, 'fifteen': 27, 'sixteen': 29}",0.250729999999997
833,"{'one': 27, 'two': 28, 'three': 30, 'four': 27, 'five': 26, 'six': 27, 'seven': 26, 'eight': 30, 'nine': 26, 'ten': 27, 'eleven': 30, 'twelve': 30, 'thirteen': 29, 'fourteen': 29, 'fifteen': 29, 'sixteen': 30}",-0.0116049999999958
834,"{'one': 26, 'two': 26, 'three': 29, 'four': 26, 'five': 26, 'six': 27, 'seven': 26, 'eight': 30, 'nine': 26, 'ten': 26, 'eleven': 28, 'twelve': 30, 'thirteen': 30, 'fourteen': 26, 'fifteen': 30, 'sixteen': 30}",-0.336574999999989
836,"{'one': 28, 'two': 28, 'three': 26, 'four': 27, 'five': 28, 'six': 29, 'seven': 29, 'eight': 30, 'nine': 26, 'ten': 26, 'eleven': 29, 'twelve': 30, 'thirteen': 28, 'fourteen': 26, 'fifteen': 30, 'sixteen': 26}",-0.413249
838,"{'one': 28, 'two': 28, 'three': 26, 'four': 26, 'five': 29, 'six': 27, 'seven': 28, 'eight': 27, 'nine': 30, 'ten': 30, 'eleven': 29, 'twelve': 27, 'thirteen': 29, 'fourteen': 28, 'fifteen': 30, 'sixteen': 30}",0.0796419999999997
839,"{'one': 29, 'two': 30, 'three': 30, 'four': 30, 'five': 27, 'six': 29, 'seven': 28, 'eight': 30, 'nine': 27, 'ten': 28, 'eleven': 26, 'twelve': 30, 'thirteen': 26, 'fourteen': 27, 'fifteen': 26, 'sixteen': 29}",-0.0593209999999899
840,"{'one': 30, 'two': 26, 'three': 30, 'four': 30, 'five': 29, 'six': 26, 'seven': 27, 'eight': 29, 'nine': 27, 'ten': 30, 'eleven': 27, 'twelve': 27, 'thirteen': 28, 'fourteen': 26, 'fifteen': 27, 'sixteen': 30}",0.0718150000000079
841,"{'one': 29, 'two': 26, 'three': 28, 'four': 30, 'five': 30, 'six': 27, 'seven': 29, 'eight': 27, 'nine': 29, 'ten': 28, 'eleven': 27, 'twelve': 28, 'thirteen': 28, 'fourteen': 27, 'fifteen': 26, 'sixteen': 29}",0.0953040000000058
842,"{'one': 27, 'two': 30, 'three': 30, 'four': 29, 'five': 29, 'six': 28, 'seven': 30, 'eight': 29, 'nine': 30, 'ten': 29, 'eleven': 29, 'twelve': 27, 'thirteen': 30, 'fourteen': 30, 'fifteen': 30, 'sixteen': 26}",0.377718000000001
844,"{'one': 29, 'two': 27, 'three': 30, 'four': 30, 'five': 30, 'six': 27, 'seven': 26, 'eight': 26, 'nine': 26, 'ten': 28, 'eleven': 27, 'twelve': 26, 'thirteen': 28, 'fourteen': 29, 'fifteen': 26, 'sixteen': 29}",0.26240400000001
846,"{'one': 26, 'two': 27, 'three': 27, 'four': 30, 'five': 30, 'six': 28, 'seven': 28, 'eight': 27, 'nine': 27, 'ten': 28, 'eleven': 26, 'twelve': 30, 'thirteen': 28, 'fourteen': 28, 'fifteen': 29, 'sixteen': 28}",0.0372470000000006
847,"{'one': 26, 'two': 26, 'three': 26, 'four': 27, 'five': 30, 'six': 28, 'seven': 29, 'eight': 27, 'nine': 28, 'ten': 30, 'eleven': 30, 'twelve': 28, 'thirteen': 29, 'fourteen': 27, 'fifteen': 27, 'sixteen': 26}",0.0109810000000081
848,"{'one': 26, 'two': 29, 'three': 28, 'four': 27, 'five': 27, 'six': 26, 'seven': 29, 'eight': 28, 'nine': 27, 'ten': 26, 'eleven': 27, 'twelve': 26, 'thirteen': 26, 'fourteen': 26, 'fifteen': 26, 'sixteen': 29}",-0.322551999999994
849,"{'one': 29, 'two': 30, 'three': 28, 'four': 27, 'five': 30, 'six': 26, 'seven': 28, 'eight': 26, 'nine': 26, 'ten': 30, 'eleven': 30, 'twelve': 26, 'thirteen': 29, 'fourteen': 28, 'fifteen': 29, 'sixteen': 28}",0.165281000000014
850,"{'one': 27, 'two': 30, 'three': 29, 'four': 28, 'five': 26, 'six': 28, 'seven': 26, 'eight': 26, 'nine': 30, 'ten': 29, 'eleven': 27, 'twelve': 27, 'thirteen': 26, 'fourteen': 28, 'fifteen': 28, 'sixteen': 28}",0.238418000000002
853,"{'one': 28, 'two': 29, 'three': 29, 'four': 27, 'five': 30, 'six': 29, 'seven': 27, 'eight': 29, 'nine': 28, 'ten': 30, 'eleven': 28, 'twelve': 26, 'thirteen': 26, 'fourteen': 28, 'fifteen': 29, 'sixteen': 27}",0.245371999999996
855,"{'one': 26, 'two': 26, 'three': 28, 'four': 27, 'five': 26, 'six': 27, 'seven': 26, 'eight': 28, 'nine': 29, 'ten': 26, 'eleven': 29, 'twelve': 27, 'thirteen': 28, 'fourteen': 26, 'fifteen': 29, 'sixteen': 28}",-0.366859999999995
856,"{'one': 27, 'two': 29, 'three': 29, 'four': 30, 'five': 30, 'six': 28, 'seven': 29, 'eight': 26, 'nine': 30, 'ten': 26, 'eleven': 26, 'twelve': 29, 'thirteen': 30, 'fourteen': 30, 'fifteen': 26, 'sixteen': 27}",0.0689740000000043
857,"{'one': 30, 'two': 30, 'three': 26, 'four': 28, 'five': 30, 'six': 27, 'seven': 27, 'eight': 29, 'nine': 26, 'ten': 30, 'eleven': 29, 'twelve': 30, 'thirteen': 29, 'fourteen': 26, 'fifteen': 29, 'sixteen': 27}",0.0791829999999933
858,"{'one': 29, 'two': 27, 'three': 27, 'four': 28, 'five': 26, 'six': 30, 'seven': 30, 'eight': 28, 'nine': 28, 'ten': 29, 'eleven': 28, 'twelve': 30, 'thirteen': 28, 'fourteen': 29, 'fifteen': 27, 'sixteen': 30}",0.468121000000003
859,"{'one': 28, 'two': 29, 'three': 30, 'four': 29, 'five': 30, 'six': 30, 'seven': 27, 'eight': 27, 'nine': 28, 'ten': 29, 'eleven': 28, 'twelve': 26, 'thirteen': 27, 'fourteen': 30, 'fifteen': 30, 'sixteen': 28}",0.445889000000008
860,"{'one': 28, 'two': 26, 'three': 28, 'four': 28, 'five': 27, 'six': 26, 'seven': 26, 'eight': 30, 'nine': 30, 'ten': 29, 'eleven': 28, 'twelve': 27, 'thirteen': 29, 'fourteen': 28, 'fifteen': 30, 'sixteen': 30}",0.261031000000009
861,"{'one': 26, 'two': 29, 'three': 28, 'four': 28, 'five': 29, 'six': 28, 'seven': 27, 'eight': 26, 'nine': 29, 'ten': 26, 'eleven': 28, 'twelve': 26, 'thirteen': 29, 'fourteen': 27, 'fifteen': 29, 'sixteen': 27}",-0.457468999999996
862,"{'one': 26, 'two': 26, 'three': 29, 'four': 26, 'five': 29, 'six': 30, 'seven': 29, 'eight': 30, 'nine': 27, 'ten': 29, 'eleven': 28, 'twelve': 30, 'thirteen': 27, 'fourteen': 26, 'fifteen': 27, 'sixteen': 30}",0.0315629999999984
864,"{'one': 30, 'two': 28, 'three': 29, 'four': 28, 'five': 26, 'six': 29, 'seven': 26, 'eight': 29, 'nine': 27, 'ten': 30, 'eleven': 26, 'twelve': 29, 'thirteen': 30, 'fourteen': 26, 'fifteen': 30, 'sixteen': 28}",0.101020000000012
865,"{'one': 29, 'two': 28, 'three': 28, 'four': 29, 'five': 29, 'six': 27, 'seven': 26, 'eight': 26, 'nine': 26, 'ten': 28, 'eleven': 28, 'twelve': 30, 'thirteen': 26, 'fourteen': 29, 'fifteen': 29, 'sixteen': 26}",0.235008
866,"{'one': 28, 'two': 29, 'three': 29, 'four': 30, 'five': 27, 'six': 28, 'seven': 26, 'eight': 26, 'nine': 30, 'ten': 30, 'eleven': 26, 'twelve': 28, 'thirteen': 30, 'fourteen': 28, 'fifteen': 29, 'sixteen': 29}",0.137104
867,"{'one': 26, 'two': 26, 'three': 28, 'four': 26, 'five': 29, 'six': 26, 'seven': 29, 'eight': 28, 'nine': 26, 'ten': 27, 'eleven': 28, 'twelve': 27, 'thirteen': 26, 'fourteen': 28, 'fifteen': 29, 'sixteen': 29}",0.143900999999992
868,"{'one': 30, 'two': 26, 'three': 28, 'four': 29, 'five': 26, 'six': 28, 'seven': 27, 'eight': 30, 'nine': 26, 'ten': 28, 'eleven': 29, 'twelve': 27, 'thirteen': 26, 'fourteen': 28, 'fifteen': 28, 'sixteen': 29}",0.126670999999994
869,"{'one': 26, 'two': 28, 'three': 27, 'four': 29, 'five': 26, 'six': 26, 'seven': 30, 'eight': 26, 'nine': 26, 'ten': 27, 'eleven': 29, 'twelve': 30, 'thirteen': 30, 'fourteen': 29, 'fifteen': 29, 'sixteen': 30}",-0.0005939999999995
870,"{'one': 30, 'two': 29, 'three': 26, 'four': 30, 'five': 26, 'six': 30, 'seven': 27, 'eight': 30, 'nine': 29, 'ten': 27, 'eleven': 30, 'twelve': 28, 'thirteen': 26, 'fourteen': 26, 'fifteen': 29, 'sixteen': 30}",-0.412927000000003
872,"{'one': 28, 'two': 27, 'three': 26, 'four': 28, 'five': 26, 'six': 28, 'seven': 29, 'eight': 28, 'nine': 30, 'ten': 29, 'eleven': 30, 'twelve': 28, 'thirteen': 30, 'fourteen': 27, 'fifteen': 27, 'sixteen': 30}",-0.0198559999999972
873,"{'one': 30, 'two': 29, 'three': 27, 'four': 29, 'five': 29, 'six': 30, 'seven': 30, 'eight': 29, 'nine': 27, 'ten': 28, 'eleven': 29, 'twelve': 27, 'thirteen': 28, 'fourteen': 26, 'fifteen': 26, 'sixteen': 29}",-0.040428999999996
874,"{'one': 26, 'two': 28, 'three': 27, 'four': 27, 'five': 26, 'six': 26, 'seven': 28, 'eight': 28, 'nine': 28, 'ten': 26, 'eleven': 26, 'twelve': 26, 'thirteen': 28, 'fourteen': 26, 'fifteen': 29, 'sixteen': 27}",-0.369660000000017
875,"{'one': 30, 'two': 30, 'three': 30, 'four': 28, 'five': 30, 'six': 26, 'seven': 28, 'eight': 30, 'nine': 27, 'ten': 27, 'eleven': 29, 'twelve': 26, 'thirteen': 26, 'fourteen': 29, 'fifteen': 28, 'sixteen': 26}",0.0758109999999945
876,"{'one': 26, 'two': 27, 'three': 30, 'four': 29, 'five': 26, 'six': 27, 'seven': 29, 'eight': 27, 'nine': 26, 'ten': 27, 'eleven': 30, 'twelve': 29, 'thirteen': 26, 'fourteen': 30, 'fifteen': 27, 'sixteen': 29}",0.178370999999991
877,"{'one': 27, 'two': 28, 'three': 28, 'four': 30, 'five': 30, 'six': 30, 'seven': 27, 'eight': 29, 'nine': 26, 'ten': 30, 'eleven': 26, 'twelve': 26, 'thirteen': 30, 'fourteen': 28, 'fifteen': 29, 'sixteen': 29}",0.32357000000001
878,"{'one': 27, 'two': 28, 'three': 27, 'four': 27, 'five': 30, 'six': 30, 'seven': 29, 'eight': 28, 'nine': 26, 'ten': 30, 'eleven': 26, 'twelve': 30, 'thirteen': 29, 'fourteen': 26, 'fifteen': 30, 'sixteen': 27}",-0.0585199999999943
879,"{'one': 26, 'two': 29, 'three': 28, 'four': 28, 'five': 27, 'six': 30, 'seven': 26, 'eight': 27, 'nine': 29, 'ten': 28, 'eleven': 30, 'twelve': 27, 'thirteen': 28, 'fourteen': 27, 'fifteen': 29, 'sixteen': 29}",-0.038585999999988
880,"{'one': 29, 'two': 28, 'three': 29, 'four': 30, 'five': 28, 'six': 28, 'seven': 28, 'eight': 26, 'nine': 29, 'ten': 29, 'eleven': 26, 'twelve': 28, 'thirteen': 28, 'fourteen': 27, 'fifteen': 26, 'sixteen': 26}",0.127810000000003
881,"{'one': 27, 'two': 26, 'three': 26, 'four': 27, 'five': 30, 'six': 30, 'seven': 28, 'eight': 27, 'nine': 29, 'ten': 30, 'eleven': 26, 'twelve': 26, 'thirteen': 30, 'fourteen': 29, 'fifteen': 29, 'sixteen': 27}",0.303296999999993
885,"{'one': 29, 'two': 30, 'three': 26, 'four': 27, 'five': 29, 'six': 26, 'seven': 26, 'eight': 27, 'nine': 30, 'ten': 30, 'eleven': 27, 'twelve': 28, 'thirteen': 30, 'fourteen': 28, 'fifteen': 30, 'sixteen': 29}",0.113372000000005
887,"{'one': 29, 'two': 30, 'three': 30, 'four': 27, 'five': 29, 'six': 29, 'seven': 28, 'eight': 30, 'nine': 27, 'ten': 28, 'eleven': 30, 'twelve': 28, 'thirteen': 29, 'fourteen': 27, 'fifteen': 30, 'sixteen': 26}",0.0557280000000091
888,"{'one': 27, 'two': 30, 'three': 27, 'four': 27, 'five': 30, 'six': 26, 'seven': 27, 'eight': 29, 'nine': 26, 'ten': 26, 'eleven': 30, 'twelve': 27, 'thirteen': 30, 'fourteen': 30, 'fifteen': 30, 'sixteen': 30}",-0.118880000000004
889,"{'one': 27, 'two': 27, 'three': 29, 'four': 27, 'five': 28, 'six': 26, 'seven': 27, 'eight': 26, 'nine': 28, 'ten': 30, 'eleven': 30, 'twelve': 29, 'thirteen': 26, 'fourteen': 26, 'fifteen': 29, 'sixteen': 27}",0.0625549999999961
891,"{'one': 30, 'two': 30, 'three': 26, 'four': 28, 'five': 30, 'six': 30, 'seven': 27, 'eight': 27, 'nine': 28, 'ten': 28, 'eleven': 26, 'twelve': 29, 'thirteen': 28, 'fourteen': 30, 'fifteen': 26, 'sixteen': 28}",0.328609000000007
892,"{'one': 27, 'two': 29, 'three': 26, 'four': 26, 'five': 30, 'six': 30, 'seven': 26, 'eight': 28, 'nine': 28, 'ten': 26, 'eleven': 27, 'twelve': 28, 'thirteen': 29, 'fourteen': 28, 'fifteen': 28, 'sixteen': 28}",-0.101041000000002
893,"{'one': 29, 'two': 26, 'three': 27, 'four': 28, 'five': 27, 'six': 27, 'seven': 29, 'eight': 26, 'nine': 26, 'ten': 27, 'eleven': 28, 'twelve': 29, 'thirteen': 26, 'fourteen': 26, 'fifteen': 30, 'sixteen': 29}",-0.120274999999999
894,"{'one': 27, 'two': 30, 'three': 30, 'four': 29, 'five': 27, 'six': 29, 'seven': 26, 'eight': 30, 'nine': 27, 'ten': 27, 'eleven': 29, 'twelve': 26, 'thirteen': 29, 'fourteen': 30, 'fifteen': 27, 'sixteen': 30}",0.0689470000000085
895,"{'one': 29, 'two': 26, 'three': 26, 'four': 29, 'five': 27, 'six': 29, 'seven': 26, 'eight': 30, 'nine': 28, 'ten': 29, 'eleven': 30, 'twelve': 26, 'thirteen': 26, 'fourteen': 29, 'fifteen': 26, 'sixteen': 28}",0.479392000000011
896,"{'one': 30, 'two': 30, 'three': 26, 'four': 28, 'five': 26, 'six': 27, 'seven': 26, 'eight': 27, 'nine': 29, 'ten': 30, 'eleven': 29, 'twelve': 26, 'thirteen': 26, 'fourteen': 29, 'fifteen': 27, 'sixteen': 29}",0.433343
897,"{'one': 29, 'two': 28, 'three': 26, 'four': 26, 'five': 30, 'six': 30, 'seven': 29, 'eight': 29, 'nine': 29, 'ten': 28, 'eleven': 30, 'twelve': 29, 'thirteen': 26, 'fourteen': 28, 'fifteen': 28, 'sixteen': 26}",0.0978160000000016
898,"{'one': 29, 'two': 29, 'three': 26, 'four': 30, 'five': 26, 'six': 28, 'seven': 27, 'eight': 30, 'nine': 30, 'ten': 26, 'eleven': 29, 'twelve': 26, 'thirteen': 29, 'fourteen': 30, 'fifteen': 30, 'sixteen': 28}",-0.11669299999999
899,"{'one': 28, 'two': 28, 'three': 27, 'four': 26, 'five': 28, 'six': 28, 'seven': 28, 'eight': 27, 'nine': 27, 'ten': 30, 'eleven': 26, 'twelve': 28, 'thirteen': 27, 'fourteen': 27, 'fifteen': 29, 'sixteen': 30}",0.0837720000000032
900,"{'one': 26, 'two': 26, 'three': 29, 'four': 27, 'five': 30, 'six': 28, 'seven': 28, 'eight': 30, 'nine': 29, 'ten': 30, 'eleven': 29, 'twelve': 28, 'thirteen': 28, 'fourteen': 30, 'fifteen': 29, 'sixteen': 27}",0.318806000000002
901,"{'one': 27, 'two': 26, 'three': 30, 'four': 28, 'five': 28, 'six': 26, 'seven': 29, 'eight': 27, 'nine': 28, 'ten': 30, 'eleven': 30, 'twelve': 28, 'thirteen': 29, 'fourteen': 26, 'fifteen': 26, 'sixteen': 29}",0.0283099999999976
902,"{'one': 28, 'two': 30, 'three': 29, 'four': 27, 'five': 27, 'six': 28, 'seven': 27, 'eight': 28, 'nine': 29, 'ten': 29, 'eleven': 29, 'twelve': 26, 'thirteen': 29, 'fourteen': 28, 'fifteen': 26, 'sixteen': 26}",0.200167999999997
903,"{'one': 28, 'two': 28, 'three': 28, 'four': 30, 'five': 30, 'six': 28, 'seven': 30, 'eight': 28, 'nine': 30, 'ten': 27, 'eleven': 27, 'twelve': 26, 'thirteen': 28, 'fourteen': 27, 'fifteen': 28, 'sixteen': 30}",-0.259199999999999
904,"{'one': 30, 'two': 27, 'three': 27, 'four': 26, 'five': 26, 'six': 28, 'seven': 27, 'eight': 30, 'nine': 30, 'ten': 26, 'eleven': 29, 'twelve': 30, 'thirteen': 28, 'fourteen': 28, 'fifteen': 29, 'sixteen': 30}",-0.195738999999996
905,"{'one': 28, 'two': 30, 'three': 28, 'four': 28, 'five': 28, 'six': 27, 'seven': 27, 'eight': 28, 'nine': 27, 'ten': 27, 'eleven': 30, 'twelve': 30, 'thirteen': 30, 'fourteen': 29, 'fifteen': 26, 'sixteen': 29}",0.0132510000000038
906,"{'one': 26, 'two': 29, 'three': 30, 'four': 26, 'five': 30, 'six': 26, 'seven': 26, 'eight': 27, 'nine': 30, 'ten': 30, 'eleven': 30, 'twelve': 26, 'thirteen': 27, 'fourteen': 27, 'fifteen': 27, 'sixteen': 30}",0.205003999999995
907,"{'one': 27, 'two': 29, 'three': 27, 'four': 26, 'five': 28, 'six': 27, 'seven': 26, 'eight': 26, 'nine': 28, 'ten': 27, 'eleven': 28, 'twelve': 29, 'thirteen': 28, 'fourteen': 26, 'fifteen': 29, 'sixteen': 30}",-0.296590999999999
908,"{'one': 27, 'two': 26, 'three': 26, 'four': 28, 'five': 30, 'six': 29, 'seven': 30, 'eight': 26, 'nine': 29, 'ten': 26, 'eleven': 30, 'twelve': 26, 'thirteen': 26, 'fourteen': 30, 'fifteen': 26, 'sixteen': 29}",0.111137000000006
910,"{'one': 29, 'two': 26, 'three': 29, 'four': 28, 'five': 26, 'six': 27, 'seven': 28, 'eight': 29, 'nine': 28, 'ten': 29, 'eleven': 26, 'twelve': 29, 'thirteen': 28, 'fourteen': 29, 'fifteen': 30, 'sixteen': 28}",0.314007999999994
911,"{'one': 27, 'two': 30, 'three': 30, 'four': 27, 'five': 27, 'six': 27, 'seven': 28, 'eight': 26, 'nine': 30, 'ten': 27, 'eleven': 30, 'twelve': 27, 'thirteen': 30, 'fourteen': 27, 'fifteen': 26, 'sixteen': 26}",-0.249016000000004
912,"{'one': 30, 'two': 29, 'three': 27, 'four': 27, 'five': 26, 'six': 30, 'seven': 28, 'eight': 30, 'nine': 30, 'ten': 26, 'eleven': 27, 'twelve': 27, 'thirteen': 30, 'fourteen': 27, 'fifteen': 28, 'sixteen': 26}",-0.100118000000001
913,"{'one': 29, 'two': 30, 'three': 26, 'four': 27, 'five': 29, 'six': 27, 'seven': 28, 'eight': 29, 'nine': 29, 'ten': 27, 'eleven': 29, 'twelve': 27, 'thirteen': 27, 'fourteen': 29, 'fifteen': 27, 'sixteen': 30}",0.0998650000000012
915,"{'one': 27, 'two': 28, 'three': 30, 'four': 29, 'five': 26, 'six': 26, 'seven': 30, 'eight': 30, 'nine': 30, 'ten': 29, 'eleven': 28, 'twelve': 30, 'thirteen': 26, 'fourteen': 26, 'fifteen': 29, 'sixteen': 27}",0.0251749999999972
916,"{'one': 30, 'two': 29, 'three': 26, 'four': 28, 'five': 26, 'six': 28, 'seven': 27, 'eight': 27, 'nine': 26, 'ten': 29, 'eleven': 29, 'twelve': 29, 'thirteen': 30, 'fourteen': 26, 'fifteen': 26, 'sixteen': 26}",0.0005810000000039
918,"{'one': 28, 'two': 27, 'three': 26, 'four': 29, 'five': 30, 'six': 29, 'seven': 28, 'eight': 26, 'nine': 27, 'ten': 26, 'eleven': 27, 'twelve': 29, 'thirteen': 26, 'fourteen': 26, 'fifteen': 28, 'sixteen': 30}",-0.399874000000004
919,"{'one': 30, 'two': 30, 'three': 26, 'four': 28, 'five': 27, 'six': 26, 'seven': 30, 'eight': 29, 'nine': 28, 'ten': 29, 'eleven': 28, 'twelve': 29, 'thirteen': 27, 'fourteen': 27, 'fifteen': 29, 'sixteen': 29}",0.273446999999997
920,"{'one': 29, 'two': 27, 'three': 30, 'four': 26, 'five': 27, 'six': 28, 'seven': 28, 'eight': 27, 'nine': 30, 'ten': 30, 'eleven': 30, 'twelve': 29, 'thirteen': 28, 'fourteen': 29, 'fifteen': 29, 'sixteen': 29}",0.266455
921,"{'one': 26, 'two': 29, 'three': 30, 'four': 27, 'five': 28, 'six': 28, 'seven': 28, 'eight': 29, 'nine': 26, 'ten': 27, 'eleven': 30, 'twelve': 28, 'thirteen': 28, 'fourteen': 29, 'fifteen': 27, 'sixteen': 26}",0.0786330000000035
922,"{'one': 30, 'two': 28, 'three': 29, 'four': 30, 'five': 28, 'six': 29, 'seven': 30, 'eight': 30, 'nine': 27, 'ten': 27, 'eleven': 28, 'twelve': 28, 'thirteen': 28, 'fourteen': 27, 'fifteen': 27, 'sixteen': 30}",-0.206548000000005
923,"{'one': 28, 'two': 30, 'three': 27, 'four': 27, 'five': 29, 'six': 26, 'seven': 28, 'eight': 27, 'nine': 27, 'ten': 29, 'eleven': 29, 'twelve': 29, 'thirteen': 30, 'fourteen': 28, 'fifteen': 28, 'sixteen': 29}",0.359343000000002
924,"{'one': 29, 'two': 29, 'three': 26, 'four': 26, 'five': 28, 'six': 27, 'seven': 26, 'eight': 28, 'nine': 27, 'ten': 29, 'eleven': 27, 'twelve': 26, 'thirteen': 26, 'fourteen': 29, 'fifteen': 26, 'sixteen': 26}",0.638486000000007
925,"{'one': 28, 'two': 27, 'three': 29, 'four': 30, 'five': 28, 'six': 28, 'seven': 26, 'eight': 27, 'nine': 27, 'ten': 29, 'eleven': 27, 'twelve': 28, 'thirteen': 27, 'fourteen': 30, 'fifteen': 30, 'sixteen': 27}",0.380511999999988
926,"{'one': 28, 'two': 27, 'three': 28, 'four': 27, 'five': 30, 'six': 28, 'seven': 27, 'eight': 29, 'nine': 26, 'ten': 27, 'eleven': 27, 'twelve': 30, 'thirteen': 26, 'fourteen': 27, 'fifteen': 28, 'sixteen': 26}",-0.12999899999999
927,"{'one': 26, 'two': 29, 'three': 27, 'four': 26, 'five': 28, 'six': 29, 'seven': 30, 'eight': 30, 'nine': 26, 'ten': 28, 'eleven': 29, 'twelve': 27, 'thirteen': 26, 'fourteen': 29, 'fifteen': 30, 'sixteen': 26}",0.320754
929,"{'one': 28, 'two': 30, 'three': 29, 'four': 29, 'five': 29, 'six': 27, 'seven': 29, 'eight': 27, 'nine': 27, 'ten': 26, 'eleven': 30, 'twelve': 29, 'thirteen': 28, 'fourteen': 26, 'fifteen': 30, 'sixteen': 29}",-0.33836999999999
930,"{'one': 29, 'two': 28, 'three': 26, 'four': 30, 'five': 26, 'six': 30, 'seven': 29, 'eight': 30, 'nine': 26, 'ten': 27, 'eleven': 27, 'twelve': 29, 'thirteen': 26, 'fourteen': 30, 'fifteen': 27, 'sixteen': 29}",0.161930000000005
931,"{'one': 29, 'two': 28, 'three': 26, 'four': 29, 'five': 26, 'six': 28, 'seven': 26, 'eight': 29, 'nine': 27, 'ten': 30, 'eleven': 30, 'twelve': 26, 'thirteen': 28, 'fourteen': 30, 'fifteen': 29, 'sixteen': 29}",0.418249999999993
932,"{'one': 29, 'two': 27, 'three': 30, 'four': 29, 'five': 28, 'six': 29, 'seven': 30, 'eight': 30, 'nine': 27, 'ten': 30, 'eleven': 29, 'twelve': 29, 'thirteen': 29, 'fourteen': 27, 'fifteen': 26, 'sixteen': 30}",0.0773069999999975
933,"{'one': 30, 'two': 28, 'three': 26, 'four': 30, 'five': 26, 'six': 27, 'seven': 26, 'eight': 30, 'nine': 30, 'ten': 29, 'eleven': 27, 'twelve': 30, 'thirteen': 27, 'fourteen': 28, 'fifteen': 27, 'sixteen': 28}",0.228190999999988
934,"{'one': 28, 'two': 27, 'three': 29, 'four': 30, 'five': 27, 'six': 27, 'seven': 29, 'eight': 27, 'nine': 29, 'ten': 28, 'eleven': 26, 'twelve': 29, 'thirteen': 26, 'fourteen': 26, 'fifteen': 27, 'sixteen': 27}",-0.115892000000009
935,"{'one': 30, 'two': 26, 'three': 26, 'four': 28, 'five': 29, 'six': 30, 'seven': 27, 'eight': 28, 'nine': 29, 'ten': 26, 'eleven': 30, 'twelve': 26, 'thirteen': 28, 'fourteen': 27, 'fifteen': 28, 'sixteen': 27}",-0.349758000000001
936,"{'one': 28, 'two': 30, 'three': 26, 'four': 30, 'five': 26, 'six': 29, 'seven': 28, 'eight': 26, 'nine': 30, 'ten': 29, 'eleven': 27, 'twelve': 26, 'thirteen': 30, 'fourteen': 26, 'fifteen': 28, 'sixteen': 29}",0.129573999999998
937,"{'one': 26, 'two': 30, 'three': 27, 'four': 28, 'five': 30, 'six': 30, 'seven': 29, 'eight': 28, 'nine': 27, 'ten': 27, 'eleven': 29, 'twelve': 29, 'thirteen': 28, 'fourteen': 26, 'fifteen': 30, 'sixteen': 30}",-0.293795999999993
938,"{'one': 26, 'two': 29, 'three': 30, 'four': 28, 'five': 29, 'six': 30, 'seven': 27, 'eight': 29, 'nine': 30, 'ten': 29, 'eleven': 28, 'twelve': 27, 'thirteen': 28, 'fourteen': 29, 'fifteen': 30, 'sixteen': 29}",0.553622999999994
939,"{'one': 26, 'two': 30, 'three': 28, 'four': 28, 'five': 30, 'six': 30, 'seven': 27, 'eight': 28, 'nine': 27, 'ten': 29, 'eleven': 27, 'twelve': 29, 'thirteen': 29, 'fourteen': 27, 'fifteen': 30, 'sixteen': 29}",0.194905000000012
940,"{'one': 26, 'two': 30, 'three': 28, 'four': 29, 'five': 26, 'six': 28, 'seven': 29, 'eight': 26, 'nine': 29, 'ten': 26, 'eleven': 29, 'twelve': 30, 'thirteen': 27, 'fourteen': 26, 'fifteen': 28, 'sixteen': 27}",-0.520634999999991
941,"{'one': 28, 'two': 29, 'three': 27, 'four': 28, 'five': 27, 'six': 30, 'seven': 29, 'eight': 27, 'nine': 26, 'ten': 29, 'eleven': 29, 'twelve': 27, 'thirteen': 26, 'fourteen': 30, 'fifteen': 27, 'sixteen': 27}",0.469135000000001
942,"{'one': 29, 'two': 29, 'three': 30, 'four': 30, 'five': 27, 'six': 26, 'seven': 26, 'eight': 26, 'nine': 29, 'ten': 27, 'eleven': 26, 'twelve': 30, 'thirteen': 30, 'fourteen': 28, 'fifteen': 29, 'sixteen': 28}",-0.0790380000000041
943,"{'one': 27, 'two': 27, 'three': 30, 'four': 28, 'five': 28, 'six': 28, 'seven': 27, 'eight': 29, 'nine': 26, 'ten': 29, 'eleven': 27, 'twelve': 28, 'thirteen': 27, 'fourteen': 27, 'fifteen': 29, 'sixteen': 30}",0.121930999999996
944,"{'one': 29, 'two': 27, 'three': 30, 'four': 29, 'five': 28, 'six': 29, 'seven': 30, 'eight': 26, 'nine': 30, 'ten': 27, 'eleven': 27, 'twelve': 27, 'thirteen': 29, 'fourteen': 26, 'fifteen': 29, 'sixteen': 29}",-0.368614999999998
945,"{'one': 27, 'two': 30, 'three': 27, 'four': 30, 'five': 26, 'six': 27, 'seven': 29, 'eight': 30, 'nine': 26, 'ten': 27, 'eleven': 28, 'twelve': 26, 'thirteen': 26, 'fourteen': 28, 'fifteen': 27, 'sixteen': 26}",0.0278010000000037
946,"{'one': 28, 'two': 26, 'three': 26, 'four': 27, 'five': 29, 'six': 26, 'seven': 26, 'eight': 26, 'nine': 28, 'ten': 30, 'eleven': 30, 'twelve': 29, 'thirteen': 28, 'fourteen': 26, 'fifteen': 29, 'sixteen': 30}",-0.0088279999999869
947,"{'one': 26, 'two': 28, 'three': 26, 'four': 27, 'five': 29, 'six': 30, 'seven': 26, 'eight': 26, 'nine': 26, 'ten': 27, 'eleven': 30, 'twelve': 28, 'thirteen': 27, 'fourteen': 27, 'fifteen': 29, 'sixteen': 30}",-0.181214000000004
948,"{'one': 26, 'two': 30, 'three': 28, 'four': 29, 'five': 28, 'six': 29, 'seven': 30, 'eight': 29, 'nine': 26, 'ten': 29, 'eleven': 28, 'twelve': 26, 'thirteen': 26, 'fourteen': 28, 'fifteen': 29, 'sixteen': 28}",0.388013000000007
949,"{'one': 27, 'two': 29, 'three': 28, 'four': 30, 'five': 27, 'six': 30, 'seven': 30, 'eight': 28, 'nine': 28, 'ten': 30, 'eleven': 30, 'twelve': 28, 'thirteen': 27, 'fourteen': 30, 'fifteen': 26, 'sixteen': 30}",0.427050999999998
950,"{'one': 26, 'two': 27, 'three': 30, 'four': 30, 'five': 30, 'six': 26, 'seven': 29, 'eight': 30, 'nine': 29, 'ten': 29, 'eleven': 29, 'twelve': 29, 'thirteen': 30, 'fourteen': 27, 'fifteen': 29, 'sixteen': 28}",0.0509240000000019
951,"{'one': 29, 'two': 30, 'three': 30, 'four': 28, 'five': 28, 'six': 27, 'seven': 30, 'eight': 29, 'nine': 30, 'ten': 29, 'eleven': 28, 'twelve': 30, 'thirteen': 30, 'fourteen': 27, 'fifteen': 29, 'sixteen': 28}",0.124316
952,"{'one': 30, 'two': 26, 'three': 27, 'four': 28, 'five': 26, 'six': 29, 'seven': 27, 'eight': 29, 'nine': 29, 'ten': 28, 'eleven': 26, 'twelve': 29, 'thirteen': 28, 'fourteen': 29, 'fifteen': 29, 'sixteen': 27}",0.393623999999995
953,"{'one': 30, 'two': 27, 'three': 27, 'four': 28, 'five': 30, 'six': 30, 'seven': 26, 'eight': 26, 'nine': 28, 'ten': 26, 'eleven': 30, 'twelve': 30, 'thirteen': 30, 'fourteen': 29, 'fifteen': 30, 'sixteen': 26}",-0.0291219999999938
955,"{'one': 29, 'two': 27, 'three': 29, 'four': 26, 'five': 30, 'six': 30, 'seven': 29, 'eight': 26, 'nine': 26, 'ten': 26, 'eleven': 29, 'twelve': 26, 'thirteen': 28, 'fourteen': 28, 'fifteen': 30, 'sixteen': 26}",-0.0471949999999949
956,"{'one': 26, 'two': 28, 'three': 30, 'four': 30, 'five': 26, 'six': 28, 'seven': 26, 'eight': 28, 'nine': 29, 'ten': 26, 'eleven': 26, 'twelve': 27, 'thirteen': 27, 'fourteen': 30, 'fifteen': 30, 'sixteen': 27}",0.0619489999999913
957,"{'one': 30, 'two': 28, 'three': 28, 'four': 28, 'five': 27, 'six': 29, 'seven': 26, 'eight': 26, 'nine': 28, 'ten': 30, 'eleven': 28, 'twelve': 30, 'thirteen': 26, 'fourteen': 29, 'fifteen': 26, 'sixteen': 28}",0.48201199999999
959,"{'one': 26, 'two': 27, 'three': 28, 'four': 29, 'five': 30, 'six': 26, 'seven': 30, 'eight': 26, 'nine': 29, 'ten': 28, 'eleven': 26, 'twelve': 27, 'thirteen': 27, 'fourteen': 28, 'fifteen': 30, 'sixteen': 28}",0.120748999999996
960,"{'one': 29, 'two': 30, 'three': 30, 'four': 26, 'five': 28, 'six': 26, 'seven': 28, 'eight': 29, 'nine': 29, 'ten': 30, 'eleven': 27, 'twelve': 26, 'thirteen': 26, 'fourteen': 28, 'fifteen': 28, 'sixteen': 27}",0.31517800000001
961,"{'one': 26, 'two': 27, 'three': 27, 'four': 30, 'five': 30, 'six': 28, 'seven': 28, 'eight': 27, 'nine': 28, 'ten': 30, 'eleven': 28, 'twelve': 27, 'thirteen': 28, 'fourteen': 30, 'fifteen': 27, 'sixteen': 30}",0.361291000000001
963,"{'one': 27, 'two': 27, 'three': 26, 'four': 26, 'five': 26, 'six': 29, 'seven': 29, 'eight': 30, 'nine': 28, 'ten': 29, 'eleven': 30, 'twelve': 28, 'thirteen': 28, 'fourteen': 30, 'fifteen': 29, 'sixteen': 28}",0.287188000000007
964,"{'one': 27, 'two': 26, 'three': 26, 'four': 26, 'five': 29, 'six': 26, 'seven': 30, 'eight': 27, 'nine': 28, 'ten': 29, 'eleven': 30, 'twelve': 29, 'thirteen': 29, 'fourteen': 27, 'fifteen': 29, 'sixteen': 28}",0.103372999999997
965,"{'one': 28, 'two': 28, 'three': 26, 'four': 27, 'five': 28, 'six': 30, 'seven': 28, 'eight': 29, 'nine': 26, 'ten': 27, 'eleven': 29, 'twelve': 29, 'thirteen': 30, 'fourteen': 29, 'fifteen': 30, 'sixteen': 29}",0.0935480000000055
966,"{'one': 28, 'two': 30, 'three': 30, 'four': 27, 'five': 28, 'six': 29, 'seven': 28, 'eight': 28, 'nine': 27, 'ten': 26, 'eleven': 26, 'twelve': 30, 'thirteen': 29, 'fourteen': 29, 'fifteen': 27, 'sixteen': 30}",0.0523650000000017
969,"{'one': 27, 'two': 26, 'three': 30, 'four': 30, 'five': 27, 'six': 28, 'seven': 28, 'eight': 28, 'nine': 29, 'ten': 27, 'eleven': 30, 'twelve': 27, 'thirteen': 29, 'fourteen': 28, 'fifteen': 28, 'sixteen': 29}",-0.0198970000000073
973,"{'one': 29, 'two': 30, 'three': 26, 'four': 26, 'five': 29, 'six': 26, 'seven': 27, 'eight': 27, 'nine': 28, 'ten': 28, 'eleven': 26, 'twelve': 29, 'thirteen': 29, 'fourteen': 29, 'fifteen': 27, 'sixteen': 27}",0.339734
974,"{'one': 27, 'two': 26, 'three': 30, 'four': 30, 'five': 28, 'six': 29, 'seven': 27, 'eight': 29, 'nine': 27, 'ten': 27, 'eleven': 26, 'twelve': 29, 'thirteen': 30, 'fourteen': 27, 'fifteen': 26, 'sixteen': 27}",-0.142867000000002
975,"{'one': 27, 'two': 26, 'three': 28, 'four': 30, 'five': 26, 'six': 28, 'seven': 28, 'eight': 27, 'nine': 27, 'ten': 30, 'eleven': 28, 'twelve': 26, 'thirteen': 26, 'fourteen': 26, 'fifteen': 29, 'sixteen': 30}",-0.0494279999999989
976,"{'one': 29, 'two': 26, 'three': 29, 'four': 27, 'five': 27, 'six': 27, 'seven': 27, 'eight': 29, 'nine': 29, 'ten': 30, 'eleven': 26, 'twelve': 30, 'thirteen': 30, 'fourteen': 26, 'fifteen': 30, 'sixteen': 26}",-0.0390619999999941
977,"{'one': 28, 'two': 29, 'three': 28, 'four': 26, 'five': 26, 'six': 27, 'seven': 28, 'eight': 26, 'nine': 30, 'ten': 30, 'eleven': 26, 'twelve': 28, 'thirteen': 27, 'fourteen': 26, 'fifteen': 28, 'sixteen': 27}",0.0774200000000107
978,"{'one': 27, 'two': 28, 'three': 28, 'four': 27, 'five': 28, 'six': 30, 'seven': 30, 'eight': 27, 'nine': 26, 'ten': 28, 'eleven': 26, 'twelve': 26, 'thirteen': 26, 'fourteen': 26, 'fifteen': 28, 'sixteen': 27}",-0.169080999999998
979,"{'one': 30, 'two': 30, 'three': 27, 'four': 30, 'five': 28, 'six': 29, 'seven': 26, 'eight': 28, 'nine': 29, 'ten': 28, 'eleven': 30, 'twelve': 27, 'thirteen': 29, 'fourteen': 30, 'fifteen': 29, 'sixteen': 30}",0.213219000000002
980,"{'one': 29, 'two': 27, 'three': 27, 'four': 28, 'five': 28, 'six': 28, 'seven': 29, 'eight': 30, 'nine': 29, 'ten': 29, 'eleven': 30, 'twelve': 30, 'thirteen': 30, 'fourteen': 29, 'fifteen': 27, 'sixteen': 26}",0.292452999999994
981,"{'one': 26, 'two': 26, 'three': 27, 'four': 29, 'five': 27, 'six': 27, 'seven': 29, 'eight': 26, 'nine': 28, 'ten': 27, 'eleven': 29, 'twelve': 28, 'thirteen': 28, 'fourteen': 29, 'fifteen': 28, 'sixteen': 28}",0.295573000000011
982,"{'one': 26, 'two': 28, 'three': 29, 'four': 28, 'five': 27, 'six': 27, 'seven': 27, 'eight': 27, 'nine': 29, 'ten': 28, 'eleven': 28, 'twelve': 26, 'thirteen': 26, 'fourteen': 26, 'fifteen': 28, 'sixteen': 30}",-0.122267999999998
983,"{'one': 28, 'two': 29, 'three': 29, 'four': 29, 'five': 30, 'six': 28, 'seven': 27, 'eight': 27, 'nine': 28, 'ten': 29, 'eleven': 26, 'twelve': 28, 'thirteen': 28, 'fourteen': 28, 'fifteen': 28, 'sixteen': 28}",0.289802000000001
984,"{'one': 30, 'two': 26, 'three': 26, 'four': 29, 'five': 28, 'six': 26, 'seven': 26, 'eight': 30, 'nine': 26, 'ten': 29, 'eleven': 30, 'twelve': 27, 'thirteen': 28, 'fourteen': 28, 'fifteen': 29, 'sixteen': 27}",0.326896999999995
985,"{'one': 29, 'two': 30, 'three': 27, 'four': 27, 'five': 27, 'six': 27, 'seven': 30, 'eight': 27, 'nine': 30, 'ten': 28, 'eleven': 30, 'twelve': 26, 'thirteen': 26, 'fourteen': 27, 'fifteen': 29, 'sixteen': 29}",-0.002525999999996
986,"{'one': 27, 'two': 30, 'three': 26, 'four': 28, 'five': 29, 'six': 30, 'seven': 26, 'eight': 26, 'nine': 28, 'ten': 29, 'eleven': 27, 'twelve': 28, 'thirteen': 27, 'fourteen': 30, 'fifteen': 26, 'sixteen': 29}",0.566136000000007
987,"{'one': 26, 'two': 30, 'three': 27, 'four': 29, 'five': 29, 'six': 26, 'seven': 27, 'eight': 28, 'nine': 26, 'ten': 29, 'eleven': 30, 'twelve': 30, 'thirteen': 26, 'fourteen': 27, 'fifteen': 30, 'sixteen': 28}",0.211120000000001
988,"{'one': 29, 'two': 28, 'three': 26, 'four': 28, 'five': 27, 'six': 30, 'seven': 30, 'eight': 28, 'nine': 30, 'ten': 27, 'eleven': 28, 'twelve': 28, 'thirteen': 29, 'fourteen': 29, 'fifteen': 28, 'sixteen': 26}",0.0808350000000004
989,"{'one': 29, 'two': 28, 'three': 27, 'four': 30, 'five': 26, 'six': 27, 'seven': 27, 'eight': 27, 'nine': 30, 'ten': 28, 'eleven': 30, 'twelve': 27, 'thirteen': 28, 'fourteen': 29, 'fifteen': 27, 'sixteen': 29}",0.0916720000000097
990,"{'one': 30, 'two': 27, 'three': 27, 'four': 29, 'five': 26, 'six': 28, 'seven': 30, 'eight': 28, 'nine': 29, 'ten': 30, 'eleven': 28, 'twelve': 26, 'thirteen': 29, 'fourteen': 28, 'fifteen': 29, 'sixteen': 27}",0.0265860000000017
991,"{'one': 28, 'two': 27, 'three': 28, 'four': 29, 'five': 26, 'six': 30, 'seven': 27, 'eight': 29, 'nine': 30, 'ten': 27, 'eleven': 30, 'twelve': 30, 'thirteen': 28, 'fourteen': 29, 'fifteen': 29, 'sixteen': 30}",0.0888109999999926
992,"{'one': 28, 'two': 29, 'three': 29, 'four': 30, 'five': 27, 'six': 26, 'seven': 29, 'eight': 28, 'nine': 26, 'ten': 30, 'eleven': 28, 'twelve': 28, 'thirteen': 26, 'fourteen': 30, 'fifteen': 30, 'sixteen': 26}",0.34161199999999
993,"{'one': 30, 'two': 29, 'three': 27, 'four': 28, 'five': 29, 'six': 30, 'seven': 30, 'eight': 28, 'nine': 26, 'ten': 27, 'eleven': 30, 'twelve': 29, 'thirteen': 30, 'fourteen': 27, 'fifteen': 29, 'sixteen': 26}",-0.302286999999999
994,"{'one': 28, 'two': 26, 'three': 30, 'four': 26, 'five': 29, 'six': 26, 'seven': 27, 'eight': 29, 'nine': 26, 'ten': 27, 'eleven': 27, 'twelve': 26, 'thirteen': 27, 'fourteen': 30, 'fifteen': 26, 'sixteen': 26}",0.179214000000008
995,"{'one': 28, 'two': 27, 'three': 27, 'four': 28, 'five': 27, 'six': 30, 'seven': 28, 'eight': 26, 'nine': 26, 'ten': 27, 'eleven': 27, 'twelve': 26, 'thirteen': 29, 'fourteen': 26, 'fifteen': 27, 'sixteen': 30}",-0.295932999999998
996,"{'one': 26, 'two': 30, 'three': 28, 'four': 30, 'five': 28, 'six': 29, 'seven': 26, 'eight': 27, 'nine': 27, 'ten': 27, 'eleven': 28, 'twelve': 30, 'thirteen': 29, 'fourteen': 27, 'fifteen': 30, 'sixteen': 26}",-0.22227999999999
997,"{'one': 27, 'two': 30, 'three': 26, 'four': 30, 'five': 30, 'six': 27, 'seven': 27, 'eight': 26, 'nine': 26, 'ten': 29, 'eleven': 29, 'twelve': 30, 'thirteen': 27, 'fourteen': 30, 'fifteen': 30, 'sixteen': 29}",0.301541
998,"{'one': 27, 'two': 28, 'three': 30, 'four': 30, 'five': 27, 'six': 28, 'seven': 26, 'eight': 30, 'nine': 26, 'ten': 30, 'eleven': 30, 'twelve': 29, 'thirteen': 27, 'fourteen': 27, 'fifteen': 27, 'sixteen': 28}",0.0819710000000029
1000,"{'one': 29, 'two': 30, 'three': 27, 'four': 30, 'five': 29, 'six': 29, 'seven': 27, 'eight': 28, 'nine': 27, 'ten': 26, 'eleven': 26, 'twelve': 26, 'thirteen': 29, 'fourteen': 29, 'fifteen': 30, 'sixteen': 30}",-0.0015200000000064
1001,"{'one': 30, 'two': 30, 'three': 29, 'four': 26, 'five': 26, 'six': 27, 'seven': 30, 'eight': 29, 'nine': 26, 'ten': 29, 'eleven': 30, 'twelve': 30, 'thirteen': 28, 'fourteen': 29, 'fifteen': 29, 'sixteen': 27}",0.370999000000004
1002,"{'one': 28, 'two': 30, 'three': 30, 'four': 27, 'five': 30, 'six': 30, 'seven': 26, 'eight': 28, 'nine': 27, 'ten': 28, 'eleven': 26, 'twelve': 28, 'thirteen': 28, 'fourteen': 30, 'fifteen': 27, 'sixteen': 26}",0.374220999999998
1003,"{'one': 28, 'two': 30, 'three': 28, 'four': 29, 'five': 26, 'six': 29, 'seven': 30, 'eight': 28, 'nine': 28, 'ten': 29, 'eleven': 30, 'twelve': 26, 'thirteen': 26, 'fourteen': 28, 'fifteen': 26, 'sixteen': 26}",0.375616
1004,"{'one': 27, 'two': 30, 'three': 27, 'four': 29, 'five': 26, 'six': 29, 'seven': 29, 'eight': 30, 'nine': 29, 'ten': 29, 'eleven': 27, 'twelve': 26, 'thirteen': 26, 'fourteen': 26, 'fifteen': 27, 'sixteen': 30}",0.117793000000013
1005,"{'one': 28, 'two': 28, 'three': 29, 'four': 29, 'five': 29, 'six': 29, 'seven': 30, 'eight': 27, 'nine': 29, 'ten': 28, 'eleven': 29, 'twelve': 27, 'thirteen': 26, 'fourteen': 27, 'fifteen': 28, 'sixteen': 29}",-0.190936999999998
1006,"{'one': 28, 'two': 28, 'three': 27, 'four': 30, 'five': 29, 'six': 30, 'seven': 29, 'eight': 28, 'nine': 30, 'ten': 27, 'eleven': 28, 'twelve': 30, 'thirteen': 28, 'fourteen': 29, 'fifteen': 29, 'sixteen': 26}",0.134323000000001
1009,"{'one': 26, 'two': 30, 'three': 30, 'four': 26, 'five': 29, 'six': 28, 'seven': 26, 'eight': 30, 'nine': 30, 'ten': 26, 'eleven': 26, 'twelve': 26, 'thirteen': 28, 'fourteen': 28, 'fifteen': 28, 'sixteen': 26}",-0.165798999999999
1010,"{'one': 27, 'two': 27, 'three': 27, 'four': 29, 'five': 30, 'six': 27, 'seven': 30, 'eight': 27, 'nine': 30, 'ten': 28, 'eleven': 28, 'twelve': 28, 'thirteen': 29, 'fourteen': 26, 'fifteen': 28, 'sixteen': 26}",-0.169935000000002
1011,"{'one': 27, 'two': 30, 'three': 26, 'four': 27, 'five': 26, 'six': 27, 'seven': 26, 'eight': 26, 'nine': 29, 'ten': 27, 'eleven': 28, 'twelve': 29, 'thirteen': 29, 'fourteen': 27, 'fifteen': 29, 'sixteen': 27}",-0.203780999999999
1012,"{'one': 27, 'two': 29, 'three': 27, 'four': 27, 'five': 27, 'six': 27, 'seven': 28, 'eight': 28, 'nine': 28, 'ten': 29, 'eleven': 26, 'twelve': 30, 'thirteen': 26, 'fourteen': 26, 'fifteen': 29, 'sixteen': 27}",0.141788000000012
1013,"{'one': 27, 'two': 28, 'three': 30, 'four': 26, 'five': 28, 'six': 30, 'seven': 30, 'eight': 27, 'nine': 29, 'ten': 29, 'eleven': 27, 'twelve': 28, 'thirteen': 30, 'fourteen': 29, 'fifteen': 29, 'sixteen': 28}",0.356209999999997
1014,"{'one': 28, 'two': 29, 'three': 30, 'four': 26, 'five': 28, 'six': 26, 'seven': 27, 'eight': 27, 'nine': 28, 'ten': 29, 'eleven': 28, 'twelve': 28, 'thirteen': 30, 'fourteen': 27, 'fifteen': 28, 'sixteen': 30}",0.293164999999994
1016,"{'one': 27, 'two': 28, 'three': 30, 'four': 26, 'five': 28, 'six': 27, 'seven': 27, 'eight': 29, 'nine': 28, 'ten': 27, 'eleven': 28, 'twelve': 27, 'thirteen': 27, 'fourteen': 26, 'fifteen': 29, 'sixteen': 26}",-0.229794999999988
1017,"{'one': 28, 'two': 26, 'three': 30, 'four': 27, 'five': 30, 'six': 29, 'seven': 26, 'eight': 28, 'nine': 30, 'ten': 30, 'eleven': 29, 'twelve': 27, 'thirteen': 30, 'fourteen': 27, 'fifteen': 29, 'sixteen': 26}",-0.0369700000000037
1018,"{'one': 30, 'two': 26, 'three': 27, 'four': 28, 'five': 26, 'six': 29, 'seven': 27, 'eight': 27, 'nine': 27, 'ten': 29, 'eleven': 28, 'twelve': 27, 'thirteen': 29, 'fourteen': 28, 'fifteen': 28, 'sixteen': 30}",0.287029999999994
1019,"{'one': 27, 'two': 26, 'three': 28, 'four': 27, 'five': 29, 'six': 28, 'seven': 27, 'eight': 28, 'nine': 28, 'ten': 29, 'eleven': 26, 'twelve': 29, 'thirteen': 27, 'fourteen': 26, 'fifteen': 28, 'sixteen': 28}",0.0579959999999957
1020,"{'one': 30, 'two': 30, 'three': 27, 'four': 26, 'five': 27, 'six': 30, 'seven': 29, 'eight': 26, 'nine': 27, 'ten': 29, 'eleven': 30, 'twelve': 30, 'thirteen': 29, 'fourteen': 28, 'fifteen': 27, 'sixteen': 29}",0.326882000000004
1021,"{'one': 27, 'two': 26, 'three': 29, 'four': 28, 'five': 28, 'six': 27, 'seven': 29, 'eight': 28, 'nine': 27, 'ten': 27, 'eleven': 29, 'twelve': 29, 'thirteen': 27, 'fourteen': 29, 'fifteen': 26, 'sixteen': 27}",0.232319000000011
1023,"{'one': 28, 'two': 30, 'three': 30, 'four': 26, 'five': 28, 'six': 28, 'seven': 30, 'eight': 29, 'nine': 28, 'ten': 28, 'eleven': 28, 'twelve': 26, 'thirteen': 27, 'fourteen': 30, 'fifteen': 28, 'sixteen': 27}",0.347001999999996
1024,"{'one': 26, 'two': 28, 'three': 29, 'four': 30, 'five': 26, 'six': 27, 'seven': 29, 'eight': 26, 'nine': 28, 'ten': 27, 'eleven': 29, 'twelve': 28, 'thirteen': 30, 'fourteen': 26, 'fifteen': 30, 'sixteen': 28}",-0.413542999999997
1025,"{'one': 27, 'two': 30, 'three': 26, 'four': 26, 'five': 30, 'six': 27, 'seven': 26, 'eight': 28, 'nine': 30, 'ten': 28, 'eleven': 27, 'twelve': 27, 'thirteen': 27, 'fourteen': 28, 'fifteen': 27, 'sixteen': 29}",0.159075999999991
1026,"{'one': 28, 'two': 26, 'three': 30, 'four': 28, 'five': 30, 'six': 30, 'seven': 27, 'eight': 28, 'nine': 30, 'ten': 30, 'eleven': 26, 'twelve': 28, 'thirteen': 29, 'fourteen': 28, 'fifteen': 29, 'sixteen': 27}",0.111548000000006
1027,"{'one': 29, 'two': 27, 'three': 29, 'four': 30, 'five': 26, 'six': 29, 'seven': 29, 'eight': 30, 'nine': 29, 'ten': 27, 'eleven': 28, 'twelve': 28, 'thirteen': 27, 'fourteen': 27, 'fifteen': 28, 'sixteen': 26}",-0.078458999999988
1028,"{'one': 28, 'two': 29, 'three': 28, 'four': 28, 'five': 27, 'six': 27, 'seven': 30, 'eight': 26, 'nine': 27, 'ten': 30, 'eleven': 26, 'twelve': 26, 'thirteen': 30, 'fourteen': 26, 'fifteen': 29, 'sixteen': 27}",-0.0004530000000002
1029,"{'one': 28, 'two': 26, 'three': 26, 'four': 27, 'five': 28, 'six': 26, 'seven': 27, 'eight': 29, 'nine': 27, 'ten': 28, 'eleven': 28, 'twelve': 29, 'thirteen': 29, 'fourteen': 27, 'fifteen': 28, 'sixteen': 30}",0.212996999999994
1030,"{'one': 27, 'two': 26, 'three': 27, 'four': 28, 'five': 27, 'six': 30, 'seven': 26, 'eight': 26, 'nine': 26, 'ten': 28, 'eleven': 27, 'twelve': 26, 'thirteen': 30, 'fourteen': 26, 'fifteen': 27, 'sixteen': 27}",-0.0884110000000006
1031,"{'one': 29, 'two': 29, 'three': 30, 'four': 26, 'five': 26, 'six': 29, 'seven': 26, 'eight': 27, 'nine': 28, 'ten': 30, 'eleven': 27, 'twelve': 26, 'thirteen': 27, 'fourteen': 27, 'fifteen': 26, 'sixteen': 26}",0.0796300000000016
1033,"{'one': 27, 'two': 28, 'three': 27, 'four': 30, 'five': 27, 'six': 28, 'seven': 27, 'eight': 30, 'nine': 28, 'ten': 30, 'eleven': 29, 'twelve': 29, 'thirteen': 30, 'fourteen': 28, 'fifteen': 26, 'sixteen': 27}",0.117457999999992
1034,"{'one': 29, 'two': 27, 'three': 26, 'four': 28, 'five': 26, 'six': 29, 'seven': 30, 'eight': 30, 'nine': 29, 'ten': 26, 'eleven': 27, 'twelve': 26, 'thirteen': 29, 'fourteen': 26, 'fifteen': 28, 'sixteen': 27}",-0.420234
1035,"{'one': 30, 'two': 26, 'three': 27, 'four': 30, 'five': 29, 'six': 27, 'seven': 29, 'eight': 26, 'nine': 26, 'ten': 27, 'eleven': 29, 'twelve': 26, 'thirteen': 29, 'fourteen': 30, 'fifteen': 29, 'sixteen': 26}",0.127997
1036,"{'one': 26, 'two': 29, 'three': 29, 'four': 29, 'five': 27, 'six': 28, 'seven': 26, 'eight': 27, 'nine': 28, 'ten': 26, 'eleven': 29, 'twelve': 30, 'thirteen': 29, 'fourteen': 27, 'fifteen': 29, 'sixteen': 29}",-0.447353999999997
1037,"{'one': 28, 'two': 29, 'three': 28, 'four': 29, 'five': 27, 'six': 29, 'seven': 27, 'eight': 27, 'nine': 27, 'ten': 28, 'eleven': 29, 'twelve': 27, 'thirteen': 29, 'fourteen': 26, 'fifteen': 26, 'sixteen': 29}",-0.120258999999997
1041,"{'one': 28, 'two': 29, 'three': 26, 'four': 28, 'five': 30, 'six': 29, 'seven': 28, 'eight': 26, 'nine': 29, 'ten': 28, 'eleven': 28, 'twelve': 27, 'thirteen': 29, 'fourteen': 29, 'fifteen': 26, 'sixteen': 29}",0.263833999999995
1042,"{'one': 27, 'two': 28, 'three': 28, 'four': 28, 'five': 29, 'six': 29, 'seven': 26, 'eight': 30, 'nine': 26, 'ten': 28, 'eleven': 26, 'twelve': 27, 'thirteen': 27, 'fourteen': 26, 'fifteen': 29, 'sixteen': 26}",-0.162945999999998
1043,"{'one': 28, 'two': 29, 'three': 26, 'four': 26, 'five': 30, 'six': 30, 'seven': 29, 'eight': 30, 'nine': 26, 'ten': 28, 'eleven': 30, 'twelve': 28, 'thirteen': 28, 'fourteen': 26, 'fifteen': 30, 'sixteen': 28}",-0.0645660000000063
1045,"{'one': 29, 'two': 29, 'three': 27, 'four': 28, 'five': 29, 'six': 29, 'seven': 28, 'eight': 26, 'nine': 29, 'ten': 29, 'eleven': 28, 'twelve': 26, 'thirteen': 27, 'fourteen': 29, 'fifteen': 28, 'sixteen': 30}",0.599263
1046,"{'one': 29, 'two': 26, 'three': 26, 'four': 30, 'five': 27, 'six': 26, 'seven': 29, 'eight': 30, 'nine': 30, 'ten': 28, 'eleven': 26, 'twelve': 28, 'thirteen': 27, 'fourteen': 28, 'fifteen': 30, 'sixteen': 26}",0.157451999999999
1047,"{'one': 27, 'two': 27, 'three': 29, 'four': 30, 'five': 29, 'six': 30, 'seven': 30, 'eight': 27, 'nine': 30, 'ten': 30, 'eleven': 30, 'twelve': 27, 'thirteen': 28, 'fourteen': 30, 'fifteen': 29, 'sixteen': 29}",0.376598000000001
1048,"{'one': 27, 'two': 28, 'three': 28, 'four': 30, 'five': 26, 'six': 29, 'seven': 28, 'eight': 28, 'nine': 26, 'ten': 27, 'eleven': 28, 'twelve': 26, 'thirteen': 29, 'fourteen': 30, 'fifteen': 27, 'sixteen': 30}",0.109946
1049,"{'one': 26, 'two': 28, 'three': 30, 'four': 28, 'five': 29, 'six': 26, 'seven': 28, 'eight': 28, 'nine': 29, 'ten': 28, 'eleven': 29, 'twelve': 30, 'thirteen': 30, 'fourteen': 28, 'fifteen': 26, 'sixteen': 27}",0.038655999999996
1050,"{'one': 27, 'two': 28, 'three': 26, 'four': 27, 'five': 29, 'six': 26, 'seven': 28, 'eight': 29, 'nine': 28, 'ten': 28, 'eleven': 30, 'twelve': 29, 'thirteen': 26, 'fourteen': 26, 'fifteen': 26, 'sixteen': 30}",-0.216133999999989
1053,"{'one': 30, 'two': 29, 'three': 29, 'four': 30, 'five': 26, 'six': 29, 'seven': 29, 'eight': 27, 'nine': 27, 'ten': 26, 'eleven': 30, 'twelve': 27, 'thirteen': 30, 'fourteen': 27, 'fifteen': 30, 'sixteen': 26}",-0.481583999999998
1054,"{'one': 30, 'two': 27, 'three': 27, 'four': 29, 'five': 26, 'six': 29, 'seven': 28, 'eight': 30, 'nine': 27, 'ten': 27, 'eleven': 27, 'twelve': 29, 'thirteen': 26, 'fourteen': 28, 'fifteen': 28, 'sixteen': 29}",0.0440059999999888
1055,"{'one': 30, 'two': 28, 'three': 30, 'four': 27, 'five': 27, 'six': 29, 'seven': 28, 'eight': 30, 'nine': 29, 'ten': 27, 'eleven': 26, 'twelve': 29, 'thirteen': 29, 'fourteen': 29, 'fifteen': 29, 'sixteen': 28}",0.148512000000003
1056,"{'one': 27, 'two': 30, 'three': 27, 'four': 28, 'five': 29, 'six': 26, 'seven': 30, 'eight': 27, 'nine': 30, 'ten': 28, 'eleven': 29, 'twelve': 27, 'thirteen': 29, 'fourteen': 27, 'fifteen': 30, 'sixteen': 28}",0.0097680000000011
1057,"{'one': 26, 'two': 29, 'three': 26, 'four': 26, 'five': 28, 'six': 29, 'seven': 28, 'eight': 28, 'nine': 29, 'ten': 29, 'eleven': 30, 'twelve': 30, 'thirteen': 30, 'fourteen': 30, 'fifteen': 28, 'sixteen': 27}",0.355921000000002
1058,"{'one': 26, 'two': 29, 'three': 27, 'four': 26, 'five': 26, 'six': 26, 'seven': 28, 'eight': 29, 'nine': 26, 'ten': 27, 'eleven': 26, 'twelve': 27, 'thirteen': 29, 'fourteen': 27, 'fifteen': 26, 'sixteen': 26}",-0.130834
1060,"{'one': 27, 'two': 29, 'three': 27, 'four': 26, 'five': 27, 'six': 26, 'seven': 28, 'eight': 30, 'nine': 30, 'ten': 27, 'eleven': 29, 'twelve': 27, 'thirteen': 27, 'fourteen': 26, 'fifteen': 29, 'sixteen': 29}",-0.411453999999999
1061,"{'one': 26, 'two': 28, 'three': 28, 'four': 29, 'five': 26, 'six': 27, 'seven': 30, 'eight': 27, 'nine': 26, 'ten': 27, 'eleven': 28, 'twelve': 28, 'thirteen': 29, 'fourteen': 26, 'fifteen': 29, 'sixteen': 30}",-0.310097000000006
1062,"{'one': 28, 'two': 27, 'three': 27, 'four': 29, 'five': 26, 'six': 30, 'seven': 27, 'eight': 29, 'nine': 26, 'ten': 26, 'eleven': 29, 'twelve': 28, 'thirteen': 30, 'fourteen': 29, 'fifteen': 29, 'sixteen': 28}",0.0955370000000002
1063,"{'one': 27, 'two': 29, 'three': 27, 'four': 29, 'five': 28, 'six': 26, 'seven': 29, 'eight': 29, 'nine': 27, 'ten': 26, 'eleven': 29, 'twelve': 30, 'thirteen': 27, 'fourteen': 28, 'fifteen': 29, 'sixteen': 29}",-0.0910830000000046
1064,"{'one': 29, 'two': 27, 'three': 27, 'four': 28, 'five': 29, 'six': 27, 'seven': 27, 'eight': 26, 'nine': 28, 'ten': 29, 'eleven': 27, 'twelve': 27, 'thirteen': 26, 'fourteen': 28, 'fifteen': 27, 'sixteen': 27}",0.297739999999997
1065,"{'one': 28, 'two': 28, 'three': 26, 'four': 26, 'five': 28, 'six': 29, 'seven': 28, 'eight': 28, 'nine': 29, 'ten': 26, 'eleven': 29, 'twelve': 29, 'thirteen': 28, 'fourteen': 29, 'fifteen': 27, 'sixteen': 29}",0.104745999999998
1067,"{'one': 27, 'two': 30, 'three': 28, 'four': 26, 'five': 27, 'six': 30, 'seven': 30, 'eight': 29, 'nine': 26, 'ten': 30, 'eleven': 29, 'twelve': 28, 'thirteen': 29, 'fourteen': 26, 'fifteen': 26, 'sixteen': 28}",0.109445
1068,"{'one': 30, 'two': 26, 'three': 30, 'four': 28, 'five': 28, 'six': 26, 'seven': 29, 'eight': 27, 'nine': 28, 'ten': 26, 'eleven': 26, 'twelve': 26, 'thirteen': 26, 'fourteen': 30, 'fifteen': 28, 'sixteen': 29}",0.0230840000000043
1069,"{'one': 30, 'two': 30, 'three': 28, 'four': 29, 'five': 28, 'six': 26, 'seven': 30, 'eight': 28, 'nine': 29, 'ten': 26, 'eleven': 28, 'twelve': 30, 'thirteen': 29, 'fourteen': 30, 'fifteen': 28, 'sixteen': 28}",-0.119949999999995
1070,"{'one': 27, 'two': 28, 'three': 28, 'four': 30, 'five': 27, 'six': 29, 'seven': 28, 'eight': 30, 'nine': 30, 'ten': 30, 'eleven': 26, 'twelve': 26, 'thirteen': 28, 'fourteen': 28, 'fifteen': 29, 'sixteen': 27}",0.240572000000007
1071,"{'one': 28, 'two': 29, 'three': 29, 'four': 26, 'five': 26, 'six': 29, 'seven': 26, 'eight': 27, 'nine': 30, 'ten': 27, 'eleven': 29, 'twelve': 29, 'thirteen': 28, 'fourteen': 26, 'fifteen': 30, 'sixteen': 30}",-0.507795000000008
1072,"{'one': 26, 'two': 28, 'three': 26, 'four': 27, 'five': 28, 'six': 29, 'seven': 27, 'eight': 26, 'nine': 27, 'ten': 29, 'eleven': 28, 'twelve': 30, 'thirteen': 28, 'fourteen': 28, 'fifteen': 26, 'sixteen': 29}",0.342249999999999
1073,"{'one': 28, 'two': 28, 'three': 30, 'four': 26, 'five': 28, 'six': 28, 'seven': 27, 'eight': 30, 'nine': 27, 'ten': 28, 'eleven': 30, 'twelve': 26, 'thirteen': 26, 'fourteen': 30, 'fifteen': 27, 'sixteen': 26}",0.139248000000002
1074,"{'one': 28, 'two': 26, 'three': 28, 'four': 28, 'five': 30, 'six': 28, 'seven': 26, 'eight': 28, 'nine': 26, 'ten': 28, 'eleven': 29, 'twelve': 28, 'thirteen': 26, 'fourteen': 29, 'fifteen': 27, 'sixteen': 30}",0.328983
1075,"{'one': 29, 'two': 28, 'three': 28, 'four': 28, 'five': 28, 'six': 27, 'seven': 26, 'eight': 26, 'nine': 27, 'ten': 27, 'eleven': 29, 'twelve': 29, 'thirteen': 26, 'fourteen': 27, 'fifteen': 27, 'sixteen': 28}",-0.102672000000005
1076,"{'one': 28, 'two': 27, 'three': 29, 'four': 27, 'five': 30, 'six': 29, 'seven': 30, 'eight': 29, 'nine': 30, 'ten': 29, 'eleven': 29, 'twelve': 28, 'thirteen': 26, 'fourteen': 28, 'fifteen': 26, 'sixteen': 30}",0.220914
1078,"{'one': 30, 'two': 27, 'three': 28, 'four': 29, 'five': 30, 'six': 29, 'seven': 26, 'eight': 29, 'nine': 26, 'ten': 27, 'eleven': 29, 'twelve': 27, 'thirteen': 26, 'fourteen': 28, 'fifteen': 26, 'sixteen': 29}",0.0334429999999983
1080,"{'one': 26, 'two': 27, 'three': 29, 'four': 28, 'five': 27, 'six': 26, 'seven': 28, 'eight': 28, 'nine': 30, 'ten': 27, 'eleven': 30, 'twelve': 26, 'thirteen': 27, 'fourteen': 26, 'fifteen': 30, 'sixteen': 29}",-0.234405000000002
1081,"{'one': 30, 'two': 29, 'three': 28, 'four': 29, 'five': 30, 'six': 30, 'seven': 27, 'eight': 30, 'nine': 29, 'ten': 27, 'eleven': 30, 'twelve': 26, 'thirteen': 26, 'fourteen': 26, 'fifteen': 30, 'sixteen': 27}",-0.223675
1083,"{'one': 29, 'two': 28, 'three': 28, 'four': 27, 'five': 28, 'six': 28, 'seven': 29, 'eight': 27, 'nine': 27, 'ten': 26, 'eleven': 30, 'twelve': 30, 'thirteen': 29, 'fourteen': 28, 'fifteen': 28, 'sixteen': 30}",-0.263179
1085,"{'one': 26, 'two': 26, 'three': 26, 'four': 27, 'five': 27, 'six': 28, 'seven': 29, 'eight': 26, 'nine': 28, 'ten': 28, 'eleven': 26, 'twelve': 30, 'thirteen': 29, 'fourteen': 26, 'fifteen': 26, 'sixteen': 27}",-0.0463699999999889
1086,"{'one': 26, 'two': 29, 'three': 26, 'four': 27, 'five': 28, 'six': 29, 'seven': 29, 'eight': 27, 'nine': 30, 'ten': 29, 'eleven': 26, 'twelve': 27, 'thirteen': 29, 'fourteen': 30, 'fifteen': 27, 'sixteen': 27}",0.374033000000004
1087,"{'one': 28, 'two': 27, 'three': 26, 'four': 30, 'five': 28, 'six': 30, 'seven': 27, 'eight': 29, 'nine': 27, 'ten': 27, 'eleven': 29, 'twelve': 28, 'thirteen': 26, 'fourteen': 27, 'fifteen': 29, 'sixteen': 29}",-0.100613000000002
1088,"{'one': 27, 'two': 26, 'three': 28, 'four': 26, 'five': 30, 'six': 30, 'seven': 26, 'eight': 30, 'nine': 26, 'ten': 27, 'eleven': 26, 'twelve': 27, 'thirteen': 30, 'fourteen': 26, 'fifteen': 27, 'sixteen': 26}",-0.234024000000012
1092,"{'one': 28, 'two': 29, 'three': 26, 'four': 29, 'five': 29, 'six': 26, 'seven': 28, 'eight': 26, 'nine': 30, 'ten': 29, 'eleven': 28, 'twelve': 30, 'thirteen': 26, 'fourteen': 27, 'fifteen': 26, 'sixteen': 30}",0.212929000000009
1094,"{'one': 29, 'two': 30, 'three': 26, 'four': 29, 'five': 26, 'six': 30, 'seven': 30, 'eight': 26, 'nine': 28, 'ten': 30, 'eleven': 26, 'twelve': 26, 'thirteen': 28, 'fourteen': 27, 'fifteen': 26, 'sixteen': 30}",0.161633000000001
1095,"{'one': 27, 'two': 26, 'three': 29, 'four': 28, 'five': 27, 'six': 27, 'seven': 28, 'eight': 29, 'nine': 29, 'ten': 26, 'eleven': 29, 'twelve': 28, 'thirteen': 26, 'fourteen': 29, 'fifteen': 29, 'sixteen': 29}",-0.0037280000000023
1096,"{'one': 29, 'two': 28, 'three': 27, 'four': 26, 'five': 28, 'six': 27, 'seven': 28, 'eight': 29, 'nine': 29, 'ten': 28, 'eleven': 28, 'twelve': 29, 'thirteen': 27, 'fourteen': 26, 'fifteen': 28, 'sixteen': 28}",-0.125503999999999
1097,"{'one': 27, 'two': 29, 'three': 27, 'four': 27, 'five': 30, 'six': 30, 'seven': 29, 'eight': 29, 'nine': 29, 'ten': 26, 'eleven': 26, 'twelve': 29, 'thirteen': 27, 'fourteen': 27, 'fifteen': 29, 'sixteen': 30}",-0.316460999999996
1098,"{'one': 29, 'two': 29, 'three': 30, 'four': 27, 'five': 27, 'six': 29, 'seven': 29, 'eight': 28, 'nine': 29, 'ten': 28, 'eleven': 28, 'twelve': 27, 'thirteen': 30, 'fourteen': 27, 'fifteen': 26, 'sixteen': 27}",-0.107777000000005
1099,"{'one': 28, 'two': 29, 'three': 30, 'four': 27, 'five': 28, 'six': 26, 'seven': 26, 'eight': 30, 'nine': 27, 'ten': 27, 'eleven': 29, 'twelve': 27, 'thirteen': 30, 'fourteen': 29, 'fifteen': 30, 'sixteen': 27}",0.0220820000000045
1100,"{'one': 26, 'two': 27, 'three': 27, 'four': 29, 'five': 27, 'six': 27, 'seven': 28, 'eight': 28, 'nine': 30, 'ten': 28, 'eleven': 30, 'twelve': 26, 'thirteen': 26, 'fourteen': 27, 'fifteen': 26, 'sixteen': 29}",-0.0422419999999945
1101,"{'one': 29, 'two': 30, 'three': 30, 'four': 26, 'five': 27, 'six': 27, 'seven': 27, 'eight': 26, 'nine': 30, 'ten': 29, 'eleven': 27, 'twelve': 30, 'thirteen': 30, 'fourteen': 30, 'fifteen': 26, 'sixteen': 28}",0.360664000000007
1103,"{'one': 30, 'two': 30, 'three': 29, 'four': 27, 'five': 30, 'six': 26, 'seven': 26, 'eight': 30, 'nine': 30, 'ten': 29, 'eleven': 27, 'twelve': 28, 'thirteen': 30, 'fourteen': 29, 'fifteen': 27, 'sixteen': 29}",0.496918000000007
1104,"{'one': 27, 'two': 28, 'three': 28, 'four': 28, 'five': 26, 'six': 27, 'seven': 28, 'eight': 30, 'nine': 29, 'ten': 27, 'eleven': 26, 'twelve': 28, 'thirteen': 26, 'fourteen': 28, 'fifteen': 30, 'sixteen': 28}",-0.156551
1105,"{'one': 26, 'two': 30, 'three': 29, 'four': 29, 'five': 28, 'six': 29, 'seven': 26, 'eight': 27, 'nine': 28, 'ten': 27, 'eleven': 27, 'twelve': 29, 'thirteen': 26, 'fourteen': 30, 'fifteen': 27, 'sixteen': 26}",0.113469999999999
1106,"{'one': 30, 'two': 30, 'three': 30, 'four': 27, 'five': 30, 'six': 28, 'seven': 29, 'eight': 29, 'nine': 27, 'ten': 30, 'eleven': 29, 'twelve': 29, 'thirteen': 27, 'fourteen': 30, 'fifteen': 30, 'sixteen': 29}",0.411266999999995
1107,"{'one': 28, 'two': 29, 'three': 27, 'four': 30, 'five': 26, 'six': 26, 'seven': 28, 'eight': 26, 'nine': 29, 'ten': 26, 'eleven': 27, 'twelve': 28, 'thirteen': 26, 'fourteen': 28, 'fifteen': 29, 'sixteen': 29}",-0.111749999999993
1108,"{'one': 30, 'two': 27, 'three': 30, 'four': 28, 'five': 26, 'six': 27, 'seven': 26, 'eight': 28, 'nine': 26, 'ten': 27, 'eleven': 27, 'twelve': 26, 'thirteen': 30, 'fourteen': 26, 'fifteen': 29, 'sixteen': 30}",-0.307166000000002
1109,"{'one': 30, 'two': 28, 'three': 26, 'four': 28, 'five': 27, 'six': 30, 'seven': 26, 'eight': 30, 'nine': 26, 'ten': 30, 'eleven': 26, 'twelve': 26, 'thirteen': 26, 'fourteen': 29, 'fifteen': 29, 'sixteen': 26}",0.567081999999992
1110,"{'one': 28, 'two': 28, 'three': 28, 'four': 26, 'five': 27, 'six': 26, 'seven': 29, 'eight': 29, 'nine': 26, 'ten': 26, 'eleven': 28, 'twelve': 30, 'thirteen': 26, 'fourteen': 27, 'fifteen': 29, 'sixteen': 28}",-0.122595000000011
1111,"{'one': 27, 'two': 30, 'three': 29, 'four': 29, 'five': 27, 'six': 27, 'seven': 29, 'eight': 29, 'nine': 29, 'ten': 28, 'eleven': 30, 'twelve': 27, 'thirteen': 28, 'fourteen': 30, 'fifteen': 27, 'sixteen': 29}",0.247606000000004
1113,"{'one': 29, 'two': 30, 'three': 30, 'four': 30, 'five': 27, 'six': 28, 'seven': 30, 'eight': 29, 'nine': 26, 'ten': 26, 'eleven': 30, 'twelve': 26, 'thirteen': 27, 'fourteen': 29, 'fifteen': 30, 'sixteen': 28}",0.162160000000007
1115,"{'one': 29, 'two': 29, 'three': 28, 'four': 28, 'five': 26, 'six': 27, 'seven': 29, 'eight': 26, 'nine': 27, 'ten': 28, 'eleven': 28, 'twelve': 29, 'thirteen': 28, 'fourteen': 28, 'fifteen': 28, 'sixteen': 30}",0.146737999999992
1116,"{'one': 28, 'two': 26, 'three': 29, 'four': 30, 'five': 30, 'six': 28, 'seven': 27, 'eight': 29, 'nine': 30, 'ten': 26, 'eleven': 29, 'twelve': 30, 'thirteen': 29, 'fourteen': 29, 'fifteen': 28, 'sixteen': 30}",-0.0141549999999952
1118,"{'one': 29, 'two': 30, 'three': 28, 'four': 29, 'five': 28, 'six': 27, 'seven': 26, 'eight': 28, 'nine': 30, 'ten': 30, 'eleven': 30, 'twelve': 26, 'thirteen': 27, 'fourteen': 29, 'fifteen': 29, 'sixteen': 29}",0.288185000000005
1119,"{'one': 28, 'two': 26, 'three': 27, 'four': 28, 'five': 27, 'six': 27, 'seven': 30, 'eight': 27, 'nine': 27, 'ten': 26, 'eleven': 26, 'twelve': 28, 'thirteen': 29, 'fourteen': 29, 'fifteen': 26, 'sixteen': 30}",0.0688749999999984
1120,"{'one': 26, 'two': 29, 'three': 29, 'four': 30, 'five': 30, 'six': 28, 'seven': 28, 'eight': 27, 'nine': 27, 'ten': 30, 'eleven': 29, 'twelve': 28, 'thirteen': 28, 'fourteen': 26, 'fifteen': 29, 'sixteen': 30}",0.0399469999999908
1122,"{'one': 28, 'two': 28, 'three': 27, 'four': 26, 'five': 29, 'six': 26, 'seven': 30, 'eight': 27, 'nine': 30, 'ten': 28, 'eleven': 30, 'twelve': 28, 'thirteen': 30, 'fourteen': 29, 'fifteen': 26, 'sixteen': 27}",0.0245090000000018
1124,"{'one': 28, 'two': 28, 'three': 26, 'four': 26, 'five': 26, 'six': 26, 'seven': 27, 'eight': 29, 'nine': 29, 'ten': 29, 'eleven': 26, 'twelve': 28, 'thirteen': 30, 'fourteen': 28, 'fifteen': 30, 'sixteen': 28}",0.173417000000007
1127,"{'one': 27, 'two': 27, 'three': 26, 'four': 28, 'five': 27, 'six': 28, 'seven': 29, 'eight': 27, 'nine': 28, 'ten': 27, 'eleven': 30, 'twelve': 29, 'thirteen': 26, 'fourteen': 28, 'fifteen': 30, 'sixteen': 28}",-0.133589999999991
1128,"{'one': 28, 'two': 26, 'three': 29, 'four': 27, 'five': 26, 'six': 29, 'seven': 30, 'eight': 26, 'nine': 27, 'ten': 26, 'eleven': 29, 'twelve': 28, 'thirteen': 29, 'fourteen': 26, 'fifteen': 29, 'sixteen': 29}",-0.461738000000004
1129,"{'one': 30, 'two': 28, 'three': 30, 'four': 30, 'five': 27, 'six': 27, 'seven': 28, 'eight': 29, 'nine': 27, 'ten': 28, 'eleven': 30, 'twelve': 30, 'thirteen': 28, 'fourteen': 27, 'fifteen': 28, 'sixteen': 29}",-0.0995490000000032
1131,"{'one': 29, 'two': 27, 'three': 30, 'four': 28, 'five': 27, 'six': 26, 'seven': 27, 'eight': 27, 'nine': 28, 'ten': 30, 'eleven': 27, 'twelve': 27, 'thirteen': 28, 'fourteen': 26, 'fifteen': 26, 'sixteen': 26}",0.0260469999999983
1132,"{'one': 30, 'two': 29, 'three': 30, 'four': 29, 'five': 26, 'six': 28, 'seven': 28, 'eight': 28, 'nine': 30, 'ten': 29, 'eleven': 28, 'twelve': 28, 'thirteen': 27, 'fourteen': 28, 'fifteen': 28, 'sixteen': 26}",0.246755999999997
1135,"{'one': 30, 'two': 29, 'three': 29, 'four': 26, 'five': 27, 'six': 30, 'seven': 26, 'eight': 26, 'nine': 30, 'ten': 29, 'eleven': 30, 'twelve': 27, 'thirteen': 29, 'fourteen': 28, 'fifteen': 27, 'sixteen': 26}",0.310774999999999
1137,"{'one': 29, 'two': 26, 'three': 27, 'four': 29, 'five': 30, 'six': 27, 'seven': 27, 'eight': 28, 'nine': 26, 'ten': 30, 'eleven': 30, 'twelve': 28, 'thirteen': 30, 'fourteen': 28, 'fifteen': 26, 'sixteen': 29}",0.137228999999997
1138,"{'one': 26, 'two': 26, 'three': 29, 'four': 29, 'five': 28, 'six': 30, 'seven': 29, 'eight': 28, 'nine': 29, 'ten': 26, 'eleven': 29, 'twelve': 30, 'thirteen': 27, 'fourteen': 29, 'fifteen': 28, 'sixteen': 29}",0.154450999999987
1139,"{'one': 30, 'two': 29, 'three': 28, 'four': 27, 'five': 30, 'six': 26, 'seven': 30, 'eight': 27, 'nine': 28, 'ten': 26, 'eleven': 26, 'twelve': 30, 'thirteen': 27, 'fourteen': 30, 'fifteen': 28, 'sixteen': 29}",-0.0570260000000004
1140,"{'one': 26, 'two': 30, 'three': 28, 'four': 27, 'five': 30, 'six': 26, 'seven': 29, 'eight': 29, 'nine': 30, 'ten': 27, 'eleven': 26, 'twelve': 27, 'thirteen': 29, 'fourteen': 27, 'fifteen': 30, 'sixteen': 26}",-0.153097999999992
1141,"{'one': 26, 'two': 29, 'three': 29, 'four': 27, 'five': 27, 'six': 30, 'seven': 28, 'eight': 29, 'nine': 27, 'ten': 30, 'eleven': 26, 'twelve': 26, 'thirteen': 29, 'fourteen': 27, 'fifteen': 29, 'sixteen': 29}",0.135489999999997
1143,"{'one': 30, 'two': 29, 'three': 30, 'four': 30, 'five': 30, 'six': 27, 'seven': 30, 'eight': 27, 'nine': 30, 'ten': 26, 'eleven': 28, 'twelve': 30, 'thirteen': 27, 'fourteen': 26, 'fifteen': 30, 'sixteen': 27}",-0.506194
1146,"{'one': 27, 'two': 26, 'three': 30, 'four': 28, 'five': 27, 'six': 28, 'seven': 30, 'eight': 28, 'nine': 29, 'ten': 26, 'eleven': 26, 'twelve': 27, 'thirteen': 26, 'fourteen': 30, 'fifteen': 28, 'sixteen': 26}",0.0962530000000114
1147,"{'one': 30, 'two': 30, 'three': 26, 'four': 30, 'five': 28, 'six': 26, 'seven': 29, 'eight': 26, 'nine': 27, 'ten': 28, 'eleven': 26, 'twelve': 28, 'thirteen': 27, 'fourteen': 28, 'fifteen': 27, 'sixteen': 27}",0.298583999999998
1148,"{'one': 30, 'two': 26, 'three': 27, 'four': 26, 'five': 28, 'six': 27, 'seven': 28, 'eight': 27, 'nine': 29, 'ten': 29, 'eleven': 27, 'twelve': 28, 'thirteen': 28, 'fourteen': 26, 'fifteen': 27, 'sixteen': 30}",0.0976619999999925
1149,"{'one': 27, 'two': 28, 'three': 26, 'four': 27, 'five': 27, 'six': 30, 'seven': 28, 'eight': 26, 'nine': 30, 'ten': 26, 'eleven': 28, 'twelve': 26, 'thirteen': 28, 'fourteen': 30, 'fifteen': 29, 'sixteen': 29}",-0.0651520000000047
1150,"{'one': 27, 'two': 30, 'three': 27, 'four': 26, 'five': 26, 'six': 30, 'seven': 29, 'eight': 29, 'nine': 29, 'ten': 30, 'eleven': 27, 'twelve': 29, 'thirteen': 30, 'fourteen': 27, 'fifteen': 30, 'sixteen': 28}",0.0667210000000082
1151,"{'one': 28, 'two': 26, 'three': 26, 'four': 29, 'five': 28, 'six': 26, 'seven': 28, 'eight': 30, 'nine': 28, 'ten': 27, 'eleven': 28, 'twelve': 29, 'thirteen': 27, 'fourteen': 28, 'fifteen': 30, 'sixteen': 30}",0.0918279999999995
1152,"{'one': 26, 'two': 27, 'three': 28, 'four': 26, 'five': 26, 'six': 30, 'seven': 29, 'eight': 29, 'nine': 28, 'ten': 29, 'eleven': 26, 'twelve': 29, 'thirteen': 30, 'fourteen': 27, 'fifteen': 28, 'sixteen': 27}",0.0890240000000019
1155,"{'one': 29, 'two': 28, 'three': 30, 'four': 27, 'five': 30, 'six': 29, 'seven': 30, 'eight': 29, 'nine': 30, 'ten': 26, 'eleven': 27, 'twelve': 27, 'thirteen': 27, 'fourteen': 28, 'fifteen': 30, 'sixteen': 29}",-0.235230000000001
1157,"{'one': 27, 'two': 26, 'three': 28, 'four': 28, 'five': 28, 'six': 28, 'seven': 26, 'eight': 26, 'nine': 28, 'ten': 27, 'eleven': 28, 'twelve': 28, 'thirteen': 29, 'fourteen': 27, 'fifteen': 26, 'sixteen': 27}",-0.0521729999999891
1158,"{'one': 29, 'two': 28, 'three': 27, 'four': 26, 'five': 26, 'six': 30, 'seven': 28, 'eight': 30, 'nine': 28, 'ten': 29, 'eleven': 28, 'twelve': 26, 'thirteen': 27, 'fourteen': 30, 'fifteen': 26, 'sixteen': 29}",0.453851000000007
1159,"{'one': 29, 'two': 29, 'three': 29, 'four': 26, 'five': 27, 'six': 30, 'seven': 26, 'eight': 28, 'nine': 26, 'ten': 29, 'eleven': 29, 'twelve': 26, 'thirteen': 29, 'fourteen': 26, 'fifteen': 29, 'sixteen': 28}",0.0453960000000037
1161,"{'one': 30, 'two': 28, 'three': 26, 'four': 27, 'five': 27, 'six': 30, 'seven': 28, 'eight': 28, 'nine': 29, 'ten': 28, 'eleven': 30, 'twelve': 26, 'thirteen': 28, 'fourteen': 30, 'fifteen': 29, 'sixteen': 27}",0.0865810000000024
1162,"{'one': 30, 'two': 28, 'three': 27, 'four': 28, 'five': 29, 'six': 30, 'seven': 27, 'eight': 28, 'nine': 28, 'ten': 29, 'eleven': 30, 'twelve': 27, 'thirteen': 27, 'fourteen': 27, 'fifteen': 29, 'sixteen': 28}",0.0236849999999932
1163,"{'one': 27, 'two': 27, 'three': 30, 'four': 26, 'five': 29, 'six': 30, 'seven': 26, 'eight': 29, 'nine': 30, 'ten': 30, 'eleven': 26, 'twelve': 26, 'thirteen': 28, 'fourteen': 29, 'fifteen': 30, 'sixteen': 26}",0.380409000000007
1164,"{'one': 30, 'two': 26, 'three': 29, 'four': 27, 'five': 26, 'six': 27, 'seven': 28, 'eight': 30, 'nine': 29, 'ten': 26, 'eleven': 29, 'twelve': 27, 'thirteen': 28, 'fourteen': 27, 'fifteen': 29, 'sixteen': 30}",-0.226064999999998
1166,"{'one': 28, 'two': 28, 'three': 26, 'four': 26, 'five': 30, 'six': 28, 'seven': 27, 'eight': 30, 'nine': 27, 'ten': 27, 'eleven': 30, 'twelve': 30, 'thirteen': 28, 'fourteen': 29, 'fifteen': 30, 'sixteen': 29}",0.0155669999999972
1167,"{'one': 26, 'two': 26, 'three': 26, 'four': 29, 'five': 27, 'six': 30, 'seven': 26, 'eight': 29, 'nine': 27, 'ten': 28, 'eleven': 28, 'twelve': 27, 'thirteen': 27, 'fourteen': 30, 'fifteen': 27, 'sixteen': 30}",0.321138999999995
1168,"{'one': 28, 'two': 29, 'three': 26, 'four': 26, 'five': 27, 'six': 29, 'seven': 29, 'eight': 28, 'nine': 29, 'ten': 28, 'eleven': 28, 'twelve': 30, 'thirteen': 28, 'fourteen': 26, 'fifteen': 30, 'sixteen': 29}",-0.231503999999993
1169,"{'one': 27, 'two': 27, 'three': 29, 'four': 30, 'five': 26, 'six': 28, 'seven': 27, 'eight': 29, 'nine': 29, 'ten': 28, 'eleven': 29, 'twelve': 30, 'thirteen': 27, 'fourteen': 27, 'fifteen': 29, 'sixteen': 30}",-0.0760959999999997
1171,"{'one': 28, 'two': 26, 'three': 27, 'four': 28, 'five': 30, 'six': 29, 'seven': 29, 'eight': 27, 'nine': 30, 'ten': 29, 'eleven': 30, 'twelve': 28, 'thirteen': 28, 'fourteen': 26, 'fifteen': 27, 'sixteen': 30}",-0.114792000000001
1172,"{'one': 29, 'two': 30, 'three': 28, 'four': 27, 'five': 29, 'six': 30, 'seven': 29, 'eight': 26, 'nine': 26, 'ten': 29, 'eleven': 27, 'twelve': 28, 'thirteen': 26, 'fourteen': 30, 'fifteen': 27, 'sixteen': 27}",0.601283999999999
1173,"{'one': 26, 'two': 30, 'three': 26, 'four': 29, 'five': 29, 'six': 28, 'seven': 27, 'eight': 27, 'nine': 26, 'ten': 27, 'eleven': 30, 'twelve': 27, 'thirteen': 29, 'fourteen': 28, 'fifteen': 29, 'sixteen': 30}",-0.0673010000000076
1175,"{'one': 29, 'two': 27, 'three': 26, 'four': 29, 'five': 29, 'six': 29, 'seven': 27, 'eight': 27, 'nine': 28, 'ten': 27, 'eleven': 29, 'twelve': 27, 'thirteen': 30, 'fourteen': 29, 'fifteen': 26, 'sixteen': 28}",0.18109900000001
1176,"{'one': 30, 'two': 26, 'three': 30, 'four': 30, 'five': 26, 'six': 29, 'seven': 29, 'eight': 27, 'nine': 29, 'ten': 29, 'eleven': 29, 'twelve': 30, 'thirteen': 28, 'fourteen': 28, 'fifteen': 27, 'sixteen': 29}",0.211929999999995
1177,"{'one': 26, 'two': 30, 'three': 28, 'four': 30, 'five': 28, 'six': 30, 'seven': 29, 'eight': 30, 'nine': 30, 'ten': 29, 'eleven': 29, 'twelve': 26, 'thirteen': 29, 'fourteen': 26, 'fifteen': 28, 'sixteen': 28}",0.0479950000000002
1178,"{'one': 28, 'two': 30, 'three': 29, 'four': 29, 'five': 28, 'six': 29, 'seven': 28, 'eight': 28, 'nine': 27, 'ten': 26, 'eleven': 28, 'twelve': 28, 'thirteen': 27, 'fourteen': 26, 'fifteen': 28, 'sixteen': 26}",-0.400281999999997
1179,"{'one': 30, 'two': 26, 'three': 27, 'four': 26, 'five': 30, 'six': 27, 'seven': 26, 'eight': 27, 'nine': 30, 'ten': 26, 'eleven': 28, 'twelve': 27, 'thirteen': 26, 'fourteen': 27, 'fifteen': 27, 'sixteen': 29}",-0.258406999999998
1180,"{'one': 26, 'two': 27, 'three': 27, 'four': 26, 'five': 28, 'six': 30, 'seven': 30, 'eight': 29, 'nine': 27, 'ten': 28, 'eleven': 26, 'twelve': 26, 'thirteen': 27, 'fourteen': 30, 'fifteen': 29, 'sixteen': 26}",0.210693999999996
1181,"{'one': 28, 'two': 28, 'three': 26, 'four': 27, 'five': 29, 'six': 28, 'seven': 29, 'eight': 27, 'nine': 26, 'ten': 27, 'eleven': 27, 'twelve': 30, 'thirteen': 26, 'fourteen': 29, 'fifteen': 28, 'sixteen': 28}",0.184353999999991
1182,"{'one': 26, 'two': 30, 'three': 28, 'four': 30, 'five': 28, 'six': 26, 'seven': 29, 'eight': 28, 'nine': 30, 'ten': 29, 'eleven': 28, 'twelve': 26, 'thirteen': 29, 'fourteen': 27, 'fifteen': 26, 'sixteen': 30}",0.266449000000001
1185,"{'one': 26, 'two': 30, 'three': 27, 'four': 30, 'five': 30, 'six': 30, 'seven': 27, 'eight': 30, 'nine': 27, 'ten': 30, 'eleven': 26, 'twelve': 30, 'thirteen': 30, 'fourteen': 26, 'fifteen': 29, 'sixteen': 29}",0.0036509999999978
1186,"{'one': 30, 'two': 29, 'three': 30, 'four': 26, 'five': 28, 'six': 29, 'seven': 29, 'eight': 28, 'nine': 29, 'ten': 29, 'eleven': 27, 'twelve': 29, 'thirteen': 27, 'fourteen': 27, 'fifteen': 26, 'sixteen': 29}",0.198531999999993
1187,"{'one': 28, 'two': 27, 'three': 28, 'four': 30, 'five': 28, 'six': 27, 'seven': 27, 'eight': 26, 'nine': 28, 'ten': 27, 'eleven': 30, 'twelve': 28, 'thirteen': 28, 'fourteen': 29, 'fifteen': 26, 'sixteen': 28}",0.13889799999999
1188,"{'one': 28, 'two': 29, 'three': 28, 'four': 28, 'five': 28, 'six': 30, 'seven': 27, 'eight': 29, 'nine': 27, 'ten': 26, 'eleven': 26, 'twelve': 28, 'thirteen': 27, 'fourteen': 26, 'fifteen': 30, 'sixteen': 29}",-0.418169999999996
1189,"{'one': 30, 'two': 27, 'three': 26, 'four': 30, 'five': 29, 'six': 30, 'seven': 28, 'eight': 28, 'nine': 27, 'ten': 29, 'eleven': 29, 'twelve': 27, 'thirteen': 30, 'fourteen': 26, 'fifteen': 30, 'sixteen': 28}",-0.104717999999998
1190,"{'one': 30, 'two': 27, 'three': 30, 'four': 28, 'five': 29, 'six': 27, 'seven': 30, 'eight': 29, 'nine': 30, 'ten': 28, 'eleven': 29, 'twelve': 27, 'thirteen': 27, 'fourteen': 30, 'fifteen': 29, 'sixteen': 30}",0.0282029999999977
1191,"{'one': 27, 'two': 29, 'three': 30, 'four': 27, 'five': 30, 'six': 28, 'seven': 26, 'eight': 28, 'nine': 28, 'ten': 26, 'eleven': 26, 'twelve': 30, 'thirteen': 26, 'fourteen': 30, 'fifteen': 28, 'sixteen': 26}",0.0503679999999988
1192,"{'one': 30, 'two': 27, 'three': 30, 'four': 29, 'five': 27, 'six': 26, 'seven': 27, 'eight': 29, 'nine': 27, 'ten': 28, 'eleven': 26, 'twelve': 26, 'thirteen': 30, 'fourteen': 30, 'fifteen': 26, 'sixteen': 28}",0.153186000000012
1193,"{'one': 28, 'two': 29, 'three': 28, 'four': 30, 'five': 30, 'six': 26, 'seven': 28, 'eight': 27, 'nine': 28, 'ten': 29, 'eleven': 30, 'twelve': 28, 'thirteen': 30, 'fourteen': 30, 'fifteen': 29, 'sixteen': 28}",0.253116999999996
1194,"{'one': 26, 'two': 27, 'three': 26, 'four': 26, 'five': 26, 'six': 30, 'seven': 29, 'eight': 30, 'nine': 26, 'ten': 28, 'eleven': 30, 'twelve': 30, 'thirteen': 29, 'fourteen': 30, 'fifteen': 30, 'sixteen': 26}",0.0821229999999886
1196,"{'one': 26, 'two': 30, 'three': 27, 'four': 27, 'five': 28, 'six': 26, 'seven': 28, 'eight': 29, 'nine': 27, 'ten': 28, 'eleven': 28, 'twelve': 26, 'thirteen': 28, 'fourteen': 29, 'fifteen': 26, 'sixteen': 26}",0.421056999999997
1197,"{'one': 29, 'two': 26, 'three': 28, 'four': 28, 'five': 30, 'six': 30, 'seven': 26, 'eight': 29, 'nine': 29, 'ten': 29, 'eleven': 26, 'twelve': 29, 'thirteen': 30, 'fourteen': 26, 'fifteen': 29, 'sixteen': 28}",0.0325459999999893
1198,"{'one': 28, 'two': 30, 'three': 29, 'four': 27, 'five': 28, 'six': 28, 'seven': 29, 'eight': 29, 'nine': 29, 'ten': 26, 'eleven': 29, 'twelve': 30, 'thirteen': 29, 'fourteen': 26, 'fifteen': 30, 'sixteen': 29}",-0.610219999999998
1199,"{'one': 30, 'two': 27, 'three': 28, 'four': 27, 'five': 26, 'six': 30, 'seven': 30, 'eight': 30, 'nine': 30, 'ten': 29, 'eleven': 27, 'twelve': 26, 'thirteen': 26, 'fourteen': 27, 'fifteen': 27, 'sixteen': 26}",0.115899000000005
1200,"{'one': 26, 'two': 29, 'three': 26, 'four': 28, 'five': 26, 'six': 29, 'seven': 30, 'eight': 29, 'nine': 26, 'ten': 30, 'eleven': 27, 'twelve': 28, 'thirteen': 27, 'fourteen': 28, 'fifteen': 30, 'sixteen': 28}",0.340351000000005
1202,"{'one': 28, 'two': 30, 'three': 27, 'four': 28, 'five': 30, 'six': 28, 'seven': 27, 'eight': 26, 'nine': 28, 'ten': 28, 'eleven': 27, 'twelve': 30, 'thirteen': 30, 'fourteen': 30, 'fifteen': 30, 'sixteen': 30}",0.131035000000004
1204,"{'one': 27, 'two': 26, 'three': 28, 'four': 27, 'five': 30, 'six': 28, 'seven': 28, 'eight': 26, 'nine': 29, 'ten': 27, 'eleven': 29, 'twelve': 26, 'thirteen': 26, 'fourteen': 30, 'fifteen': 30, 'sixteen': 27}",0.128597999999989
1205,"{'one': 28, 'two': 29, 'three': 28, 'four': 29, 'five': 30, 'six': 28, 'seven': 26, 'eight': 29, 'nine': 26, 'ten': 26, 'eleven': 29, 'twelve': 30, 'thirteen': 26, 'fourteen': 30, 'fifteen': 27, 'sixteen': 27}",0.0363419999999976
1206,"{'one': 29, 'two': 26, 'three': 27, 'four': 28, 'five': 26, 'six': 30, 'seven': 29, 'eight': 26, 'nine': 28, 'ten': 29, 'eleven': 27, 'twelve': 26, 'thirteen': 29, 'fourteen': 30, 'fifteen': 30, 'sixteen': 30}",0.286295000000002
1207,"{'one': 28, 'two': 27, 'three': 30, 'four': 26, 'five': 26, 'six': 27, 'seven': 30, 'eight': 27, 'nine': 26, 'ten': 26, 'eleven': 28, 'twelve': 30, 'thirteen': 26, 'fourteen': 29, 'fifteen': 30, 'sixteen': 26}",0.0375790000000009
1208,"{'one': 28, 'two': 26, 'three': 30, 'four': 29, 'five': 30, 'six': 29, 'seven': 28, 'eight': 27, 'nine': 26, 'ten': 29, 'eleven': 29, 'twelve': 29, 'thirteen': 26, 'fourteen': 30, 'fifteen': 27, 'sixteen': 27}",0.480993000000005
1209,"{'one': 27, 'two': 30, 'three': 29, 'four': 30, 'five': 27, 'six': 28, 'seven': 27, 'eight': 28, 'nine': 30, 'ten': 30, 'eleven': 29, 'twelve': 27, 'thirteen': 26, 'fourteen': 27, 'fifteen': 30, 'sixteen': 26}",0.0070449999999979
1210,"{'one': 28, 'two': 30, 'three': 30, 'four': 29, 'five': 30, 'six': 26, 'seven': 29, 'eight': 27, 'nine': 28, 'ten': 28, 'eleven': 29, 'twelve': 26, 'thirteen': 27, 'fourteen': 30, 'fifteen': 30, 'sixteen': 27}",0.185250000000003
1211,"{'one': 30, 'two': 29, 'three': 26, 'four': 28, 'five': 29, 'six': 28, 'seven': 28, 'eight': 29, 'nine': 27, 'ten': 30, 'eleven': 28, 'twelve': 29, 'thirteen': 29, 'fourteen': 28, 'fifteen': 26, 'sixteen': 26}",0.199315000000005
1212,"{'one': 27, 'two': 28, 'three': 29, 'four': 30, 'five': 28, 'six': 29, 'seven': 28, 'eight': 29, 'nine': 30, 'ten': 27, 'eleven': 28, 'twelve': 27, 'thirteen': 28, 'fourteen': 29, 'fifteen': 30, 'sixteen': 30}",0.119160999999998
1213,"{'one': 27, 'two': 30, 'three': 26, 'four': 26, 'five': 28, 'six': 30, 'seven': 26, 'eight': 27, 'nine': 28, 'ten': 28, 'eleven': 30, 'twelve': 30, 'thirteen': 29, 'fourteen': 27, 'fifteen': 30, 'sixteen': 27}",0.0227859999999893
1214,"{'one': 28, 'two': 26, 'three': 26, 'four': 27, 'five': 26, 'six': 27, 'seven': 27, 'eight': 30, 'nine': 29, 'ten': 29, 'eleven': 29, 'twelve': 30, 'thirteen': 29, 'fourteen': 26, 'fifteen': 29, 'sixteen': 26}",-0.0330319999999986
1215,"{'one': 29, 'two': 29, 'three': 27, 'four': 26, 'five': 26, 'six': 27, 'seven': 29, 'eight': 28, 'nine': 29, 'ten': 27, 'eleven': 26, 'twelve': 29, 'thirteen': 30, 'fourteen': 28, 'fifteen': 29, 'sixteen': 27}",-0.114110000000003
1217,"{'one': 29, 'two': 30, 'three': 26, 'four': 29, 'five': 30, 'six': 27, 'seven': 29, 'eight': 28, 'nine': 27, 'ten': 30, 'eleven': 29, 'twelve': 27, 'thirteen': 29, 'fourteen': 27, 'fifteen': 28, 'sixteen': 29}",0.22626300000001
1218,"{'one': 30, 'two': 27, 'three': 30, 'four': 30, 'five': 28, 'six': 26, 'seven': 26, 'eight': 30, 'nine': 28, 'ten': 29, 'eleven': 29, 'twelve': 29, 'thirteen': 29, 'fourteen': 27, 'fifteen': 26, 'sixteen': 30}",0.182806999999996
1219,"{'one': 28, 'two': 27, 'three': 30, 'four': 27, 'five': 26, 'six': 27, 'seven': 26, 'eight': 29, 'nine': 27, 'ten': 26, 'eleven': 29, 'twelve': 30, 'thirteen': 29, 'fourteen': 30, 'fifteen': 29, 'sixteen': 28}",0.0351410000000029
1220,"{'one': 30, 'two': 27, 'three': 29, 'four': 27, 'five': 28, 'six': 26, 'seven': 28, 'eight': 26, 'nine': 26, 'ten': 30, 'eleven': 26, 'twelve': 30, 'thirteen': 29, 'fourteen': 27, 'fifteen': 26, 'sixteen': 29}",0.179365999999994
1221,"{'one': 26, 'two': 28, 'three': 30, 'four': 29, 'five': 26, 'six': 26, 'seven': 28, 'eight': 29, 'nine': 28, 'ten': 29, 'eleven': 30, 'twelve': 30, 'thirteen': 26, 'fourteen': 30, 'fifteen': 29, 'sixteen': 27}",0.272292
1222,"{'one': 28, 'two': 26, 'three': 26, 'four': 30, 'five': 27, 'six': 29, 'seven': 29, 'eight': 27, 'nine': 26, 'ten': 30, 'eleven': 27, 'twelve': 28, 'thirteen': 27, 'fourteen': 27, 'fifteen': 28, 'sixteen': 29}",0.0525220000000032
1223,"{'one': 30, 'two': 30, 'three': 26, 'four': 30, 'five': 29, 'six': 30, 'seven': 26, 'eight': 30, 'nine': 28, 'ten': 30, 'eleven': 26, 'twelve': 28, 'thirteen': 28, 'fourteen': 27, 'fifteen': 26, 'sixteen': 26}",0.146148000000003
1224,"{'one': 26, 'two': 27, 'three': 26, 'four': 27, 'five': 30, 'six': 29, 'seven': 29, 'eight': 30, 'nine': 27, 'ten': 29, 'eleven': 27, 'twelve': 30, 'thirteen': 27, 'fourteen': 27, 'fifteen': 29, 'sixteen': 27}",0.048989000000013
1225,"{'one': 30, 'two': 30, 'three': 29, 'four': 30, 'five': 28, 'six': 26, 'seven': 30, 'eight': 29, 'nine': 29, 'ten': 30, 'eleven': 26, 'twelve': 26, 'thirteen': 26, 'fourteen': 30, 'fifteen': 26, 'sixteen': 29}",0.509650999999998
1226,"{'one': 30, 'two': 28, 'three': 29, 'four': 30, 'five': 28, 'six': 29, 'seven': 27, 'eight': 27, 'nine': 30, 'ten': 30, 'eleven': 26, 'twelve': 27, 'thirteen': 27, 'fourteen': 30, 'fifteen': 30, 'sixteen': 28}",0.491808999999996
1227,"{'one': 28, 'two': 30, 'three': 27, 'four': 28, 'five': 29, 'six': 30, 'seven': 28, 'eight': 27, 'nine': 28, 'ten': 26, 'eleven': 28, 'twelve': 26, 'thirteen': 29, 'fourteen': 30, 'fifteen': 30, 'sixteen': 26}",-0.0587049999999962
1229,"{'one': 28, 'two': 30, 'three': 29, 'four': 26, 'five': 30, 'six': 26, 'seven': 27, 'eight': 28, 'nine': 30, 'ten': 29, 'eleven': 28, 'twelve': 28, 'thirteen': 26, 'fourteen': 27, 'fifteen': 27, 'sixteen': 29}",0.308000999999997
1230,"{'one': 27, 'two': 27, 'three': 30, 'four': 28, 'five': 28, 'six': 26, 'seven': 29, 'eight': 30, 'nine': 29, 'ten': 29, 'eleven': 27, 'twelve': 26, 'thirteen': 30, 'fourteen': 26, 'fifteen': 30, 'sixteen': 28}",-0.0783640000000005
1231,"{'one': 28, 'two': 27, 'three': 27, 'four': 27, 'five': 29, 'six': 28, 'seven': 30, 'eight': 28, 'nine': 27, 'ten': 26, 'eleven': 30, 'twelve': 27, 'thirteen': 27, 'fourteen': 29, 'fifteen': 30, 'sixteen': 29}",0.0458369999999987
1232,"{'one': 26, 'two': 26, 'three': 30, 'four': 27, 'five': 27, 'six': 26, 'seven': 29, 'eight': 27, 'nine': 26, 'ten': 29, 'eleven': 30, 'twelve': 28, 'thirteen': 26, 'fourteen': 29, 'fifteen': 30, 'sixteen': 26}",0.291370000000007
1233,"{'one': 27, 'two': 28, 'three': 28, 'four': 28, 'five': 27, 'six': 29, 'seven': 26, 'eight': 28, 'nine': 26, 'ten': 28, 'eleven': 28, 'twelve': 26, 'thirteen': 29, 'fourteen': 28, 'fifteen': 29, 'sixteen': 30}",0.126155000000004
1234,"{'one': 30, 'two': 27, 'three': 28, 'four': 27, 'five': 29, 'six': 28, 'seven': 29, 'eight': 29, 'nine': 29, 'ten': 27, 'eleven': 27, 'twelve': 27, 'thirteen': 27, 'fourteen': 28, 'fifteen': 29, 'sixteen': 29}",-0.112195000000006
1235,"{'one': 28, 'two': 29, 'three': 28, 'four': 28, 'five': 26, 'six': 27, 'seven': 28, 'eight': 26, 'nine': 26, 'ten': 28, 'eleven': 30, 'twelve': 28, 'thirteen': 26, 'fourteen': 27, 'fifteen': 27, 'sixteen': 26}",0.0661340000000123
1236,"{'one': 26, 'two': 26, 'three': 26, 'four': 27, 'five': 30, 'six': 28, 'seven': 30, 'eight': 30, 'nine': 28, 'ten': 28, 'eleven': 26, 'twelve': 29, 'thirteen': 28, 'fourteen': 26, 'fifteen': 27, 'sixteen': 28}",-0.0260239999999996
1237,"{'one': 30, 'two': 28, 'three': 29, 'four': 27, 'five': 26, 'six': 26, 'seven': 30, 'eight': 27, 'nine': 27, 'ten': 29, 'eleven': 27, 'twelve': 28, 'thirteen': 28, 'fourteen': 27, 'fifteen': 27, 'sixteen': 29}",0.262886000000001
1239,"{'one': 29, 'two': 30, 'three': 29, 'four': 30, 'five': 28, 'six': 29, 'seven': 29, 'eight': 28, 'nine': 26, 'ten': 26, 'eleven': 26, 'twelve': 29, 'thirteen': 28, 'fourteen': 30, 'fifteen': 26, 'sixteen': 30}",0.116210000000002
1240,"{'one': 28, 'two': 28, 'three': 28, 'four': 28, 'five': 27, 'six': 30, 'seven': 30, 'eight': 26, 'nine': 26, 'ten': 26, 'eleven': 27, 'twelve': 28, 'thirteen': 28, 'fourteen': 30, 'fifteen': 27, 'sixteen': 28}",0.0736629999999891
1241,"{'one': 30, 'two': 29, 'three': 30, 'four': 27, 'five': 29, 'six': 26, 'seven': 30, 'eight': 29, 'nine': 29, 'ten': 27, 'eleven': 29, 'twelve': 29, 'thirteen': 28, 'fourteen': 30, 'fifteen': 28, 'sixteen': 29}",-0.012449999999994
1242,"{'one': 28, 'two': 27, 'three': 26, 'four': 26, 'five': 27, 'six': 26, 'seven': 29, 'eight': 30, 'nine': 29, 'ten': 27, 'eleven': 30, 'twelve': 29, 'thirteen': 28, 'fourteen': 27, 'fifteen': 26, 'sixteen': 29}",-0.0243120000000018
1243,"{'one': 30, 'two': 29, 'three': 26, 'four': 30, 'five': 30, 'six': 27, 'seven': 28, 'eight': 27, 'nine': 26, 'ten': 30, 'eleven': 30, 'twelve': 28, 'thirteen': 27, 'fourteen': 30, 'fifteen': 27, 'sixteen': 26}",0.461659000000004
1244,"{'one': 26, 'two': 29, 'three': 28, 'four': 29, 'five': 27, 'six': 27, 'seven': 30, 'eight': 30, 'nine': 27, 'ten': 29, 'eleven': 29, 'twelve': 28, 'thirteen': 28, 'fourteen': 29, 'fifteen': 26, 'sixteen': 30}",0.492061999999997
1245,"{'one': 28, 'two': 26, 'three': 27, 'four': 29, 'five': 29, 'six': 26, 'seven': 29, 'eight': 27, 'nine': 29, 'ten': 27, 'eleven': 26, 'twelve': 29, 'thirteen': 26, 'fourteen': 28, 'fifteen': 27, 'sixteen': 28}",0.132784999999991
1246,"{'one': 26, 'two': 26, 'three': 28, 'four': 27, 'five': 28, 'six': 29, 'seven': 28, 'eight': 30, 'nine': 26, 'ten': 26, 'eleven': 29, 'twelve': 27, 'thirteen': 28, 'fourteen': 27, 'fifteen': 28, 'sixteen': 28}",-0.307628999999998
1248,"{'one': 27, 'two': 27, 'three': 29, 'four': 30, 'five': 26, 'six': 28, 'seven': 28, 'eight': 29, 'nine': 29, 'ten': 29, 'eleven': 30, 'twelve': 30, 'thirteen': 28, 'fourteen': 28, 'fifteen': 26, 'sixteen': 30}",0.124355999999998
1249,"{'one': 28, 'two': 26, 'three': 27, 'four': 26, 'five': 26, 'six': 30, 'seven': 30, 'eight': 29, 'nine': 28, 'ten': 29, 'eleven': 27, 'twelve': 27, 'thirteen': 30, 'fourteen': 30, 'fifteen': 30, 'sixteen': 29}",0.32607699999999
1250,"{'one': 28, 'two': 28, 'three': 28, 'four': 28, 'five': 26, 'six': 30, 'seven': 29, 'eight': 28, 'nine': 30, 'ten': 26, 'eleven': 29, 'twelve': 26, 'thirteen': 30, 'fourteen': 30, 'fifteen': 29, 'sixteen': 28}",-0.0502400000000093
1251,"{'one': 29, 'two': 29, 'three': 29, 'four': 28, 'five': 27, 'six': 26, 'seven': 26, 'eight': 26, 'nine': 29, 'ten': 28, 'eleven': 30, 'twelve': 26, 'thirteen': 26, 'fourteen': 29, 'fifteen': 30, 'sixteen': 27}",0.190633999999995
1253,"{'one': 26, 'two': 27, 'three': 27, 'four': 30, 'five': 28, 'six': 29, 'seven': 27, 'eight': 28, 'nine': 26, 'ten': 30, 'eleven': 26, 'twelve': 30, 'thirteen': 29, 'fourteen': 29, 'fifteen': 28, 'sixteen': 30}",0.325499999999998
1254,"{'one': 30, 'two': 26, 'three': 30, 'four': 26, 'five': 26, 'six': 30, 'seven': 27, 'eight': 30, 'nine': 30, 'ten': 26, 'eleven': 30, 'twelve': 29, 'thirteen': 27, 'fourteen': 29, 'fifteen': 27, 'sixteen': 29}",0.126013
1255,"{'one': 27, 'two': 27, 'three': 26, 'four': 28, 'five': 30, 'six': 27, 'seven': 27, 'eight': 30, 'nine': 28, 'ten': 26, 'eleven': 27, 'twelve': 26, 'thirteen': 26, 'fourteen': 28, 'fifteen': 30, 'sixteen': 29}",-0.166948999999995
1256,"{'one': 27, 'two': 27, 'three': 28, 'four': 28, 'five': 27, 'six': 27, 'seven': 29, 'eight': 30, 'nine': 29, 'ten': 27, 'eleven': 26, 'twelve': 26, 'thirteen': 28, 'fourteen': 26, 'fifteen': 27, 'sixteen': 28}",-0.167436000000002
1257,"{'one': 27, 'two': 29, 'three': 29, 'four': 29, 'five': 30, 'six': 28, 'seven': 27, 'eight': 27, 'nine': 29, 'ten': 29, 'eleven': 27, 'twelve': 29, 'thirteen': 29, 'fourteen': 28, 'fifteen': 30, 'sixteen': 29}",0.20894599999999
1258,"{'one': 26, 'two': 29, 'three': 28, 'four': 30, 'five': 30, 'six': 30, 'seven': 26, 'eight': 26, 'nine': 28, 'ten': 30, 'eleven': 27, 'twelve': 30, 'thirteen': 26, 'fourteen': 26, 'fifteen': 26, 'sixteen': 28}",0.0892029999999906
1259,"{'one': 28, 'two': 30, 'three': 30, 'four': 27, 'five': 29, 'six': 28, 'seven': 26, 'eight': 27, 'nine': 27, 'ten': 27, 'eleven': 29, 'twelve': 27, 'thirteen': 26, 'fourteen': 30, 'fifteen': 26, 'sixteen': 29}",0.121401999999996
1260,"{'one': 27, 'two': 27, 'three': 27, 'four': 28, 'five': 26, 'six': 28, 'seven': 29, 'eight': 26, 'nine': 30, 'ten': 28, 'eleven': 28, 'twelve': 29, 'thirteen': 29, 'fourteen': 26, 'fifteen': 26, 'sixteen': 28}",-0.187328
1261,"{'one': 30, 'two': 29, 'three': 27, 'four': 28, 'five': 28, 'six': 27, 'seven': 26, 'eight': 29, 'nine': 29, 'ten': 30, 'eleven': 27, 'twelve': 30, 'thirteen': 29, 'fourteen': 27, 'fifteen': 28, 'sixteen': 29}",0.168843000000002
1262,"{'one': 27, 'two': 27, 'three': 26, 'four': 27, 'five': 26, 'six': 29, 'seven': 29, 'eight': 27, 'nine': 30, 'ten': 29, 'eleven': 29, 'twelve': 26, 'thirteen': 28, 'fourteen': 26, 'fifteen': 26, 'sixteen': 30}",-0.156535999999995
1263,"{'one': 27, 'two': 29, 'three': 27, 'four': 29, 'five': 27, 'six': 29, 'seven': 27, 'eight': 28, 'nine': 29, 'ten': 30, 'eleven': 30, 'twelve': 30, 'thirteen': 26, 'fourteen': 28, 'fifteen': 29, 'sixteen': 30}",0.193000000000004
1264,"{'one': 29, 'two': 29, 'three': 30, 'four': 29, 'five': 30, 'six': 29, 'seven': 27, 'eight': 30, 'nine': 30, 'ten': 26, 'eleven': 28, 'twelve': 28, 'thirteen': 26, 'fourteen': 30, 'fifteen': 30, 'sixteen': 29}",0.0538840000000035
1265,"{'one': 26, 'two': 28, 'three': 29, 'four': 27, 'five': 27, 'six': 29, 'seven': 29, 'eight': 30, 'nine': 27, 'ten': 26, 'eleven': 30, 'twelve': 27, 'thirteen': 26, 'fourteen': 29, 'fifteen': 29, 'sixteen': 27}",0.084774000000003
1267,"{'one': 26, 'two': 28, 'three': 27, 'four': 26, 'five': 30, 'six': 30, 'seven': 30, 'eight': 28, 'nine': 30, 'ten': 28, 'eleven': 26, 'twelve': 26, 'thirteen': 27, 'fourteen': 29, 'fifteen': 29, 'sixteen': 26}",0.177949000000005
